ISO-10303-21;
HEADER;
/*Generated by software containing ST-Developer
 * from STEP Tools, Inc. (www.steptools.com) 
 */
/*OPTION: using custom renumber hook */
/*description */
/*implementation_level */
FILE_DESCRIPTION(('STEP AP242 Edition 2','STEP AP242 Edition 2''CAx-IF Rec.Pracs.---Representation and Presentation of Product Manufa
cturing Information (PMI)---4.0---2014-10-13','STEP AP242 Edition 2''CAx-IF Rec.Pracs.---Representation and Presentation of Product Manufa
cturing Information (PMI)---4.0---2014-10-13''CAx-IF Rec.Pracs.---3D Tessellated Geometry---0.4---2014-09-14','STEP AP242 Edition 2''CAx-IF Rec.Pracs.---Representation and Presentation of Product Manufa
cturing Information (PMI)---4.0---2014-10-13''CAx-IF Rec.Pracs.---3D Tessellated Geometry---0.4---2014-09-14''2;1','STEP AP242 Edition 2''CAx-IF Rec.Pracs.---Representation and Presentation of Product Manufa
cturing Information (PMI)---4.0---2014-10-13''CAx-IF Rec.Pracs.---3D Tessellated Geometry---0.4---2014-09-14''2;1''CAx-IF Rec.Pracs.---User Defined Attributes---1.5---2016-08-15'),'2;1');
/*name */
/*time_stamp */
/*author */
/*organization */
/*preprocessor_version */
/*originating_system */
/*authorisation */
FILE_NAME('/vol/tmp/translate-7289507298259063357/Part Studio 1.step','2026-03-16T02:32:59',(''),(''),'ST-DEVELOPER v20','ONSHAPE BY PTC INC, 1.212','  ');
FILE_SCHEMA(('AP242_MANAGED_MODEL_BASED_3D_ENGINEERING_MIM_LF { 1 0 10303 442 3 1 4 }'));
ENDSEC;
DATA;
#10=CIRCLE('',#4439,0.00125044991672681);
#11=CIRCLE('',#4440,0.00125044991672681);
#12=CIRCLE('',#4445,0.00125044991672681);
#13=CIRCLE('',#4446,0.00125044991672681);
#14=CIRCLE('',#4452,0.00125044991672681);
#15=CIRCLE('',#4453,0.00125044991672681);
#16=CIRCLE('',#4457,0.00125044991672681);
#17=CIRCLE('',#4458,0.00125044991672681);
#18=CIRCLE('',#4463,0.00125044991672681);
#19=CIRCLE('',#4464,0.00125044991672681);
#20=CIRCLE('',#4467,0.00125044991672681);
#21=CIRCLE('',#4468,0.00125044991672681);
#22=CIRCLE('',#4472,0.00125044991672681);
#23=CIRCLE('',#4473,0.00125044991672681);
#24=CIRCLE('',#4476,0.00125044991672681);
#25=CIRCLE('',#4477,0.00125044991672681);
#26=CIRCLE('',#4481,0.00125044991672681);
#27=CIRCLE('',#4482,0.00125044991672681);
#28=CIRCLE('',#4485,0.00125044991672681);
#29=CIRCLE('',#4486,0.00125044991672681);
#30=CIRCLE('',#4490,0.00125044991672681);
#31=CIRCLE('',#4491,0.00125044991672681);
#32=CIRCLE('',#4494,0.00125044991672681);
#33=CIRCLE('',#4495,0.00125044991672681);
#34=CYLINDRICAL_SURFACE('',#4438,0.00125044991672681);
#35=CYLINDRICAL_SURFACE('',#4444,0.00125044991672681);
#36=CYLINDRICAL_SURFACE('',#4451,0.00125044991672681);
#37=CYLINDRICAL_SURFACE('',#4456,0.00125044991672681);
#38=CYLINDRICAL_SURFACE('',#4462,0.00125044991672681);
#39=CYLINDRICAL_SURFACE('',#4466,0.00125044991672681);
#40=CYLINDRICAL_SURFACE('',#4471,0.00125044991672681);
#41=CYLINDRICAL_SURFACE('',#4475,0.00125044991672681);
#42=CYLINDRICAL_SURFACE('',#4480,0.00125044991672681);
#43=CYLINDRICAL_SURFACE('',#4484,0.00125044991672681);
#44=CYLINDRICAL_SURFACE('',#4489,0.00125044991672681);
#45=CYLINDRICAL_SURFACE('',#4493,0.00125044991672681);
#46=B_SPLINE_CURVE_WITH_KNOTS('',2,(#5850,#5851,#5852),.UNSPECIFIED.,.F.,.F.,(3,3),(0.,1.),.PIECEWISE_BEZIER_KNOTS.);
#47=B_SPLINE_CURVE_WITH_KNOTS('',2,(#5856,#5857,#5858),.UNSPECIFIED.,.F.,.F.,(3,3),(0.,1.),.UNSPECIFIED.);
#48=B_SPLINE_CURVE_WITH_KNOTS('',2,(#5867,#5868,#5869),.UNSPECIFIED.,.F.,.F.,(3,3),(0.,1.),.PIECEWISE_BEZIER_KNOTS.);
#49=B_SPLINE_CURVE_WITH_KNOTS('',2,(#5873,#5874,#5875),.UNSPECIFIED.,.F.,.F.,(3,3),(0.,1.),.UNSPECIFIED.);
#50=B_SPLINE_CURVE_WITH_KNOTS('',2,(#5884,#5885,#5886),.UNSPECIFIED.,.F.,.F.,(3,3),(0.,1.),.PIECEWISE_BEZIER_KNOTS.);
#51=B_SPLINE_CURVE_WITH_KNOTS('',2,(#5890,#5891,#5892),.UNSPECIFIED.,.F.,.F.,(3,3),(0.,1.),.UNSPECIFIED.);
#52=B_SPLINE_CURVE_WITH_KNOTS('',2,(#5901,#5902,#5903),.UNSPECIFIED.,.F.,.F.,(3,3),(0.,1.),.PIECEWISE_BEZIER_KNOTS.);
#53=B_SPLINE_CURVE_WITH_KNOTS('',2,(#5907,#5908,#5909),.UNSPECIFIED.,.F.,.F.,(3,3),(0.,1.),.UNSPECIFIED.);
#54=B_SPLINE_CURVE_WITH_KNOTS('',2,(#5918,#5919,#5920),.UNSPECIFIED.,.F.,.F.,(3,3),(0.,1.),.PIECEWISE_BEZIER_KNOTS.);
#55=B_SPLINE_CURVE_WITH_KNOTS('',2,(#5924,#5925,#5926),.UNSPECIFIED.,.F.,.F.,(3,3),(0.,1.),.UNSPECIFIED.);
#56=B_SPLINE_CURVE_WITH_KNOTS('',2,(#5935,#5936,#5937),.UNSPECIFIED.,.F.,.F.,(3,3),(0.,1.),.PIECEWISE_BEZIER_KNOTS.);
#57=B_SPLINE_CURVE_WITH_KNOTS('',2,(#5941,#5942,#5943),.UNSPECIFIED.,.F.,.F.,(3,3),(0.,1.),.UNSPECIFIED.);
#58=B_SPLINE_CURVE_WITH_KNOTS('',2,(#5952,#5953,#5954),.UNSPECIFIED.,.F.,.F.,(3,3),(0.,1.),.PIECEWISE_BEZIER_KNOTS.);
#59=B_SPLINE_CURVE_WITH_KNOTS('',2,(#5955,#5956,#5957),.UNSPECIFIED.,.F.,.F.,(3,3),(0.,1.),.UNSPECIFIED.);
#60=B_SPLINE_CURVE_WITH_KNOTS('',2,(#5976,#5977,#5978),.UNSPECIFIED.,.F.,.F.,(3,3),(0.,1.),.PIECEWISE_BEZIER_KNOTS.);
#61=B_SPLINE_CURVE_WITH_KNOTS('',2,(#5982,#5983,#5984),.UNSPECIFIED.,.F.,.F.,(3,3),(0.,1.),.UNSPECIFIED.);
#62=B_SPLINE_CURVE_WITH_KNOTS('',2,(#5993,#5994,#5995),.UNSPECIFIED.,.F.,.F.,(3,3),(0.,1.),.PIECEWISE_BEZIER_KNOTS.);
#63=B_SPLINE_CURVE_WITH_KNOTS('',2,(#5999,#6000,#6001),.UNSPECIFIED.,.F.,.F.,(3,3),(0.,1.),.UNSPECIFIED.);
#64=B_SPLINE_CURVE_WITH_KNOTS('',2,(#6010,#6011,#6012),.UNSPECIFIED.,.F.,.F.,(3,3),(0.,1.),.PIECEWISE_BEZIER_KNOTS.);
#65=B_SPLINE_CURVE_WITH_KNOTS('',2,(#6016,#6017,#6018),.UNSPECIFIED.,.F.,.F.,(3,3),(0.,1.),.UNSPECIFIED.);
#66=B_SPLINE_CURVE_WITH_KNOTS('',2,(#6027,#6028,#6029),.UNSPECIFIED.,.F.,.F.,(3,3),(0.,1.),.PIECEWISE_BEZIER_KNOTS.);
#67=B_SPLINE_CURVE_WITH_KNOTS('',2,(#6033,#6034,#6035),.UNSPECIFIED.,.F.,.F.,(3,3),(0.,1.),.UNSPECIFIED.);
#68=B_SPLINE_CURVE_WITH_KNOTS('',2,(#6083,#6084,#6085),.UNSPECIFIED.,.F.,.F.,(3,3),(0.,1.),.PIECEWISE_BEZIER_KNOTS.);
#69=B_SPLINE_CURVE_WITH_KNOTS('',2,(#6089,#6090,#6091),.UNSPECIFIED.,.F.,.F.,(3,3),(0.,1.),.UNSPECIFIED.);
#70=B_SPLINE_CURVE_WITH_KNOTS('',2,(#6100,#6101,#6102),.UNSPECIFIED.,.F.,.F.,(3,3),(0.,1.),.PIECEWISE_BEZIER_KNOTS.);
#71=B_SPLINE_CURVE_WITH_KNOTS('',2,(#6106,#6107,#6108),.UNSPECIFIED.,.F.,.F.,(3,3),(0.,1.),.UNSPECIFIED.);
#72=B_SPLINE_CURVE_WITH_KNOTS('',2,(#6120,#6121,#6122),.UNSPECIFIED.,.F.,.F.,(3,3),(0.,1.),.PIECEWISE_BEZIER_KNOTS.);
#73=B_SPLINE_CURVE_WITH_KNOTS('',2,(#6123,#6124,#6125),.UNSPECIFIED.,.F.,.F.,(3,3),(0.,1.),.UNSPECIFIED.);
#74=B_SPLINE_SURFACE_WITH_KNOTS('',3,1,((#5839,#5840),(#5841,#5842),(#5843,
#5844),(#5845,#5846)),.SURF_OF_LINEAR_EXTRUSION.,.F.,.F.,.F.,(4,4),(2,2),(0.,1.),(0.,1.),.PIECEWISE_BEZIER_KNOTS.);
#75=B_SPLINE_SURFACE_WITH_KNOTS('',3,1,((#5859,#5860),(#5861,#5862),(#5863,
#5864),(#5865,#5866)),.SURF_OF_LINEAR_EXTRUSION.,.F.,.F.,.F.,(4,4),(2,2),(0.,1.),(0.,1.),.PIECEWISE_BEZIER_KNOTS.);
#76=B_SPLINE_SURFACE_WITH_KNOTS('',3,1,((#5876,#5877),(#5878,#5879),(#5880,
#5881),(#5882,#5883)),.SURF_OF_LINEAR_EXTRUSION.,.F.,.F.,.F.,(4,4),(2,2),(0.,1.),(0.,1.),.PIECEWISE_BEZIER_KNOTS.);
#77=B_SPLINE_SURFACE_WITH_KNOTS('',3,1,((#5893,#5894),(#5895,#5896),(#5897,
#5898),(#5899,#5900)),.SURF_OF_LINEAR_EXTRUSION.,.F.,.F.,.F.,(4,4),(2,2),(0.,1.),(0.,1.),.PIECEWISE_BEZIER_KNOTS.);
#78=B_SPLINE_SURFACE_WITH_KNOTS('',3,1,((#5910,#5911),(#5912,#5913),(#5914,
#5915),(#5916,#5917)),.SURF_OF_LINEAR_EXTRUSION.,.F.,.F.,.F.,(4,4),(2,2),(0.,1.),(0.,1.),.PIECEWISE_BEZIER_KNOTS.);
#79=B_SPLINE_SURFACE_WITH_KNOTS('',3,1,((#5927,#5928),(#5929,#5930),(#5931,
#5932),(#5933,#5934)),.SURF_OF_LINEAR_EXTRUSION.,.F.,.F.,.F.,(4,4),(2,2),(0.,1.),(0.,1.),.PIECEWISE_BEZIER_KNOTS.);
#80=B_SPLINE_SURFACE_WITH_KNOTS('',3,1,((#5944,#5945),(#5946,#5947),(#5948,
#5949),(#5950,#5951)),.SURF_OF_LINEAR_EXTRUSION.,.F.,.F.,.F.,(4,4),(2,2),(0.,1.),(0.,1.),.PIECEWISE_BEZIER_KNOTS.);
#81=B_SPLINE_SURFACE_WITH_KNOTS('',3,1,((#5968,#5969),(#5970,#5971),(#5972,
#5973),(#5974,#5975)),.SURF_OF_LINEAR_EXTRUSION.,.F.,.F.,.F.,(4,4),(2,2),(0.,1.),(0.,1.),.PIECEWISE_BEZIER_KNOTS.);
#82=B_SPLINE_SURFACE_WITH_KNOTS('',3,1,((#5985,#5986),(#5987,#5988),(#5989,
#5990),(#5991,#5992)),.SURF_OF_LINEAR_EXTRUSION.,.F.,.F.,.F.,(4,4),(2,2),(0.,1.),(0.,1.),.PIECEWISE_BEZIER_KNOTS.);
#83=B_SPLINE_SURFACE_WITH_KNOTS('',3,1,((#6002,#6003),(#6004,#6005),(#6006,
#6007),(#6008,#6009)),.SURF_OF_LINEAR_EXTRUSION.,.F.,.F.,.F.,(4,4),(2,2),(0.,1.),(0.,1.),.PIECEWISE_BEZIER_KNOTS.);
#84=B_SPLINE_SURFACE_WITH_KNOTS('',3,1,((#6019,#6020),(#6021,#6022),(#6023,
#6024),(#6025,#6026)),.SURF_OF_LINEAR_EXTRUSION.,.F.,.F.,.F.,(4,4),(2,2),(0.,1.),(0.,1.),.PIECEWISE_BEZIER_KNOTS.);
#85=B_SPLINE_SURFACE_WITH_KNOTS('',3,1,((#6075,#6076),(#6077,#6078),(#6079,
#6080),(#6081,#6082)),.SURF_OF_LINEAR_EXTRUSION.,.F.,.F.,.F.,(4,4),(2,2),(0.,1.),(0.,1.),.PIECEWISE_BEZIER_KNOTS.);
#86=B_SPLINE_SURFACE_WITH_KNOTS('',3,1,((#6092,#6093),(#6094,#6095),(#6096,
#6097),(#6098,#6099)),.SURF_OF_LINEAR_EXTRUSION.,.F.,.F.,.F.,(4,4),(2,2),(0.,1.),(0.,1.),.PIECEWISE_BEZIER_KNOTS.);
#87=B_SPLINE_SURFACE_WITH_KNOTS('',3,1,((#6112,#6113),(#6114,#6115),(#6116,
#6117),(#6118,#6119)),.SURF_OF_LINEAR_EXTRUSION.,.F.,.F.,.F.,(4,4),(2,2),(0.,1.),(0.,1.),.PIECEWISE_BEZIER_KNOTS.);
#88=SHAPE_REPRESENTATION_RELATIONSHIP('','',#4292,#91);
#89=SHAPE_REPRESENTATION_RELATIONSHIP('','',#4293,#92);
#90=SHAPE_REPRESENTATION_RELATIONSHIP('','',#4294,#93);
#91=ADVANCED_BREP_SHAPE_REPRESENTATION('',(#4286),#6922);
#92=ADVANCED_BREP_SHAPE_REPRESENTATION('',(#4287),#6923);
#93=ADVANCED_BREP_SHAPE_REPRESENTATION('',(#4288),#6924);
#94=ORIENTED_EDGE('',*,*,#1270,.F.);
#95=ORIENTED_EDGE('',*,*,#1271,.T.);
#96=ORIENTED_EDGE('',*,*,#1272,.T.);
#97=ORIENTED_EDGE('',*,*,#1273,.F.);
#98=ORIENTED_EDGE('',*,*,#1272,.F.);
#99=ORIENTED_EDGE('',*,*,#1274,.T.);
#100=ORIENTED_EDGE('',*,*,#1275,.T.);
#101=ORIENTED_EDGE('',*,*,#1276,.F.);
#102=ORIENTED_EDGE('',*,*,#1275,.F.);
#103=ORIENTED_EDGE('',*,*,#1277,.T.);
#104=ORIENTED_EDGE('',*,*,#1278,.T.);
#105=ORIENTED_EDGE('',*,*,#1279,.F.);
#106=ORIENTED_EDGE('',*,*,#1278,.F.);
#107=ORIENTED_EDGE('',*,*,#1280,.F.);
#108=ORIENTED_EDGE('',*,*,#1281,.T.);
#109=ORIENTED_EDGE('',*,*,#1282,.T.);
#110=ORIENTED_EDGE('',*,*,#1281,.F.);
#111=ORIENTED_EDGE('',*,*,#1283,.T.);
#112=ORIENTED_EDGE('',*,*,#1284,.T.);
#113=ORIENTED_EDGE('',*,*,#1285,.F.);
#114=ORIENTED_EDGE('',*,*,#1284,.F.);
#115=ORIENTED_EDGE('',*,*,#1286,.F.);
#116=ORIENTED_EDGE('',*,*,#1287,.T.);
#117=ORIENTED_EDGE('',*,*,#1288,.T.);
#118=ORIENTED_EDGE('',*,*,#1287,.F.);
#119=ORIENTED_EDGE('',*,*,#1289,.F.);
#120=ORIENTED_EDGE('',*,*,#1290,.T.);
#121=ORIENTED_EDGE('',*,*,#1291,.T.);
#122=ORIENTED_EDGE('',*,*,#1290,.F.);
#123=ORIENTED_EDGE('',*,*,#1292,.F.);
#124=ORIENTED_EDGE('',*,*,#1293,.T.);
#125=ORIENTED_EDGE('',*,*,#1294,.T.);
#126=ORIENTED_EDGE('',*,*,#1293,.F.);
#127=ORIENTED_EDGE('',*,*,#1295,.T.);
#128=ORIENTED_EDGE('',*,*,#1296,.T.);
#129=ORIENTED_EDGE('',*,*,#1297,.F.);
#130=ORIENTED_EDGE('',*,*,#1296,.F.);
#131=ORIENTED_EDGE('',*,*,#1298,.F.);
#132=ORIENTED_EDGE('',*,*,#1299,.T.);
#133=ORIENTED_EDGE('',*,*,#1300,.T.);
#134=ORIENTED_EDGE('',*,*,#1301,.F.);
#135=ORIENTED_EDGE('',*,*,#1302,.F.);
#136=ORIENTED_EDGE('',*,*,#1303,.T.);
#137=ORIENTED_EDGE('',*,*,#1304,.T.);
#138=ORIENTED_EDGE('',*,*,#1303,.F.);
#139=ORIENTED_EDGE('',*,*,#1305,.F.);
#140=ORIENTED_EDGE('',*,*,#1306,.T.);
#141=ORIENTED_EDGE('',*,*,#1307,.T.);
#142=ORIENTED_EDGE('',*,*,#1308,.T.);
#143=ORIENTED_EDGE('',*,*,#1301,.T.);
#144=ORIENTED_EDGE('',*,*,#1309,.F.);
#145=ORIENTED_EDGE('',*,*,#1306,.F.);
#146=ORIENTED_EDGE('',*,*,#1310,.T.);
#147=ORIENTED_EDGE('',*,*,#1270,.T.);
#148=ORIENTED_EDGE('',*,*,#1311,.F.);
#149=ORIENTED_EDGE('',*,*,#1299,.F.);
#150=ORIENTED_EDGE('',*,*,#1307,.F.);
#151=ORIENTED_EDGE('',*,*,#1309,.T.);
#152=ORIENTED_EDGE('',*,*,#1304,.F.);
#153=ORIENTED_EDGE('',*,*,#1300,.F.);
#154=ORIENTED_EDGE('',*,*,#1311,.T.);
#155=ORIENTED_EDGE('',*,*,#1273,.T.);
#156=ORIENTED_EDGE('',*,*,#1276,.T.);
#157=ORIENTED_EDGE('',*,*,#1279,.T.);
#158=ORIENTED_EDGE('',*,*,#1282,.F.);
#159=ORIENTED_EDGE('',*,*,#1285,.T.);
#160=ORIENTED_EDGE('',*,*,#1288,.F.);
#161=ORIENTED_EDGE('',*,*,#1291,.F.);
#162=ORIENTED_EDGE('',*,*,#1294,.F.);
#163=ORIENTED_EDGE('',*,*,#1297,.T.);
#164=ORIENTED_EDGE('',*,*,#1312,.T.);
#165=ORIENTED_EDGE('',*,*,#1313,.T.);
#166=ORIENTED_EDGE('',*,*,#1314,.T.);
#167=ORIENTED_EDGE('',*,*,#1315,.T.);
#168=ORIENTED_EDGE('',*,*,#1316,.T.);
#169=ORIENTED_EDGE('',*,*,#1317,.T.);
#170=ORIENTED_EDGE('',*,*,#1318,.T.);
#171=ORIENTED_EDGE('',*,*,#1319,.T.);
#172=ORIENTED_EDGE('',*,*,#1320,.T.);
#173=ORIENTED_EDGE('',*,*,#1321,.T.);
#174=ORIENTED_EDGE('',*,*,#1322,.T.);
#175=ORIENTED_EDGE('',*,*,#1323,.T.);
#176=ORIENTED_EDGE('',*,*,#1324,.F.);
#177=ORIENTED_EDGE('',*,*,#1325,.F.);
#178=ORIENTED_EDGE('',*,*,#1326,.F.);
#179=ORIENTED_EDGE('',*,*,#1327,.F.);
#180=ORIENTED_EDGE('',*,*,#1328,.F.);
#181=ORIENTED_EDGE('',*,*,#1329,.F.);
#182=ORIENTED_EDGE('',*,*,#1330,.F.);
#183=ORIENTED_EDGE('',*,*,#1331,.F.);
#184=ORIENTED_EDGE('',*,*,#1332,.F.);
#185=ORIENTED_EDGE('',*,*,#1333,.F.);
#186=ORIENTED_EDGE('',*,*,#1334,.F.);
#187=ORIENTED_EDGE('',*,*,#1335,.F.);
#188=ORIENTED_EDGE('',*,*,#1336,.T.);
#189=ORIENTED_EDGE('',*,*,#1337,.T.);
#190=ORIENTED_EDGE('',*,*,#1338,.T.);
#191=ORIENTED_EDGE('',*,*,#1339,.T.);
#192=ORIENTED_EDGE('',*,*,#1340,.T.);
#193=ORIENTED_EDGE('',*,*,#1341,.T.);
#194=ORIENTED_EDGE('',*,*,#1342,.T.);
#195=ORIENTED_EDGE('',*,*,#1343,.T.);
#196=ORIENTED_EDGE('',*,*,#1344,.T.);
#197=ORIENTED_EDGE('',*,*,#1345,.T.);
#198=ORIENTED_EDGE('',*,*,#1346,.T.);
#199=ORIENTED_EDGE('',*,*,#1347,.T.);
#200=ORIENTED_EDGE('',*,*,#1348,.T.);
#201=ORIENTED_EDGE('',*,*,#1349,.F.);
#202=ORIENTED_EDGE('',*,*,#1347,.F.);
#203=ORIENTED_EDGE('',*,*,#1350,.T.);
#204=ORIENTED_EDGE('',*,*,#1314,.F.);
#205=ORIENTED_EDGE('',*,*,#1351,.F.);
#206=ORIENTED_EDGE('',*,*,#1335,.T.);
#207=ORIENTED_EDGE('',*,*,#1352,.T.);
#208=ORIENTED_EDGE('',*,*,#1315,.F.);
#209=ORIENTED_EDGE('',*,*,#1352,.F.);
#210=ORIENTED_EDGE('',*,*,#1334,.T.);
#211=ORIENTED_EDGE('',*,*,#1353,.T.);
#212=ORIENTED_EDGE('',*,*,#1316,.F.);
#213=ORIENTED_EDGE('',*,*,#1353,.F.);
#214=ORIENTED_EDGE('',*,*,#1333,.T.);
#215=ORIENTED_EDGE('',*,*,#1354,.T.);
#216=ORIENTED_EDGE('',*,*,#1317,.F.);
#217=ORIENTED_EDGE('',*,*,#1354,.F.);
#218=ORIENTED_EDGE('',*,*,#1332,.T.);
#219=ORIENTED_EDGE('',*,*,#1355,.T.);
#220=ORIENTED_EDGE('',*,*,#1318,.F.);
#221=ORIENTED_EDGE('',*,*,#1355,.F.);
#222=ORIENTED_EDGE('',*,*,#1331,.T.);
#223=ORIENTED_EDGE('',*,*,#1356,.T.);
#224=ORIENTED_EDGE('',*,*,#1319,.F.);
#225=ORIENTED_EDGE('',*,*,#1356,.F.);
#226=ORIENTED_EDGE('',*,*,#1330,.T.);
#227=ORIENTED_EDGE('',*,*,#1357,.T.);
#228=ORIENTED_EDGE('',*,*,#1320,.F.);
#229=ORIENTED_EDGE('',*,*,#1357,.F.);
#230=ORIENTED_EDGE('',*,*,#1329,.T.);
#231=ORIENTED_EDGE('',*,*,#1358,.T.);
#232=ORIENTED_EDGE('',*,*,#1321,.F.);
#233=ORIENTED_EDGE('',*,*,#1358,.F.);
#234=ORIENTED_EDGE('',*,*,#1328,.T.);
#235=ORIENTED_EDGE('',*,*,#1359,.T.);
#236=ORIENTED_EDGE('',*,*,#1322,.F.);
#237=ORIENTED_EDGE('',*,*,#1359,.F.);
#238=ORIENTED_EDGE('',*,*,#1327,.T.);
#239=ORIENTED_EDGE('',*,*,#1360,.T.);
#240=ORIENTED_EDGE('',*,*,#1323,.F.);
#241=ORIENTED_EDGE('',*,*,#1360,.F.);
#242=ORIENTED_EDGE('',*,*,#1326,.T.);
#243=ORIENTED_EDGE('',*,*,#1361,.T.);
#244=ORIENTED_EDGE('',*,*,#1312,.F.);
#245=ORIENTED_EDGE('',*,*,#1361,.F.);
#246=ORIENTED_EDGE('',*,*,#1325,.T.);
#247=ORIENTED_EDGE('',*,*,#1362,.T.);
#248=ORIENTED_EDGE('',*,*,#1313,.F.);
#249=ORIENTED_EDGE('',*,*,#1362,.F.);
#250=ORIENTED_EDGE('',*,*,#1324,.T.);
#251=ORIENTED_EDGE('',*,*,#1351,.T.);
#252=ORIENTED_EDGE('',*,*,#1363,.T.);
#253=ORIENTED_EDGE('',*,*,#1350,.F.);
#254=ORIENTED_EDGE('',*,*,#1346,.F.);
#255=ORIENTED_EDGE('',*,*,#1364,.T.);
#256=ORIENTED_EDGE('',*,*,#1365,.T.);
#257=ORIENTED_EDGE('',*,*,#1364,.F.);
#258=ORIENTED_EDGE('',*,*,#1345,.F.);
#259=ORIENTED_EDGE('',*,*,#1366,.T.);
#260=ORIENTED_EDGE('',*,*,#1367,.T.);
#261=ORIENTED_EDGE('',*,*,#1366,.F.);
#262=ORIENTED_EDGE('',*,*,#1344,.F.);
#263=ORIENTED_EDGE('',*,*,#1368,.T.);
#264=ORIENTED_EDGE('',*,*,#1369,.T.);
#265=ORIENTED_EDGE('',*,*,#1368,.F.);
#266=ORIENTED_EDGE('',*,*,#1343,.F.);
#267=ORIENTED_EDGE('',*,*,#1370,.T.);
#268=ORIENTED_EDGE('',*,*,#1371,.T.);
#269=ORIENTED_EDGE('',*,*,#1370,.F.);
#270=ORIENTED_EDGE('',*,*,#1342,.F.);
#271=ORIENTED_EDGE('',*,*,#1372,.T.);
#272=ORIENTED_EDGE('',*,*,#1373,.T.);
#273=ORIENTED_EDGE('',*,*,#1372,.F.);
#274=ORIENTED_EDGE('',*,*,#1341,.F.);
#275=ORIENTED_EDGE('',*,*,#1374,.T.);
#276=ORIENTED_EDGE('',*,*,#1375,.T.);
#277=ORIENTED_EDGE('',*,*,#1374,.F.);
#278=ORIENTED_EDGE('',*,*,#1340,.F.);
#279=ORIENTED_EDGE('',*,*,#1376,.T.);
#280=ORIENTED_EDGE('',*,*,#1377,.T.);
#281=ORIENTED_EDGE('',*,*,#1376,.F.);
#282=ORIENTED_EDGE('',*,*,#1339,.F.);
#283=ORIENTED_EDGE('',*,*,#1378,.T.);
#284=ORIENTED_EDGE('',*,*,#1379,.T.);
#285=ORIENTED_EDGE('',*,*,#1378,.F.);
#286=ORIENTED_EDGE('',*,*,#1338,.F.);
#287=ORIENTED_EDGE('',*,*,#1380,.T.);
#288=ORIENTED_EDGE('',*,*,#1381,.T.);
#289=ORIENTED_EDGE('',*,*,#1380,.F.);
#290=ORIENTED_EDGE('',*,*,#1337,.F.);
#291=ORIENTED_EDGE('',*,*,#1382,.T.);
#292=ORIENTED_EDGE('',*,*,#1383,.T.);
#293=ORIENTED_EDGE('',*,*,#1382,.F.);
#294=ORIENTED_EDGE('',*,*,#1336,.F.);
#295=ORIENTED_EDGE('',*,*,#1349,.T.);
#296=ORIENTED_EDGE('',*,*,#1384,.T.);
#297=ORIENTED_EDGE('',*,*,#1385,.T.);
#298=ORIENTED_EDGE('',*,*,#1386,.F.);
#299=ORIENTED_EDGE('',*,*,#1387,.F.);
#300=ORIENTED_EDGE('',*,*,#1388,.F.);
#301=ORIENTED_EDGE('',*,*,#1389,.F.);
#302=ORIENTED_EDGE('',*,*,#1390,.T.);
#303=ORIENTED_EDGE('',*,*,#1391,.F.);
#304=ORIENTED_EDGE('',*,*,#1387,.T.);
#305=ORIENTED_EDGE('',*,*,#1392,.F.);
#306=ORIENTED_EDGE('',*,*,#1390,.F.);
#307=ORIENTED_EDGE('',*,*,#1393,.T.);
#308=ORIENTED_EDGE('',*,*,#1394,.F.);
#309=ORIENTED_EDGE('',*,*,#1388,.T.);
#310=ORIENTED_EDGE('',*,*,#1395,.F.);
#311=ORIENTED_EDGE('',*,*,#1385,.F.);
#312=ORIENTED_EDGE('',*,*,#1396,.F.);
#313=ORIENTED_EDGE('',*,*,#1397,.T.);
#314=ORIENTED_EDGE('',*,*,#1398,.T.);
#315=ORIENTED_EDGE('',*,*,#1399,.F.);
#316=ORIENTED_EDGE('',*,*,#1400,.T.);
#317=ORIENTED_EDGE('',*,*,#1401,.T.);
#318=ORIENTED_EDGE('',*,*,#1402,.F.);
#319=ORIENTED_EDGE('',*,*,#1403,.T.);
#320=ORIENTED_EDGE('',*,*,#1391,.T.);
#321=ORIENTED_EDGE('',*,*,#1392,.T.);
#322=ORIENTED_EDGE('',*,*,#1386,.T.);
#323=ORIENTED_EDGE('',*,*,#1395,.T.);
#324=ORIENTED_EDGE('',*,*,#1404,.F.);
#325=ORIENTED_EDGE('',*,*,#1401,.F.);
#326=ORIENTED_EDGE('',*,*,#1405,.F.);
#327=ORIENTED_EDGE('',*,*,#1398,.F.);
#328=ORIENTED_EDGE('',*,*,#1397,.F.);
#329=ORIENTED_EDGE('',*,*,#1406,.F.);
#330=ORIENTED_EDGE('',*,*,#1402,.T.);
#331=ORIENTED_EDGE('',*,*,#1404,.T.);
#332=ORIENTED_EDGE('',*,*,#1407,.T.);
#333=ORIENTED_EDGE('',*,*,#1399,.T.);
#334=ORIENTED_EDGE('',*,*,#1405,.T.);
#335=ORIENTED_EDGE('',*,*,#1400,.F.);
#336=ORIENTED_EDGE('',*,*,#1310,.F.);
#337=ORIENTED_EDGE('',*,*,#1298,.T.);
#338=ORIENTED_EDGE('',*,*,#1295,.F.);
#339=ORIENTED_EDGE('',*,*,#1292,.T.);
#340=ORIENTED_EDGE('',*,*,#1289,.T.);
#341=ORIENTED_EDGE('',*,*,#1286,.T.);
#342=ORIENTED_EDGE('',*,*,#1283,.F.);
#343=ORIENTED_EDGE('',*,*,#1280,.T.);
#344=ORIENTED_EDGE('',*,*,#1277,.F.);
#345=ORIENTED_EDGE('',*,*,#1274,.F.);
#346=ORIENTED_EDGE('',*,*,#1271,.F.);
#347=ORIENTED_EDGE('',*,*,#1406,.T.);
#348=ORIENTED_EDGE('',*,*,#1396,.T.);
#349=ORIENTED_EDGE('',*,*,#1407,.F.);
#350=ORIENTED_EDGE('',*,*,#1403,.F.);
#351=ORIENTED_EDGE('',*,*,#1393,.F.);
#352=ORIENTED_EDGE('',*,*,#1389,.T.);
#353=ORIENTED_EDGE('',*,*,#1394,.T.);
#354=ORIENTED_EDGE('',*,*,#1384,.F.);
#355=ORIENTED_EDGE('',*,*,#1383,.F.);
#356=ORIENTED_EDGE('',*,*,#1348,.F.);
#357=ORIENTED_EDGE('',*,*,#1363,.F.);
#358=ORIENTED_EDGE('',*,*,#1365,.F.);
#359=ORIENTED_EDGE('',*,*,#1367,.F.);
#360=ORIENTED_EDGE('',*,*,#1369,.F.);
#361=ORIENTED_EDGE('',*,*,#1371,.F.);
#362=ORIENTED_EDGE('',*,*,#1373,.F.);
#363=ORIENTED_EDGE('',*,*,#1375,.F.);
#364=ORIENTED_EDGE('',*,*,#1377,.F.);
#365=ORIENTED_EDGE('',*,*,#1379,.F.);
#366=ORIENTED_EDGE('',*,*,#1381,.F.);
#367=ORIENTED_EDGE('',*,*,#1308,.F.);
#368=ORIENTED_EDGE('',*,*,#1305,.T.);
#369=ORIENTED_EDGE('',*,*,#1302,.T.);
#370=ORIENTED_EDGE('',*,*,#1408,.F.);
#371=ORIENTED_EDGE('',*,*,#1409,.F.);
#372=ORIENTED_EDGE('',*,*,#1410,.T.);
#373=ORIENTED_EDGE('',*,*,#1411,.T.);
#374=ORIENTED_EDGE('',*,*,#1410,.F.);
#375=ORIENTED_EDGE('',*,*,#1412,.F.);
#376=ORIENTED_EDGE('',*,*,#1413,.T.);
#377=ORIENTED_EDGE('',*,*,#1414,.T.);
#378=ORIENTED_EDGE('',*,*,#1413,.F.);
#379=ORIENTED_EDGE('',*,*,#1415,.F.);
#380=ORIENTED_EDGE('',*,*,#1416,.T.);
#381=ORIENTED_EDGE('',*,*,#1417,.T.);
#382=ORIENTED_EDGE('',*,*,#1416,.F.);
#383=ORIENTED_EDGE('',*,*,#1418,.F.);
#384=ORIENTED_EDGE('',*,*,#1419,.T.);
#385=ORIENTED_EDGE('',*,*,#1420,.T.);
#386=ORIENTED_EDGE('',*,*,#1419,.F.);
#387=ORIENTED_EDGE('',*,*,#1421,.F.);
#388=ORIENTED_EDGE('',*,*,#1422,.T.);
#389=ORIENTED_EDGE('',*,*,#1423,.T.);
#390=ORIENTED_EDGE('',*,*,#1422,.F.);
#391=ORIENTED_EDGE('',*,*,#1424,.F.);
#392=ORIENTED_EDGE('',*,*,#1425,.T.);
#393=ORIENTED_EDGE('',*,*,#1426,.T.);
#394=ORIENTED_EDGE('',*,*,#1427,.F.);
#395=ORIENTED_EDGE('',*,*,#1408,.T.);
#396=ORIENTED_EDGE('',*,*,#1428,.T.);
#397=ORIENTED_EDGE('',*,*,#1425,.F.);
#398=ORIENTED_EDGE('',*,*,#1426,.F.);
#399=ORIENTED_EDGE('',*,*,#1428,.F.);
#400=ORIENTED_EDGE('',*,*,#1411,.F.);
#401=ORIENTED_EDGE('',*,*,#1414,.F.);
#402=ORIENTED_EDGE('',*,*,#1417,.F.);
#403=ORIENTED_EDGE('',*,*,#1420,.F.);
#404=ORIENTED_EDGE('',*,*,#1423,.F.);
#405=ORIENTED_EDGE('',*,*,#1429,.F.);
#406=ORIENTED_EDGE('',*,*,#1430,.F.);
#407=ORIENTED_EDGE('',*,*,#1431,.T.);
#408=ORIENTED_EDGE('',*,*,#1432,.T.);
#409=ORIENTED_EDGE('',*,*,#1431,.F.);
#410=ORIENTED_EDGE('',*,*,#1433,.F.);
#411=ORIENTED_EDGE('',*,*,#1434,.T.);
#412=ORIENTED_EDGE('',*,*,#1435,.T.);
#413=ORIENTED_EDGE('',*,*,#1434,.F.);
#414=ORIENTED_EDGE('',*,*,#1436,.F.);
#415=ORIENTED_EDGE('',*,*,#1437,.T.);
#416=ORIENTED_EDGE('',*,*,#1438,.T.);
#417=ORIENTED_EDGE('',*,*,#1437,.F.);
#418=ORIENTED_EDGE('',*,*,#1439,.F.);
#419=ORIENTED_EDGE('',*,*,#1440,.T.);
#420=ORIENTED_EDGE('',*,*,#1441,.T.);
#421=ORIENTED_EDGE('',*,*,#1440,.F.);
#422=ORIENTED_EDGE('',*,*,#1442,.F.);
#423=ORIENTED_EDGE('',*,*,#1443,.T.);
#424=ORIENTED_EDGE('',*,*,#1444,.T.);
#425=ORIENTED_EDGE('',*,*,#1443,.F.);
#426=ORIENTED_EDGE('',*,*,#1445,.F.);
#427=ORIENTED_EDGE('',*,*,#1446,.T.);
#428=ORIENTED_EDGE('',*,*,#1447,.T.);
#429=ORIENTED_EDGE('',*,*,#1448,.F.);
#430=ORIENTED_EDGE('',*,*,#1449,.F.);
#431=ORIENTED_EDGE('',*,*,#1450,.T.);
#432=ORIENTED_EDGE('',*,*,#1451,.T.);
#433=ORIENTED_EDGE('',*,*,#1450,.F.);
#434=ORIENTED_EDGE('',*,*,#1452,.F.);
#435=ORIENTED_EDGE('',*,*,#1453,.T.);
#436=ORIENTED_EDGE('',*,*,#1454,.T.);
#437=ORIENTED_EDGE('',*,*,#1453,.F.);
#438=ORIENTED_EDGE('',*,*,#1455,.F.);
#439=ORIENTED_EDGE('',*,*,#1456,.T.);
#440=ORIENTED_EDGE('',*,*,#1457,.T.);
#441=ORIENTED_EDGE('',*,*,#1456,.F.);
#442=ORIENTED_EDGE('',*,*,#1458,.F.);
#443=ORIENTED_EDGE('',*,*,#1459,.T.);
#444=ORIENTED_EDGE('',*,*,#1460,.T.);
#445=ORIENTED_EDGE('',*,*,#1459,.F.);
#446=ORIENTED_EDGE('',*,*,#1461,.F.);
#447=ORIENTED_EDGE('',*,*,#1462,.T.);
#448=ORIENTED_EDGE('',*,*,#1463,.T.);
#449=ORIENTED_EDGE('',*,*,#1462,.F.);
#450=ORIENTED_EDGE('',*,*,#1464,.F.);
#451=ORIENTED_EDGE('',*,*,#1465,.T.);
#452=ORIENTED_EDGE('',*,*,#1466,.T.);
#453=ORIENTED_EDGE('',*,*,#1465,.F.);
#454=ORIENTED_EDGE('',*,*,#1467,.F.);
#455=ORIENTED_EDGE('',*,*,#1468,.T.);
#456=ORIENTED_EDGE('',*,*,#1469,.T.);
#457=ORIENTED_EDGE('',*,*,#1470,.F.);
#458=ORIENTED_EDGE('',*,*,#1429,.T.);
#459=ORIENTED_EDGE('',*,*,#1471,.T.);
#460=ORIENTED_EDGE('',*,*,#1446,.F.);
#461=ORIENTED_EDGE('',*,*,#1472,.F.);
#462=ORIENTED_EDGE('',*,*,#1448,.T.);
#463=ORIENTED_EDGE('',*,*,#1473,.T.);
#464=ORIENTED_EDGE('',*,*,#1468,.F.);
#465=ORIENTED_EDGE('',*,*,#1469,.F.);
#466=ORIENTED_EDGE('',*,*,#1473,.F.);
#467=ORIENTED_EDGE('',*,*,#1451,.F.);
#468=ORIENTED_EDGE('',*,*,#1454,.F.);
#469=ORIENTED_EDGE('',*,*,#1457,.F.);
#470=ORIENTED_EDGE('',*,*,#1460,.F.);
#471=ORIENTED_EDGE('',*,*,#1463,.F.);
#472=ORIENTED_EDGE('',*,*,#1466,.F.);
#473=ORIENTED_EDGE('',*,*,#1447,.F.);
#474=ORIENTED_EDGE('',*,*,#1471,.F.);
#475=ORIENTED_EDGE('',*,*,#1432,.F.);
#476=ORIENTED_EDGE('',*,*,#1435,.F.);
#477=ORIENTED_EDGE('',*,*,#1438,.F.);
#478=ORIENTED_EDGE('',*,*,#1441,.F.);
#479=ORIENTED_EDGE('',*,*,#1444,.F.);
#480=ORIENTED_EDGE('',*,*,#1474,.T.);
#481=ORIENTED_EDGE('',*,*,#1475,.T.);
#482=ORIENTED_EDGE('',*,*,#1476,.T.);
#483=ORIENTED_EDGE('',*,*,#1477,.T.);
#484=ORIENTED_EDGE('',*,*,#1478,.T.);
#485=ORIENTED_EDGE('',*,*,#1479,.T.);
#486=ORIENTED_EDGE('',*,*,#1480,.T.);
#487=ORIENTED_EDGE('',*,*,#1481,.T.);
#488=ORIENTED_EDGE('',*,*,#1482,.T.);
#489=ORIENTED_EDGE('',*,*,#1483,.T.);
#490=ORIENTED_EDGE('',*,*,#1484,.T.);
#491=ORIENTED_EDGE('',*,*,#1485,.T.);
#492=ORIENTED_EDGE('',*,*,#1486,.F.);
#493=ORIENTED_EDGE('',*,*,#1487,.F.);
#494=ORIENTED_EDGE('',*,*,#1488,.F.);
#495=ORIENTED_EDGE('',*,*,#1489,.F.);
#496=ORIENTED_EDGE('',*,*,#1490,.F.);
#497=ORIENTED_EDGE('',*,*,#1491,.F.);
#498=ORIENTED_EDGE('',*,*,#1492,.F.);
#499=ORIENTED_EDGE('',*,*,#1493,.F.);
#500=ORIENTED_EDGE('',*,*,#1494,.F.);
#501=ORIENTED_EDGE('',*,*,#1495,.F.);
#502=ORIENTED_EDGE('',*,*,#1496,.F.);
#503=ORIENTED_EDGE('',*,*,#1497,.F.);
#504=ORIENTED_EDGE('',*,*,#1498,.T.);
#505=ORIENTED_EDGE('',*,*,#1499,.T.);
#506=ORIENTED_EDGE('',*,*,#1500,.T.);
#507=ORIENTED_EDGE('',*,*,#1501,.T.);
#508=ORIENTED_EDGE('',*,*,#1502,.T.);
#509=ORIENTED_EDGE('',*,*,#1503,.T.);
#510=ORIENTED_EDGE('',*,*,#1504,.T.);
#511=ORIENTED_EDGE('',*,*,#1505,.T.);
#512=ORIENTED_EDGE('',*,*,#1506,.T.);
#513=ORIENTED_EDGE('',*,*,#1507,.T.);
#514=ORIENTED_EDGE('',*,*,#1508,.T.);
#515=ORIENTED_EDGE('',*,*,#1509,.T.);
#516=ORIENTED_EDGE('',*,*,#1510,.T.);
#517=ORIENTED_EDGE('',*,*,#1511,.F.);
#518=ORIENTED_EDGE('',*,*,#1509,.F.);
#519=ORIENTED_EDGE('',*,*,#1512,.T.);
#520=ORIENTED_EDGE('',*,*,#1476,.F.);
#521=ORIENTED_EDGE('',*,*,#1513,.F.);
#522=ORIENTED_EDGE('',*,*,#1497,.T.);
#523=ORIENTED_EDGE('',*,*,#1514,.T.);
#524=ORIENTED_EDGE('',*,*,#1477,.F.);
#525=ORIENTED_EDGE('',*,*,#1514,.F.);
#526=ORIENTED_EDGE('',*,*,#1496,.T.);
#527=ORIENTED_EDGE('',*,*,#1515,.T.);
#528=ORIENTED_EDGE('',*,*,#1478,.F.);
#529=ORIENTED_EDGE('',*,*,#1515,.F.);
#530=ORIENTED_EDGE('',*,*,#1495,.T.);
#531=ORIENTED_EDGE('',*,*,#1516,.T.);
#532=ORIENTED_EDGE('',*,*,#1479,.F.);
#533=ORIENTED_EDGE('',*,*,#1516,.F.);
#534=ORIENTED_EDGE('',*,*,#1494,.T.);
#535=ORIENTED_EDGE('',*,*,#1517,.T.);
#536=ORIENTED_EDGE('',*,*,#1480,.F.);
#537=ORIENTED_EDGE('',*,*,#1517,.F.);
#538=ORIENTED_EDGE('',*,*,#1493,.T.);
#539=ORIENTED_EDGE('',*,*,#1518,.T.);
#540=ORIENTED_EDGE('',*,*,#1481,.F.);
#541=ORIENTED_EDGE('',*,*,#1518,.F.);
#542=ORIENTED_EDGE('',*,*,#1492,.T.);
#543=ORIENTED_EDGE('',*,*,#1519,.T.);
#544=ORIENTED_EDGE('',*,*,#1482,.F.);
#545=ORIENTED_EDGE('',*,*,#1519,.F.);
#546=ORIENTED_EDGE('',*,*,#1491,.T.);
#547=ORIENTED_EDGE('',*,*,#1520,.T.);
#548=ORIENTED_EDGE('',*,*,#1483,.F.);
#549=ORIENTED_EDGE('',*,*,#1520,.F.);
#550=ORIENTED_EDGE('',*,*,#1490,.T.);
#551=ORIENTED_EDGE('',*,*,#1521,.T.);
#552=ORIENTED_EDGE('',*,*,#1484,.F.);
#553=ORIENTED_EDGE('',*,*,#1521,.F.);
#554=ORIENTED_EDGE('',*,*,#1489,.T.);
#555=ORIENTED_EDGE('',*,*,#1522,.T.);
#556=ORIENTED_EDGE('',*,*,#1485,.F.);
#557=ORIENTED_EDGE('',*,*,#1522,.F.);
#558=ORIENTED_EDGE('',*,*,#1488,.T.);
#559=ORIENTED_EDGE('',*,*,#1523,.T.);
#560=ORIENTED_EDGE('',*,*,#1474,.F.);
#561=ORIENTED_EDGE('',*,*,#1523,.F.);
#562=ORIENTED_EDGE('',*,*,#1487,.T.);
#563=ORIENTED_EDGE('',*,*,#1524,.T.);
#564=ORIENTED_EDGE('',*,*,#1475,.F.);
#565=ORIENTED_EDGE('',*,*,#1524,.F.);
#566=ORIENTED_EDGE('',*,*,#1486,.T.);
#567=ORIENTED_EDGE('',*,*,#1513,.T.);
#568=ORIENTED_EDGE('',*,*,#1525,.T.);
#569=ORIENTED_EDGE('',*,*,#1512,.F.);
#570=ORIENTED_EDGE('',*,*,#1508,.F.);
#571=ORIENTED_EDGE('',*,*,#1526,.T.);
#572=ORIENTED_EDGE('',*,*,#1527,.T.);
#573=ORIENTED_EDGE('',*,*,#1526,.F.);
#574=ORIENTED_EDGE('',*,*,#1507,.F.);
#575=ORIENTED_EDGE('',*,*,#1528,.T.);
#576=ORIENTED_EDGE('',*,*,#1529,.T.);
#577=ORIENTED_EDGE('',*,*,#1528,.F.);
#578=ORIENTED_EDGE('',*,*,#1506,.F.);
#579=ORIENTED_EDGE('',*,*,#1530,.T.);
#580=ORIENTED_EDGE('',*,*,#1531,.T.);
#581=ORIENTED_EDGE('',*,*,#1530,.F.);
#582=ORIENTED_EDGE('',*,*,#1505,.F.);
#583=ORIENTED_EDGE('',*,*,#1532,.T.);
#584=ORIENTED_EDGE('',*,*,#1533,.T.);
#585=ORIENTED_EDGE('',*,*,#1532,.F.);
#586=ORIENTED_EDGE('',*,*,#1504,.F.);
#587=ORIENTED_EDGE('',*,*,#1534,.T.);
#588=ORIENTED_EDGE('',*,*,#1535,.T.);
#589=ORIENTED_EDGE('',*,*,#1534,.F.);
#590=ORIENTED_EDGE('',*,*,#1503,.F.);
#591=ORIENTED_EDGE('',*,*,#1536,.T.);
#592=ORIENTED_EDGE('',*,*,#1537,.T.);
#593=ORIENTED_EDGE('',*,*,#1536,.F.);
#594=ORIENTED_EDGE('',*,*,#1502,.F.);
#595=ORIENTED_EDGE('',*,*,#1538,.T.);
#596=ORIENTED_EDGE('',*,*,#1539,.T.);
#597=ORIENTED_EDGE('',*,*,#1538,.F.);
#598=ORIENTED_EDGE('',*,*,#1501,.F.);
#599=ORIENTED_EDGE('',*,*,#1540,.T.);
#600=ORIENTED_EDGE('',*,*,#1541,.T.);
#601=ORIENTED_EDGE('',*,*,#1540,.F.);
#602=ORIENTED_EDGE('',*,*,#1500,.F.);
#603=ORIENTED_EDGE('',*,*,#1542,.T.);
#604=ORIENTED_EDGE('',*,*,#1543,.T.);
#605=ORIENTED_EDGE('',*,*,#1542,.F.);
#606=ORIENTED_EDGE('',*,*,#1499,.F.);
#607=ORIENTED_EDGE('',*,*,#1544,.T.);
#608=ORIENTED_EDGE('',*,*,#1545,.T.);
#609=ORIENTED_EDGE('',*,*,#1544,.F.);
#610=ORIENTED_EDGE('',*,*,#1498,.F.);
#611=ORIENTED_EDGE('',*,*,#1511,.T.);
#612=ORIENTED_EDGE('',*,*,#1546,.T.);
#613=ORIENTED_EDGE('',*,*,#1547,.T.);
#614=ORIENTED_EDGE('',*,*,#1548,.T.);
#615=ORIENTED_EDGE('',*,*,#1549,.F.);
#616=ORIENTED_EDGE('',*,*,#1550,.F.);
#617=ORIENTED_EDGE('',*,*,#1551,.F.);
#618=ORIENTED_EDGE('',*,*,#1552,.T.);
#619=ORIENTED_EDGE('',*,*,#1553,.F.);
#620=ORIENTED_EDGE('',*,*,#1549,.T.);
#621=ORIENTED_EDGE('',*,*,#1554,.T.);
#622=ORIENTED_EDGE('',*,*,#1552,.F.);
#623=ORIENTED_EDGE('',*,*,#1555,.T.);
#624=ORIENTED_EDGE('',*,*,#1556,.F.);
#625=ORIENTED_EDGE('',*,*,#1550,.T.);
#626=ORIENTED_EDGE('',*,*,#1557,.F.);
#627=ORIENTED_EDGE('',*,*,#1547,.F.);
#628=ORIENTED_EDGE('',*,*,#1558,.F.);
#629=ORIENTED_EDGE('',*,*,#1559,.T.);
#630=ORIENTED_EDGE('',*,*,#1560,.F.);
#631=ORIENTED_EDGE('',*,*,#1561,.F.);
#632=ORIENTED_EDGE('',*,*,#1562,.T.);
#633=ORIENTED_EDGE('',*,*,#1563,.T.);
#634=ORIENTED_EDGE('',*,*,#1564,.F.);
#635=ORIENTED_EDGE('',*,*,#1565,.T.);
#636=ORIENTED_EDGE('',*,*,#1559,.F.);
#637=ORIENTED_EDGE('',*,*,#1566,.F.);
#638=ORIENTED_EDGE('',*,*,#1564,.T.);
#639=ORIENTED_EDGE('',*,*,#1567,.F.);
#640=ORIENTED_EDGE('',*,*,#1568,.T.);
#641=ORIENTED_EDGE('',*,*,#1561,.T.);
#642=ORIENTED_EDGE('',*,*,#1569,.T.);
#643=ORIENTED_EDGE('',*,*,#1562,.F.);
#644=ORIENTED_EDGE('',*,*,#1412,.T.);
#645=ORIENTED_EDGE('',*,*,#1409,.T.);
#646=ORIENTED_EDGE('',*,*,#1427,.T.);
#647=ORIENTED_EDGE('',*,*,#1424,.T.);
#648=ORIENTED_EDGE('',*,*,#1421,.T.);
#649=ORIENTED_EDGE('',*,*,#1418,.T.);
#650=ORIENTED_EDGE('',*,*,#1415,.T.);
#651=ORIENTED_EDGE('',*,*,#1452,.T.);
#652=ORIENTED_EDGE('',*,*,#1449,.T.);
#653=ORIENTED_EDGE('',*,*,#1472,.T.);
#654=ORIENTED_EDGE('',*,*,#1467,.T.);
#655=ORIENTED_EDGE('',*,*,#1464,.T.);
#656=ORIENTED_EDGE('',*,*,#1461,.T.);
#657=ORIENTED_EDGE('',*,*,#1458,.T.);
#658=ORIENTED_EDGE('',*,*,#1455,.T.);
#659=ORIENTED_EDGE('',*,*,#1570,.T.);
#660=ORIENTED_EDGE('',*,*,#1571,.T.);
#661=ORIENTED_EDGE('',*,*,#1572,.T.);
#662=ORIENTED_EDGE('',*,*,#1573,.T.);
#663=ORIENTED_EDGE('',*,*,#1574,.T.);
#664=ORIENTED_EDGE('',*,*,#1575,.T.);
#665=ORIENTED_EDGE('',*,*,#1576,.T.);
#666=ORIENTED_EDGE('',*,*,#1577,.T.);
#667=ORIENTED_EDGE('',*,*,#1578,.T.);
#668=ORIENTED_EDGE('',*,*,#1579,.T.);
#669=ORIENTED_EDGE('',*,*,#1580,.T.);
#670=ORIENTED_EDGE('',*,*,#1581,.T.);
#671=ORIENTED_EDGE('',*,*,#1582,.T.);
#672=ORIENTED_EDGE('',*,*,#1583,.T.);
#673=ORIENTED_EDGE('',*,*,#1584,.T.);
#674=ORIENTED_EDGE('',*,*,#1585,.T.);
#675=ORIENTED_EDGE('',*,*,#1586,.T.);
#676=ORIENTED_EDGE('',*,*,#1587,.T.);
#677=ORIENTED_EDGE('',*,*,#1588,.T.);
#678=ORIENTED_EDGE('',*,*,#1589,.T.);
#679=ORIENTED_EDGE('',*,*,#1590,.T.);
#680=ORIENTED_EDGE('',*,*,#1591,.T.);
#681=ORIENTED_EDGE('',*,*,#1592,.T.);
#682=ORIENTED_EDGE('',*,*,#1593,.T.);
#683=ORIENTED_EDGE('',*,*,#1594,.T.);
#684=ORIENTED_EDGE('',*,*,#1595,.T.);
#685=ORIENTED_EDGE('',*,*,#1596,.T.);
#686=ORIENTED_EDGE('',*,*,#1597,.T.);
#687=ORIENTED_EDGE('',*,*,#1598,.T.);
#688=ORIENTED_EDGE('',*,*,#1599,.T.);
#689=ORIENTED_EDGE('',*,*,#1600,.T.);
#690=ORIENTED_EDGE('',*,*,#1601,.T.);
#691=ORIENTED_EDGE('',*,*,#1602,.T.);
#692=ORIENTED_EDGE('',*,*,#1603,.T.);
#693=ORIENTED_EDGE('',*,*,#1566,.T.);
#694=ORIENTED_EDGE('',*,*,#1558,.T.);
#695=ORIENTED_EDGE('',*,*,#1568,.F.);
#696=ORIENTED_EDGE('',*,*,#1565,.F.);
#697=ORIENTED_EDGE('',*,*,#1560,.T.);
#698=ORIENTED_EDGE('',*,*,#1567,.T.);
#699=ORIENTED_EDGE('',*,*,#1563,.F.);
#700=ORIENTED_EDGE('',*,*,#1569,.F.);
#701=ORIENTED_EDGE('',*,*,#1548,.F.);
#702=ORIENTED_EDGE('',*,*,#1557,.T.);
#703=ORIENTED_EDGE('',*,*,#1553,.T.);
#704=ORIENTED_EDGE('',*,*,#1554,.F.);
#705=ORIENTED_EDGE('',*,*,#1555,.F.);
#706=ORIENTED_EDGE('',*,*,#1551,.T.);
#707=ORIENTED_EDGE('',*,*,#1556,.T.);
#708=ORIENTED_EDGE('',*,*,#1546,.F.);
#709=ORIENTED_EDGE('',*,*,#1545,.F.);
#710=ORIENTED_EDGE('',*,*,#1510,.F.);
#711=ORIENTED_EDGE('',*,*,#1525,.F.);
#712=ORIENTED_EDGE('',*,*,#1527,.F.);
#713=ORIENTED_EDGE('',*,*,#1529,.F.);
#714=ORIENTED_EDGE('',*,*,#1531,.F.);
#715=ORIENTED_EDGE('',*,*,#1533,.F.);
#716=ORIENTED_EDGE('',*,*,#1535,.F.);
#717=ORIENTED_EDGE('',*,*,#1537,.F.);
#718=ORIENTED_EDGE('',*,*,#1539,.F.);
#719=ORIENTED_EDGE('',*,*,#1541,.F.);
#720=ORIENTED_EDGE('',*,*,#1543,.F.);
#721=ORIENTED_EDGE('',*,*,#1604,.F.);
#722=ORIENTED_EDGE('',*,*,#1605,.F.);
#723=ORIENTED_EDGE('',*,*,#1606,.F.);
#724=ORIENTED_EDGE('',*,*,#1607,.F.);
#725=ORIENTED_EDGE('',*,*,#1608,.F.);
#726=ORIENTED_EDGE('',*,*,#1609,.F.);
#727=ORIENTED_EDGE('',*,*,#1598,.F.);
#728=ORIENTED_EDGE('',*,*,#1610,.T.);
#729=ORIENTED_EDGE('',*,*,#1605,.T.);
#730=ORIENTED_EDGE('',*,*,#1611,.F.);
#731=ORIENTED_EDGE('',*,*,#1612,.F.);
#732=ORIENTED_EDGE('',*,*,#1599,.F.);
#733=ORIENTED_EDGE('',*,*,#1611,.T.);
#734=ORIENTED_EDGE('',*,*,#1604,.T.);
#735=ORIENTED_EDGE('',*,*,#1613,.F.);
#736=ORIENTED_EDGE('',*,*,#1600,.F.);
#737=ORIENTED_EDGE('',*,*,#1612,.T.);
#738=ORIENTED_EDGE('',*,*,#1609,.T.);
#739=ORIENTED_EDGE('',*,*,#1614,.F.);
#740=ORIENTED_EDGE('',*,*,#1601,.F.);
#741=ORIENTED_EDGE('',*,*,#1613,.T.);
#742=ORIENTED_EDGE('',*,*,#1608,.T.);
#743=ORIENTED_EDGE('',*,*,#1615,.F.);
#744=ORIENTED_EDGE('',*,*,#1602,.F.);
#745=ORIENTED_EDGE('',*,*,#1614,.T.);
#746=ORIENTED_EDGE('',*,*,#1607,.T.);
#747=ORIENTED_EDGE('',*,*,#1610,.F.);
#748=ORIENTED_EDGE('',*,*,#1603,.F.);
#749=ORIENTED_EDGE('',*,*,#1615,.T.);
#750=ORIENTED_EDGE('',*,*,#1606,.T.);
#751=ORIENTED_EDGE('',*,*,#1616,.F.);
#752=ORIENTED_EDGE('',*,*,#1617,.F.);
#753=ORIENTED_EDGE('',*,*,#1618,.F.);
#754=ORIENTED_EDGE('',*,*,#1619,.F.);
#755=ORIENTED_EDGE('',*,*,#1596,.F.);
#756=ORIENTED_EDGE('',*,*,#1620,.T.);
#757=ORIENTED_EDGE('',*,*,#1617,.T.);
#758=ORIENTED_EDGE('',*,*,#1621,.F.);
#759=ORIENTED_EDGE('',*,*,#1622,.F.);
#760=ORIENTED_EDGE('',*,*,#1597,.F.);
#761=ORIENTED_EDGE('',*,*,#1621,.T.);
#762=ORIENTED_EDGE('',*,*,#1616,.T.);
#763=ORIENTED_EDGE('',*,*,#1623,.F.);
#764=ORIENTED_EDGE('',*,*,#1594,.F.);
#765=ORIENTED_EDGE('',*,*,#1622,.T.);
#766=ORIENTED_EDGE('',*,*,#1619,.T.);
#767=ORIENTED_EDGE('',*,*,#1620,.F.);
#768=ORIENTED_EDGE('',*,*,#1595,.F.);
#769=ORIENTED_EDGE('',*,*,#1623,.T.);
#770=ORIENTED_EDGE('',*,*,#1618,.T.);
#771=ORIENTED_EDGE('',*,*,#1624,.F.);
#772=ORIENTED_EDGE('',*,*,#1625,.F.);
#773=ORIENTED_EDGE('',*,*,#1626,.F.);
#774=ORIENTED_EDGE('',*,*,#1627,.F.);
#775=ORIENTED_EDGE('',*,*,#1628,.F.);
#776=ORIENTED_EDGE('',*,*,#1629,.F.);
#777=ORIENTED_EDGE('',*,*,#1630,.F.);
#778=ORIENTED_EDGE('',*,*,#1631,.F.);
#779=ORIENTED_EDGE('',*,*,#1632,.F.);
#780=ORIENTED_EDGE('',*,*,#1633,.F.);
#781=ORIENTED_EDGE('',*,*,#1634,.F.);
#782=ORIENTED_EDGE('',*,*,#1635,.F.);
#783=ORIENTED_EDGE('',*,*,#1584,.F.);
#784=ORIENTED_EDGE('',*,*,#1636,.T.);
#785=ORIENTED_EDGE('',*,*,#1625,.T.);
#786=ORIENTED_EDGE('',*,*,#1637,.F.);
#787=ORIENTED_EDGE('',*,*,#1638,.F.);
#788=ORIENTED_EDGE('',*,*,#1585,.F.);
#789=ORIENTED_EDGE('',*,*,#1637,.T.);
#790=ORIENTED_EDGE('',*,*,#1624,.T.);
#791=ORIENTED_EDGE('',*,*,#1639,.F.);
#792=ORIENTED_EDGE('',*,*,#1586,.F.);
#793=ORIENTED_EDGE('',*,*,#1638,.T.);
#794=ORIENTED_EDGE('',*,*,#1635,.T.);
#795=ORIENTED_EDGE('',*,*,#1640,.F.);
#796=ORIENTED_EDGE('',*,*,#1587,.F.);
#797=ORIENTED_EDGE('',*,*,#1639,.T.);
#798=ORIENTED_EDGE('',*,*,#1634,.T.);
#799=ORIENTED_EDGE('',*,*,#1641,.F.);
#800=ORIENTED_EDGE('',*,*,#1588,.F.);
#801=ORIENTED_EDGE('',*,*,#1640,.T.);
#802=ORIENTED_EDGE('',*,*,#1633,.T.);
#803=ORIENTED_EDGE('',*,*,#1642,.F.);
#804=ORIENTED_EDGE('',*,*,#1589,.F.);
#805=ORIENTED_EDGE('',*,*,#1641,.T.);
#806=ORIENTED_EDGE('',*,*,#1632,.T.);
#807=ORIENTED_EDGE('',*,*,#1643,.F.);
#808=ORIENTED_EDGE('',*,*,#1590,.F.);
#809=ORIENTED_EDGE('',*,*,#1642,.T.);
#810=ORIENTED_EDGE('',*,*,#1631,.T.);
#811=ORIENTED_EDGE('',*,*,#1644,.F.);
#812=ORIENTED_EDGE('',*,*,#1591,.F.);
#813=ORIENTED_EDGE('',*,*,#1643,.T.);
#814=ORIENTED_EDGE('',*,*,#1630,.T.);
#815=ORIENTED_EDGE('',*,*,#1645,.F.);
#816=ORIENTED_EDGE('',*,*,#1592,.F.);
#817=ORIENTED_EDGE('',*,*,#1644,.T.);
#818=ORIENTED_EDGE('',*,*,#1629,.T.);
#819=ORIENTED_EDGE('',*,*,#1646,.F.);
#820=ORIENTED_EDGE('',*,*,#1593,.F.);
#821=ORIENTED_EDGE('',*,*,#1645,.T.);
#822=ORIENTED_EDGE('',*,*,#1628,.T.);
#823=ORIENTED_EDGE('',*,*,#1647,.F.);
#824=ORIENTED_EDGE('',*,*,#1582,.F.);
#825=ORIENTED_EDGE('',*,*,#1646,.T.);
#826=ORIENTED_EDGE('',*,*,#1627,.T.);
#827=ORIENTED_EDGE('',*,*,#1636,.F.);
#828=ORIENTED_EDGE('',*,*,#1583,.F.);
#829=ORIENTED_EDGE('',*,*,#1647,.T.);
#830=ORIENTED_EDGE('',*,*,#1626,.T.);
#831=ORIENTED_EDGE('',*,*,#1648,.F.);
#832=ORIENTED_EDGE('',*,*,#1649,.F.);
#833=ORIENTED_EDGE('',*,*,#1650,.F.);
#834=ORIENTED_EDGE('',*,*,#1651,.F.);
#835=ORIENTED_EDGE('',*,*,#1652,.F.);
#836=ORIENTED_EDGE('',*,*,#1653,.F.);
#837=ORIENTED_EDGE('',*,*,#1654,.F.);
#838=ORIENTED_EDGE('',*,*,#1655,.F.);
#839=ORIENTED_EDGE('',*,*,#1656,.F.);
#840=ORIENTED_EDGE('',*,*,#1657,.F.);
#841=ORIENTED_EDGE('',*,*,#1658,.F.);
#842=ORIENTED_EDGE('',*,*,#1659,.F.);
#843=ORIENTED_EDGE('',*,*,#1572,.F.);
#844=ORIENTED_EDGE('',*,*,#1660,.T.);
#845=ORIENTED_EDGE('',*,*,#1649,.T.);
#846=ORIENTED_EDGE('',*,*,#1661,.F.);
#847=ORIENTED_EDGE('',*,*,#1662,.F.);
#848=ORIENTED_EDGE('',*,*,#1573,.F.);
#849=ORIENTED_EDGE('',*,*,#1661,.T.);
#850=ORIENTED_EDGE('',*,*,#1648,.T.);
#851=ORIENTED_EDGE('',*,*,#1663,.F.);
#852=ORIENTED_EDGE('',*,*,#1574,.F.);
#853=ORIENTED_EDGE('',*,*,#1662,.T.);
#854=ORIENTED_EDGE('',*,*,#1659,.T.);
#855=ORIENTED_EDGE('',*,*,#1664,.F.);
#856=ORIENTED_EDGE('',*,*,#1575,.F.);
#857=ORIENTED_EDGE('',*,*,#1663,.T.);
#858=ORIENTED_EDGE('',*,*,#1658,.T.);
#859=ORIENTED_EDGE('',*,*,#1665,.F.);
#860=ORIENTED_EDGE('',*,*,#1576,.F.);
#861=ORIENTED_EDGE('',*,*,#1664,.T.);
#862=ORIENTED_EDGE('',*,*,#1657,.T.);
#863=ORIENTED_EDGE('',*,*,#1666,.F.);
#864=ORIENTED_EDGE('',*,*,#1577,.F.);
#865=ORIENTED_EDGE('',*,*,#1665,.T.);
#866=ORIENTED_EDGE('',*,*,#1656,.T.);
#867=ORIENTED_EDGE('',*,*,#1667,.F.);
#868=ORIENTED_EDGE('',*,*,#1578,.F.);
#869=ORIENTED_EDGE('',*,*,#1666,.T.);
#870=ORIENTED_EDGE('',*,*,#1655,.T.);
#871=ORIENTED_EDGE('',*,*,#1668,.F.);
#872=ORIENTED_EDGE('',*,*,#1579,.F.);
#873=ORIENTED_EDGE('',*,*,#1667,.T.);
#874=ORIENTED_EDGE('',*,*,#1654,.T.);
#875=ORIENTED_EDGE('',*,*,#1669,.F.);
#876=ORIENTED_EDGE('',*,*,#1580,.F.);
#877=ORIENTED_EDGE('',*,*,#1668,.T.);
#878=ORIENTED_EDGE('',*,*,#1653,.T.);
#879=ORIENTED_EDGE('',*,*,#1670,.F.);
#880=ORIENTED_EDGE('',*,*,#1581,.F.);
#881=ORIENTED_EDGE('',*,*,#1669,.T.);
#882=ORIENTED_EDGE('',*,*,#1652,.T.);
#883=ORIENTED_EDGE('',*,*,#1671,.F.);
#884=ORIENTED_EDGE('',*,*,#1570,.F.);
#885=ORIENTED_EDGE('',*,*,#1670,.T.);
#886=ORIENTED_EDGE('',*,*,#1651,.T.);
#887=ORIENTED_EDGE('',*,*,#1660,.F.);
#888=ORIENTED_EDGE('',*,*,#1571,.F.);
#889=ORIENTED_EDGE('',*,*,#1671,.T.);
#890=ORIENTED_EDGE('',*,*,#1650,.T.);
#891=ORIENTED_EDGE('',*,*,#1433,.T.);
#892=ORIENTED_EDGE('',*,*,#1430,.T.);
#893=ORIENTED_EDGE('',*,*,#1470,.T.);
#894=ORIENTED_EDGE('',*,*,#1445,.T.);
#895=ORIENTED_EDGE('',*,*,#1442,.T.);
#896=ORIENTED_EDGE('',*,*,#1439,.T.);
#897=ORIENTED_EDGE('',*,*,#1436,.T.);
#898=ORIENTED_EDGE('',*,*,#1672,.F.);
#899=ORIENTED_EDGE('',*,*,#1673,.F.);
#900=ORIENTED_EDGE('',*,*,#1674,.T.);
#901=ORIENTED_EDGE('',*,*,#1675,.T.);
#902=ORIENTED_EDGE('',*,*,#1674,.F.);
#903=ORIENTED_EDGE('',*,*,#1676,.F.);
#904=ORIENTED_EDGE('',*,*,#1677,.T.);
#905=ORIENTED_EDGE('',*,*,#1678,.T.);
#906=ORIENTED_EDGE('',*,*,#1679,.T.);
#907=ORIENTED_EDGE('',*,*,#1672,.T.);
#908=ORIENTED_EDGE('',*,*,#1680,.F.);
#909=ORIENTED_EDGE('',*,*,#1677,.F.);
#910=ORIENTED_EDGE('',*,*,#1678,.F.);
#911=ORIENTED_EDGE('',*,*,#1680,.T.);
#912=ORIENTED_EDGE('',*,*,#1675,.F.);
#913=ORIENTED_EDGE('',*,*,#1681,.F.);
#914=ORIENTED_EDGE('',*,*,#1682,.F.);
#915=ORIENTED_EDGE('',*,*,#1683,.T.);
#916=ORIENTED_EDGE('',*,*,#1684,.T.);
#917=ORIENTED_EDGE('',*,*,#1683,.F.);
#918=ORIENTED_EDGE('',*,*,#1685,.F.);
#919=ORIENTED_EDGE('',*,*,#1686,.T.);
#920=ORIENTED_EDGE('',*,*,#1687,.T.);
#921=ORIENTED_EDGE('',*,*,#1688,.T.);
#922=ORIENTED_EDGE('',*,*,#1681,.T.);
#923=ORIENTED_EDGE('',*,*,#1689,.F.);
#924=ORIENTED_EDGE('',*,*,#1686,.F.);
#925=ORIENTED_EDGE('',*,*,#1684,.F.);
#926=ORIENTED_EDGE('',*,*,#1687,.F.);
#927=ORIENTED_EDGE('',*,*,#1689,.T.);
#928=ORIENTED_EDGE('',*,*,#1690,.F.);
#929=ORIENTED_EDGE('',*,*,#1691,.T.);
#930=ORIENTED_EDGE('',*,*,#1692,.T.);
#931=ORIENTED_EDGE('',*,*,#1693,.F.);
#932=ORIENTED_EDGE('',*,*,#1692,.F.);
#933=ORIENTED_EDGE('',*,*,#1694,.F.);
#934=ORIENTED_EDGE('',*,*,#1695,.T.);
#935=ORIENTED_EDGE('',*,*,#1696,.T.);
#936=ORIENTED_EDGE('',*,*,#1697,.T.);
#937=ORIENTED_EDGE('',*,*,#1690,.T.);
#938=ORIENTED_EDGE('',*,*,#1698,.F.);
#939=ORIENTED_EDGE('',*,*,#1695,.F.);
#940=ORIENTED_EDGE('',*,*,#1696,.F.);
#941=ORIENTED_EDGE('',*,*,#1698,.T.);
#942=ORIENTED_EDGE('',*,*,#1693,.T.);
#943=ORIENTED_EDGE('',*,*,#1699,.F.);
#944=ORIENTED_EDGE('',*,*,#1700,.F.);
#945=ORIENTED_EDGE('',*,*,#1701,.T.);
#946=ORIENTED_EDGE('',*,*,#1702,.T.);
#947=ORIENTED_EDGE('',*,*,#1701,.F.);
#948=ORIENTED_EDGE('',*,*,#1703,.T.);
#949=ORIENTED_EDGE('',*,*,#1704,.T.);
#950=ORIENTED_EDGE('',*,*,#1705,.F.);
#951=ORIENTED_EDGE('',*,*,#1704,.F.);
#952=ORIENTED_EDGE('',*,*,#1706,.T.);
#953=ORIENTED_EDGE('',*,*,#1707,.T.);
#954=ORIENTED_EDGE('',*,*,#1708,.F.);
#955=ORIENTED_EDGE('',*,*,#1709,.T.);
#956=ORIENTED_EDGE('',*,*,#1699,.T.);
#957=ORIENTED_EDGE('',*,*,#1710,.F.);
#958=ORIENTED_EDGE('',*,*,#1707,.F.);
#959=ORIENTED_EDGE('',*,*,#1702,.F.);
#960=ORIENTED_EDGE('',*,*,#1705,.T.);
#961=ORIENTED_EDGE('',*,*,#1708,.T.);
#962=ORIENTED_EDGE('',*,*,#1710,.T.);
#963=ORIENTED_EDGE('',*,*,#1711,.F.);
#964=ORIENTED_EDGE('',*,*,#1712,.T.);
#965=ORIENTED_EDGE('',*,*,#1713,.T.);
#966=ORIENTED_EDGE('',*,*,#1714,.F.);
#967=ORIENTED_EDGE('',*,*,#1713,.F.);
#968=ORIENTED_EDGE('',*,*,#1715,.F.);
#969=ORIENTED_EDGE('',*,*,#1716,.T.);
#970=ORIENTED_EDGE('',*,*,#1717,.T.);
#971=ORIENTED_EDGE('',*,*,#1716,.F.);
#972=ORIENTED_EDGE('',*,*,#1718,.F.);
#973=ORIENTED_EDGE('',*,*,#1719,.T.);
#974=ORIENTED_EDGE('',*,*,#1720,.T.);
#975=ORIENTED_EDGE('',*,*,#1721,.T.);
#976=ORIENTED_EDGE('',*,*,#1711,.T.);
#977=ORIENTED_EDGE('',*,*,#1722,.F.);
#978=ORIENTED_EDGE('',*,*,#1719,.F.);
#979=ORIENTED_EDGE('',*,*,#1720,.F.);
#980=ORIENTED_EDGE('',*,*,#1722,.T.);
#981=ORIENTED_EDGE('',*,*,#1714,.T.);
#982=ORIENTED_EDGE('',*,*,#1717,.F.);
#983=ORIENTED_EDGE('',*,*,#1723,.F.);
#984=ORIENTED_EDGE('',*,*,#1724,.F.);
#985=ORIENTED_EDGE('',*,*,#1725,.T.);
#986=ORIENTED_EDGE('',*,*,#1726,.T.);
#987=ORIENTED_EDGE('',*,*,#1725,.F.);
#988=ORIENTED_EDGE('',*,*,#1727,.F.);
#989=ORIENTED_EDGE('',*,*,#1728,.T.);
#990=ORIENTED_EDGE('',*,*,#1729,.T.);
#991=ORIENTED_EDGE('',*,*,#1728,.F.);
#992=ORIENTED_EDGE('',*,*,#1730,.T.);
#993=ORIENTED_EDGE('',*,*,#1731,.T.);
#994=ORIENTED_EDGE('',*,*,#1732,.F.);
#995=ORIENTED_EDGE('',*,*,#1733,.T.);
#996=ORIENTED_EDGE('',*,*,#1723,.T.);
#997=ORIENTED_EDGE('',*,*,#1734,.F.);
#998=ORIENTED_EDGE('',*,*,#1731,.F.);
#999=ORIENTED_EDGE('',*,*,#1732,.T.);
#1000=ORIENTED_EDGE('',*,*,#1734,.T.);
#1001=ORIENTED_EDGE('',*,*,#1726,.F.);
#1002=ORIENTED_EDGE('',*,*,#1729,.F.);
#1003=ORIENTED_EDGE('',*,*,#1735,.F.);
#1004=ORIENTED_EDGE('',*,*,#1736,.F.);
#1005=ORIENTED_EDGE('',*,*,#1737,.T.);
#1006=ORIENTED_EDGE('',*,*,#1738,.T.);
#1007=ORIENTED_EDGE('',*,*,#1737,.F.);
#1008=ORIENTED_EDGE('',*,*,#1739,.F.);
#1009=ORIENTED_EDGE('',*,*,#1740,.T.);
#1010=ORIENTED_EDGE('',*,*,#1741,.T.);
#1011=ORIENTED_EDGE('',*,*,#1740,.F.);
#1012=ORIENTED_EDGE('',*,*,#1742,.T.);
#1013=ORIENTED_EDGE('',*,*,#1743,.T.);
#1014=ORIENTED_EDGE('',*,*,#1744,.F.);
#1015=ORIENTED_EDGE('',*,*,#1745,.T.);
#1016=ORIENTED_EDGE('',*,*,#1735,.T.);
#1017=ORIENTED_EDGE('',*,*,#1746,.F.);
#1018=ORIENTED_EDGE('',*,*,#1743,.F.);
#1019=ORIENTED_EDGE('',*,*,#1744,.T.);
#1020=ORIENTED_EDGE('',*,*,#1746,.T.);
#1021=ORIENTED_EDGE('',*,*,#1738,.F.);
#1022=ORIENTED_EDGE('',*,*,#1741,.F.);
#1023=ORIENTED_EDGE('',*,*,#1747,.F.);
#1024=ORIENTED_EDGE('',*,*,#1748,.F.);
#1025=ORIENTED_EDGE('',*,*,#1749,.T.);
#1026=ORIENTED_EDGE('',*,*,#1750,.T.);
#1027=ORIENTED_EDGE('',*,*,#1749,.F.);
#1028=ORIENTED_EDGE('',*,*,#1751,.T.);
#1029=ORIENTED_EDGE('',*,*,#1752,.T.);
#1030=ORIENTED_EDGE('',*,*,#1753,.F.);
#1031=ORIENTED_EDGE('',*,*,#1752,.F.);
#1032=ORIENTED_EDGE('',*,*,#1754,.T.);
#1033=ORIENTED_EDGE('',*,*,#1755,.T.);
#1034=ORIENTED_EDGE('',*,*,#1756,.F.);
#1035=ORIENTED_EDGE('',*,*,#1757,.F.);
#1036=ORIENTED_EDGE('',*,*,#1747,.T.);
#1037=ORIENTED_EDGE('',*,*,#1758,.T.);
#1038=ORIENTED_EDGE('',*,*,#1755,.F.);
#1039=ORIENTED_EDGE('',*,*,#1756,.T.);
#1040=ORIENTED_EDGE('',*,*,#1758,.F.);
#1041=ORIENTED_EDGE('',*,*,#1750,.F.);
#1042=ORIENTED_EDGE('',*,*,#1753,.T.);
#1043=ORIENTED_EDGE('',*,*,#1676,.T.);
#1044=ORIENTED_EDGE('',*,*,#1673,.T.);
#1045=ORIENTED_EDGE('',*,*,#1679,.F.);
#1046=ORIENTED_EDGE('',*,*,#1685,.T.);
#1047=ORIENTED_EDGE('',*,*,#1682,.T.);
#1048=ORIENTED_EDGE('',*,*,#1688,.F.);
#1049=ORIENTED_EDGE('',*,*,#1694,.T.);
#1050=ORIENTED_EDGE('',*,*,#1691,.F.);
#1051=ORIENTED_EDGE('',*,*,#1697,.F.);
#1052=ORIENTED_EDGE('',*,*,#1703,.F.);
#1053=ORIENTED_EDGE('',*,*,#1700,.T.);
#1054=ORIENTED_EDGE('',*,*,#1709,.F.);
#1055=ORIENTED_EDGE('',*,*,#1706,.F.);
#1056=ORIENTED_EDGE('',*,*,#1715,.T.);
#1057=ORIENTED_EDGE('',*,*,#1712,.F.);
#1058=ORIENTED_EDGE('',*,*,#1721,.F.);
#1059=ORIENTED_EDGE('',*,*,#1718,.T.);
#1060=ORIENTED_EDGE('',*,*,#1727,.T.);
#1061=ORIENTED_EDGE('',*,*,#1724,.T.);
#1062=ORIENTED_EDGE('',*,*,#1733,.F.);
#1063=ORIENTED_EDGE('',*,*,#1730,.F.);
#1064=ORIENTED_EDGE('',*,*,#1739,.T.);
#1065=ORIENTED_EDGE('',*,*,#1736,.T.);
#1066=ORIENTED_EDGE('',*,*,#1745,.F.);
#1067=ORIENTED_EDGE('',*,*,#1742,.F.);
#1068=ORIENTED_EDGE('',*,*,#1759,.T.);
#1069=ORIENTED_EDGE('',*,*,#1760,.T.);
#1070=ORIENTED_EDGE('',*,*,#1761,.F.);
#1071=ORIENTED_EDGE('',*,*,#1762,.F.);
#1072=ORIENTED_EDGE('',*,*,#1754,.F.);
#1073=ORIENTED_EDGE('',*,*,#1751,.F.);
#1074=ORIENTED_EDGE('',*,*,#1748,.T.);
#1075=ORIENTED_EDGE('',*,*,#1757,.T.);
#1076=ORIENTED_EDGE('',*,*,#1763,.F.);
#1077=ORIENTED_EDGE('',*,*,#1764,.T.);
#1078=ORIENTED_EDGE('',*,*,#1765,.T.);
#1079=ORIENTED_EDGE('',*,*,#1766,.F.);
#1080=ORIENTED_EDGE('',*,*,#1767,.F.);
#1081=ORIENTED_EDGE('',*,*,#1768,.F.);
#1082=ORIENTED_EDGE('',*,*,#1769,.F.);
#1083=ORIENTED_EDGE('',*,*,#1770,.F.);
#1084=ORIENTED_EDGE('',*,*,#1771,.F.);
#1085=ORIENTED_EDGE('',*,*,#1772,.F.);
#1086=ORIENTED_EDGE('',*,*,#1773,.F.);
#1087=ORIENTED_EDGE('',*,*,#1774,.F.);
#1088=ORIENTED_EDGE('',*,*,#1775,.F.);
#1089=ORIENTED_EDGE('',*,*,#1776,.F.);
#1090=ORIENTED_EDGE('',*,*,#1777,.F.);
#1091=ORIENTED_EDGE('',*,*,#1778,.F.);
#1092=ORIENTED_EDGE('',*,*,#1779,.T.);
#1093=ORIENTED_EDGE('',*,*,#1780,.T.);
#1094=ORIENTED_EDGE('',*,*,#1781,.F.);
#1095=ORIENTED_EDGE('',*,*,#1782,.F.);
#1096=ORIENTED_EDGE('',*,*,#1783,.F.);
#1097=ORIENTED_EDGE('',*,*,#1784,.F.);
#1098=ORIENTED_EDGE('',*,*,#1781,.T.);
#1099=ORIENTED_EDGE('',*,*,#1785,.T.);
#1100=ORIENTED_EDGE('',*,*,#1761,.T.);
#1101=ORIENTED_EDGE('',*,*,#1786,.T.);
#1102=ORIENTED_EDGE('',*,*,#1787,.T.);
#1103=ORIENTED_EDGE('',*,*,#1759,.F.);
#1104=ORIENTED_EDGE('',*,*,#1788,.F.);
#1105=ORIENTED_EDGE('',*,*,#1779,.F.);
#1106=ORIENTED_EDGE('',*,*,#1789,.F.);
#1107=ORIENTED_EDGE('',*,*,#1790,.T.);
#1108=ORIENTED_EDGE('',*,*,#1791,.F.);
#1109=ORIENTED_EDGE('',*,*,#1792,.F.);
#1110=ORIENTED_EDGE('',*,*,#1786,.F.);
#1111=ORIENTED_EDGE('',*,*,#1782,.T.);
#1112=ORIENTED_EDGE('',*,*,#1784,.T.);
#1113=ORIENTED_EDGE('',*,*,#1793,.T.);
#1114=ORIENTED_EDGE('',*,*,#1780,.F.);
#1115=ORIENTED_EDGE('',*,*,#1788,.T.);
#1116=ORIENTED_EDGE('',*,*,#1762,.T.);
#1117=ORIENTED_EDGE('',*,*,#1785,.F.);
#1118=ORIENTED_EDGE('',*,*,#1783,.T.);
#1119=ORIENTED_EDGE('',*,*,#1760,.F.);
#1120=ORIENTED_EDGE('',*,*,#1787,.F.);
#1121=ORIENTED_EDGE('',*,*,#1793,.F.);
#1122=ORIENTED_EDGE('',*,*,#1794,.T.);
#1123=ORIENTED_EDGE('',*,*,#1765,.F.);
#1124=ORIENTED_EDGE('',*,*,#1795,.F.);
#1125=ORIENTED_EDGE('',*,*,#1792,.T.);
#1126=ORIENTED_EDGE('',*,*,#1796,.T.);
#1127=ORIENTED_EDGE('',*,*,#1763,.T.);
#1128=ORIENTED_EDGE('',*,*,#1797,.F.);
#1129=ORIENTED_EDGE('',*,*,#1790,.F.);
#1130=ORIENTED_EDGE('',*,*,#1789,.T.);
#1131=ORIENTED_EDGE('',*,*,#1795,.T.);
#1132=ORIENTED_EDGE('',*,*,#1764,.F.);
#1133=ORIENTED_EDGE('',*,*,#1796,.F.);
#1134=ORIENTED_EDGE('',*,*,#1794,.F.);
#1135=ORIENTED_EDGE('',*,*,#1791,.T.);
#1136=ORIENTED_EDGE('',*,*,#1797,.T.);
#1137=ORIENTED_EDGE('',*,*,#1766,.T.);
#1138=ORIENTED_EDGE('',*,*,#1767,.T.);
#1139=ORIENTED_EDGE('',*,*,#1798,.F.);
#1140=ORIENTED_EDGE('',*,*,#1799,.F.);
#1141=ORIENTED_EDGE('',*,*,#1800,.T.);
#1142=ORIENTED_EDGE('',*,*,#1778,.T.);
#1143=ORIENTED_EDGE('',*,*,#1801,.F.);
#1144=ORIENTED_EDGE('',*,*,#1802,.F.);
#1145=ORIENTED_EDGE('',*,*,#1798,.T.);
#1146=ORIENTED_EDGE('',*,*,#1777,.T.);
#1147=ORIENTED_EDGE('',*,*,#1803,.F.);
#1148=ORIENTED_EDGE('',*,*,#1804,.F.);
#1149=ORIENTED_EDGE('',*,*,#1801,.T.);
#1150=ORIENTED_EDGE('',*,*,#1776,.T.);
#1151=ORIENTED_EDGE('',*,*,#1805,.F.);
#1152=ORIENTED_EDGE('',*,*,#1806,.F.);
#1153=ORIENTED_EDGE('',*,*,#1803,.T.);
#1154=ORIENTED_EDGE('',*,*,#1775,.T.);
#1155=ORIENTED_EDGE('',*,*,#1807,.F.);
#1156=ORIENTED_EDGE('',*,*,#1808,.F.);
#1157=ORIENTED_EDGE('',*,*,#1805,.T.);
#1158=ORIENTED_EDGE('',*,*,#1774,.T.);
#1159=ORIENTED_EDGE('',*,*,#1809,.F.);
#1160=ORIENTED_EDGE('',*,*,#1810,.F.);
#1161=ORIENTED_EDGE('',*,*,#1807,.T.);
#1162=ORIENTED_EDGE('',*,*,#1773,.T.);
#1163=ORIENTED_EDGE('',*,*,#1811,.F.);
#1164=ORIENTED_EDGE('',*,*,#1812,.F.);
#1165=ORIENTED_EDGE('',*,*,#1809,.T.);
#1166=ORIENTED_EDGE('',*,*,#1772,.T.);
#1167=ORIENTED_EDGE('',*,*,#1813,.F.);
#1168=ORIENTED_EDGE('',*,*,#1814,.F.);
#1169=ORIENTED_EDGE('',*,*,#1811,.T.);
#1170=ORIENTED_EDGE('',*,*,#1771,.T.);
#1171=ORIENTED_EDGE('',*,*,#1815,.F.);
#1172=ORIENTED_EDGE('',*,*,#1816,.F.);
#1173=ORIENTED_EDGE('',*,*,#1813,.T.);
#1174=ORIENTED_EDGE('',*,*,#1770,.T.);
#1175=ORIENTED_EDGE('',*,*,#1817,.F.);
#1176=ORIENTED_EDGE('',*,*,#1818,.F.);
#1177=ORIENTED_EDGE('',*,*,#1815,.T.);
#1178=ORIENTED_EDGE('',*,*,#1769,.T.);
#1179=ORIENTED_EDGE('',*,*,#1819,.F.);
#1180=ORIENTED_EDGE('',*,*,#1820,.F.);
#1181=ORIENTED_EDGE('',*,*,#1817,.T.);
#1182=ORIENTED_EDGE('',*,*,#1821,.F.);
#1183=ORIENTED_EDGE('',*,*,#1822,.F.);
#1184=ORIENTED_EDGE('',*,*,#1823,.T.);
#1185=ORIENTED_EDGE('',*,*,#1824,.T.);
#1186=ORIENTED_EDGE('',*,*,#1825,.F.);
#1187=ORIENTED_EDGE('',*,*,#1826,.F.);
#1188=ORIENTED_EDGE('',*,*,#1827,.T.);
#1189=ORIENTED_EDGE('',*,*,#1822,.T.);
#1190=ORIENTED_EDGE('',*,*,#1828,.F.);
#1191=ORIENTED_EDGE('',*,*,#1829,.F.);
#1192=ORIENTED_EDGE('',*,*,#1830,.T.);
#1193=ORIENTED_EDGE('',*,*,#1826,.T.);
#1194=ORIENTED_EDGE('',*,*,#1831,.F.);
#1195=ORIENTED_EDGE('',*,*,#1832,.F.);
#1196=ORIENTED_EDGE('',*,*,#1833,.T.);
#1197=ORIENTED_EDGE('',*,*,#1829,.T.);
#1198=ORIENTED_EDGE('',*,*,#1834,.F.);
#1199=ORIENTED_EDGE('',*,*,#1835,.F.);
#1200=ORIENTED_EDGE('',*,*,#1836,.T.);
#1201=ORIENTED_EDGE('',*,*,#1832,.T.);
#1202=ORIENTED_EDGE('',*,*,#1837,.F.);
#1203=ORIENTED_EDGE('',*,*,#1838,.F.);
#1204=ORIENTED_EDGE('',*,*,#1839,.T.);
#1205=ORIENTED_EDGE('',*,*,#1835,.T.);
#1206=ORIENTED_EDGE('',*,*,#1840,.F.);
#1207=ORIENTED_EDGE('',*,*,#1841,.F.);
#1208=ORIENTED_EDGE('',*,*,#1842,.T.);
#1209=ORIENTED_EDGE('',*,*,#1838,.T.);
#1210=ORIENTED_EDGE('',*,*,#1843,.F.);
#1211=ORIENTED_EDGE('',*,*,#1844,.F.);
#1212=ORIENTED_EDGE('',*,*,#1845,.T.);
#1213=ORIENTED_EDGE('',*,*,#1841,.T.);
#1214=ORIENTED_EDGE('',*,*,#1846,.F.);
#1215=ORIENTED_EDGE('',*,*,#1847,.F.);
#1216=ORIENTED_EDGE('',*,*,#1848,.T.);
#1217=ORIENTED_EDGE('',*,*,#1844,.T.);
#1218=ORIENTED_EDGE('',*,*,#1849,.F.);
#1219=ORIENTED_EDGE('',*,*,#1850,.F.);
#1220=ORIENTED_EDGE('',*,*,#1851,.T.);
#1221=ORIENTED_EDGE('',*,*,#1847,.T.);
#1222=ORIENTED_EDGE('',*,*,#1852,.F.);
#1223=ORIENTED_EDGE('',*,*,#1853,.F.);
#1224=ORIENTED_EDGE('',*,*,#1854,.T.);
#1225=ORIENTED_EDGE('',*,*,#1850,.T.);
#1226=ORIENTED_EDGE('',*,*,#1855,.F.);
#1227=ORIENTED_EDGE('',*,*,#1824,.F.);
#1228=ORIENTED_EDGE('',*,*,#1856,.T.);
#1229=ORIENTED_EDGE('',*,*,#1853,.T.);
#1230=ORIENTED_EDGE('',*,*,#1768,.T.);
#1231=ORIENTED_EDGE('',*,*,#1800,.F.);
#1232=ORIENTED_EDGE('',*,*,#1857,.F.);
#1233=ORIENTED_EDGE('',*,*,#1819,.T.);
#1234=ORIENTED_EDGE('',*,*,#1823,.F.);
#1235=ORIENTED_EDGE('',*,*,#1827,.F.);
#1236=ORIENTED_EDGE('',*,*,#1830,.F.);
#1237=ORIENTED_EDGE('',*,*,#1833,.F.);
#1238=ORIENTED_EDGE('',*,*,#1836,.F.);
#1239=ORIENTED_EDGE('',*,*,#1839,.F.);
#1240=ORIENTED_EDGE('',*,*,#1842,.F.);
#1241=ORIENTED_EDGE('',*,*,#1845,.F.);
#1242=ORIENTED_EDGE('',*,*,#1848,.F.);
#1243=ORIENTED_EDGE('',*,*,#1851,.F.);
#1244=ORIENTED_EDGE('',*,*,#1854,.F.);
#1245=ORIENTED_EDGE('',*,*,#1856,.F.);
#1246=ORIENTED_EDGE('',*,*,#1799,.T.);
#1247=ORIENTED_EDGE('',*,*,#1802,.T.);
#1248=ORIENTED_EDGE('',*,*,#1804,.T.);
#1249=ORIENTED_EDGE('',*,*,#1806,.T.);
#1250=ORIENTED_EDGE('',*,*,#1808,.T.);
#1251=ORIENTED_EDGE('',*,*,#1810,.T.);
#1252=ORIENTED_EDGE('',*,*,#1812,.T.);
#1253=ORIENTED_EDGE('',*,*,#1814,.T.);
#1254=ORIENTED_EDGE('',*,*,#1816,.T.);
#1255=ORIENTED_EDGE('',*,*,#1818,.T.);
#1256=ORIENTED_EDGE('',*,*,#1820,.T.);
#1257=ORIENTED_EDGE('',*,*,#1857,.T.);
#1258=ORIENTED_EDGE('',*,*,#1825,.T.);
#1259=ORIENTED_EDGE('',*,*,#1821,.T.);
#1260=ORIENTED_EDGE('',*,*,#1855,.T.);
#1261=ORIENTED_EDGE('',*,*,#1852,.T.);
#1262=ORIENTED_EDGE('',*,*,#1849,.T.);
#1263=ORIENTED_EDGE('',*,*,#1846,.T.);
#1264=ORIENTED_EDGE('',*,*,#1843,.T.);
#1265=ORIENTED_EDGE('',*,*,#1840,.T.);
#1266=ORIENTED_EDGE('',*,*,#1837,.T.);
#1267=ORIENTED_EDGE('',*,*,#1834,.T.);
#1268=ORIENTED_EDGE('',*,*,#1831,.T.);
#1269=ORIENTED_EDGE('',*,*,#1828,.T.);
#1270=EDGE_CURVE('',#1858,#1859,#2250,.T.);
#1271=EDGE_CURVE('',#1858,#1860,#2251,.T.);
#1272=EDGE_CURVE('',#1860,#1861,#2252,.T.);
#1273=EDGE_CURVE('',#1859,#1861,#2253,.T.);
#1274=EDGE_CURVE('',#1860,#1862,#2254,.T.);
#1275=EDGE_CURVE('',#1862,#1863,#2255,.T.);
#1276=EDGE_CURVE('',#1861,#1863,#2256,.T.);
#1277=EDGE_CURVE('',#1862,#1864,#2257,.T.);
#1278=EDGE_CURVE('',#1864,#1865,#2258,.T.);
#1279=EDGE_CURVE('',#1863,#1865,#2259,.T.);
#1280=EDGE_CURVE('',#1866,#1864,#2260,.T.);
#1281=EDGE_CURVE('',#1866,#1867,#2261,.T.);
#1282=EDGE_CURVE('',#1867,#1865,#2262,.T.);
#1283=EDGE_CURVE('',#1866,#1868,#2263,.T.);
#1284=EDGE_CURVE('',#1868,#1869,#2264,.T.);
#1285=EDGE_CURVE('',#1867,#1869,#2265,.T.);
#1286=EDGE_CURVE('',#1870,#1868,#2266,.T.);
#1287=EDGE_CURVE('',#1870,#1871,#2267,.T.);
#1288=EDGE_CURVE('',#1871,#1869,#2268,.T.);
#1289=EDGE_CURVE('',#1872,#1870,#2269,.T.);
#1290=EDGE_CURVE('',#1872,#1873,#2270,.T.);
#1291=EDGE_CURVE('',#1873,#1871,#2271,.F.);
#1292=EDGE_CURVE('',#1874,#1872,#2272,.T.);
#1293=EDGE_CURVE('',#1874,#1875,#2273,.T.);
#1294=EDGE_CURVE('',#1875,#1873,#2274,.T.);
#1295=EDGE_CURVE('',#1874,#1876,#2275,.T.);
#1296=EDGE_CURVE('',#1876,#1877,#2276,.T.);
#1297=EDGE_CURVE('',#1875,#1877,#2277,.T.);
#1298=EDGE_CURVE('',#1878,#1876,#2278,.T.);
#1299=EDGE_CURVE('',#1878,#1879,#2279,.T.);
#1300=EDGE_CURVE('',#1879,#1877,#2280,.T.);
#1301=EDGE_CURVE('',#1880,#1881,#2281,.T.);
#1302=EDGE_CURVE('',#1882,#1880,#2282,.T.);
#1303=EDGE_CURVE('',#1882,#1883,#2283,.T.);
#1304=EDGE_CURVE('',#1883,#1881,#2284,.T.);
#1305=EDGE_CURVE('',#1884,#1882,#2285,.T.);
#1306=EDGE_CURVE('',#1884,#1885,#2286,.T.);
#1307=EDGE_CURVE('',#1885,#1883,#2287,.T.);
#1308=EDGE_CURVE('',#1884,#1880,#2288,.T.);
#1309=EDGE_CURVE('',#1885,#1881,#2289,.F.);
#1310=EDGE_CURVE('',#1878,#1858,#2290,.T.);
#1311=EDGE_CURVE('',#1879,#1859,#2291,.T.);
#1312=EDGE_CURVE('',#1886,#1887,#2292,.T.);
#1313=EDGE_CURVE('',#1887,#1888,#2293,.T.);
#1314=EDGE_CURVE('',#1888,#1889,#2294,.T.);
#1315=EDGE_CURVE('',#1889,#1890,#2295,.T.);
#1316=EDGE_CURVE('',#1890,#1891,#2296,.T.);
#1317=EDGE_CURVE('',#1891,#1892,#2297,.T.);
#1318=EDGE_CURVE('',#1892,#1893,#2298,.T.);
#1319=EDGE_CURVE('',#1893,#1894,#2299,.T.);
#1320=EDGE_CURVE('',#1894,#1895,#2300,.T.);
#1321=EDGE_CURVE('',#1895,#1896,#2301,.T.);
#1322=EDGE_CURVE('',#1896,#1897,#2302,.T.);
#1323=EDGE_CURVE('',#1897,#1886,#2303,.T.);
#1324=EDGE_CURVE('',#1898,#1899,#2304,.T.);
#1325=EDGE_CURVE('',#1900,#1898,#2305,.T.);
#1326=EDGE_CURVE('',#1901,#1900,#2306,.T.);
#1327=EDGE_CURVE('',#1902,#1901,#2307,.T.);
#1328=EDGE_CURVE('',#1903,#1902,#2308,.T.);
#1329=EDGE_CURVE('',#1904,#1903,#2309,.T.);
#1330=EDGE_CURVE('',#1905,#1904,#2310,.T.);
#1331=EDGE_CURVE('',#1906,#1905,#2311,.T.);
#1332=EDGE_CURVE('',#1907,#1906,#2312,.T.);
#1333=EDGE_CURVE('',#1908,#1907,#2313,.T.);
#1334=EDGE_CURVE('',#1909,#1908,#2314,.T.);
#1335=EDGE_CURVE('',#1899,#1909,#2315,.T.);
#1336=EDGE_CURVE('',#1910,#1911,#2316,.T.);
#1337=EDGE_CURVE('',#1911,#1912,#2317,.T.);
#1338=EDGE_CURVE('',#1912,#1913,#2318,.T.);
#1339=EDGE_CURVE('',#1913,#1914,#2319,.T.);
#1340=EDGE_CURVE('',#1914,#1915,#2320,.T.);
#1341=EDGE_CURVE('',#1915,#1916,#2321,.T.);
#1342=EDGE_CURVE('',#1916,#1917,#2322,.T.);
#1343=EDGE_CURVE('',#1917,#1918,#2323,.T.);
#1344=EDGE_CURVE('',#1918,#1919,#2324,.T.);
#1345=EDGE_CURVE('',#1919,#1920,#2325,.T.);
#1346=EDGE_CURVE('',#1920,#1921,#2326,.T.);
#1347=EDGE_CURVE('',#1921,#1910,#2327,.T.);
#1348=EDGE_CURVE('',#1922,#1923,#2328,.T.);
#1349=EDGE_CURVE('',#1910,#1923,#2329,.T.);
#1350=EDGE_CURVE('',#1921,#1922,#2330,.T.);
#1351=EDGE_CURVE('',#1899,#1888,#2331,.T.);
#1352=EDGE_CURVE('',#1909,#1889,#2332,.T.);
#1353=EDGE_CURVE('',#1908,#1890,#2333,.T.);
#1354=EDGE_CURVE('',#1907,#1891,#2334,.T.);
#1355=EDGE_CURVE('',#1906,#1892,#2335,.T.);
#1356=EDGE_CURVE('',#1905,#1893,#2336,.T.);
#1357=EDGE_CURVE('',#1904,#1894,#2337,.T.);
#1358=EDGE_CURVE('',#1903,#1895,#2338,.T.);
#1359=EDGE_CURVE('',#1902,#1896,#2339,.T.);
#1360=EDGE_CURVE('',#1901,#1897,#2340,.T.);
#1361=EDGE_CURVE('',#1900,#1886,#2341,.T.);
#1362=EDGE_CURVE('',#1898,#1887,#2342,.T.);
#1363=EDGE_CURVE('',#1924,#1922,#2343,.T.);
#1364=EDGE_CURVE('',#1920,#1924,#2344,.T.);
#1365=EDGE_CURVE('',#1925,#1924,#2345,.T.);
#1366=EDGE_CURVE('',#1919,#1925,#2346,.T.);
#1367=EDGE_CURVE('',#1926,#1925,#2347,.T.);
#1368=EDGE_CURVE('',#1918,#1926,#2348,.T.);
#1369=EDGE_CURVE('',#1927,#1926,#2349,.T.);
#1370=EDGE_CURVE('',#1917,#1927,#2350,.T.);
#1371=EDGE_CURVE('',#1928,#1927,#2351,.T.);
#1372=EDGE_CURVE('',#1916,#1928,#2352,.T.);
#1373=EDGE_CURVE('',#1929,#1928,#2353,.T.);
#1374=EDGE_CURVE('',#1915,#1929,#2354,.T.);
#1375=EDGE_CURVE('',#1930,#1929,#2355,.T.);
#1376=EDGE_CURVE('',#1914,#1930,#2356,.T.);
#1377=EDGE_CURVE('',#1931,#1930,#2357,.T.);
#1378=EDGE_CURVE('',#1913,#1931,#2358,.T.);
#1379=EDGE_CURVE('',#1932,#1931,#2359,.T.);
#1380=EDGE_CURVE('',#1912,#1932,#2360,.T.);
#1381=EDGE_CURVE('',#1933,#1932,#2361,.T.);
#1382=EDGE_CURVE('',#1911,#1933,#2362,.T.);
#1383=EDGE_CURVE('',#1923,#1933,#2363,.T.);
#1384=EDGE_CURVE('',#1934,#1935,#2364,.T.);
#1385=EDGE_CURVE('',#1935,#1936,#2365,.T.);
#1386=EDGE_CURVE('',#1937,#1936,#2366,.T.);
#1387=EDGE_CURVE('',#1934,#1937,#2367,.T.);
#1388=EDGE_CURVE('',#1938,#1939,#2368,.T.);
#1389=EDGE_CURVE('',#1940,#1938,#2369,.T.);
#1390=EDGE_CURVE('',#1940,#1941,#2370,.T.);
#1391=EDGE_CURVE('',#1939,#1941,#2371,.T.);
#1392=EDGE_CURVE('',#1941,#1937,#2372,.T.);
#1393=EDGE_CURVE('',#1940,#1934,#2373,.T.);
#1394=EDGE_CURVE('',#1938,#1935,#2374,.T.);
#1395=EDGE_CURVE('',#1936,#1939,#2375,.T.);
#1396=EDGE_CURVE('',#1942,#1943,#2376,.T.);
#1397=EDGE_CURVE('',#1942,#1944,#2377,.T.);
#1398=EDGE_CURVE('',#1944,#1945,#2378,.T.);
#1399=EDGE_CURVE('',#1943,#1945,#2379,.T.);
#1400=EDGE_CURVE('',#1946,#1947,#2380,.T.);
#1401=EDGE_CURVE('',#1947,#1948,#2381,.T.);
#1402=EDGE_CURVE('',#1949,#1948,#2382,.T.);
#1403=EDGE_CURVE('',#1949,#1946,#2383,.T.);
#1404=EDGE_CURVE('',#1948,#1944,#2384,.T.);
#1405=EDGE_CURVE('',#1945,#1947,#2385,.T.);
#1406=EDGE_CURVE('',#1949,#1942,#2386,.T.);
#1407=EDGE_CURVE('',#1946,#1943,#2387,.T.);
#1408=EDGE_CURVE('',#1950,#1951,#2388,.T.);
#1409=EDGE_CURVE('',#1952,#1950,#46,.T.);
#1410=EDGE_CURVE('',#1952,#1953,#2389,.T.);
#1411=EDGE_CURVE('',#1953,#1951,#47,.T.);
#1412=EDGE_CURVE('',#1954,#1952,#48,.T.);
#1413=EDGE_CURVE('',#1954,#1955,#2390,.T.);
#1414=EDGE_CURVE('',#1955,#1953,#49,.T.);
#1415=EDGE_CURVE('',#1956,#1954,#50,.T.);
#1416=EDGE_CURVE('',#1956,#1957,#2391,.T.);
#1417=EDGE_CURVE('',#1957,#1955,#51,.T.);
#1418=EDGE_CURVE('',#1958,#1956,#52,.T.);
#1419=EDGE_CURVE('',#1958,#1959,#2392,.T.);
#1420=EDGE_CURVE('',#1959,#1957,#53,.T.);
#1421=EDGE_CURVE('',#1960,#1958,#54,.T.);
#1422=EDGE_CURVE('',#1960,#1961,#2393,.T.);
#1423=EDGE_CURVE('',#1961,#1959,#55,.T.);
#1424=EDGE_CURVE('',#1962,#1960,#56,.T.);
#1425=EDGE_CURVE('',#1962,#1963,#2394,.T.);
#1426=EDGE_CURVE('',#1963,#1961,#57,.T.);
#1427=EDGE_CURVE('',#1950,#1962,#58,.T.);
#1428=EDGE_CURVE('',#1951,#1963,#59,.T.);
#1429=EDGE_CURVE('',#1964,#1965,#2395,.T.);
#1430=EDGE_CURVE('',#1966,#1964,#2396,.T.);
#1431=EDGE_CURVE('',#1966,#1967,#2397,.T.);
#1432=EDGE_CURVE('',#1967,#1965,#2398,.F.);
#1433=EDGE_CURVE('',#1968,#1966,#60,.T.);
#1434=EDGE_CURVE('',#1968,#1969,#2399,.T.);
#1435=EDGE_CURVE('',#1969,#1967,#61,.T.);
#1436=EDGE_CURVE('',#1970,#1968,#62,.T.);
#1437=EDGE_CURVE('',#1970,#1971,#2400,.T.);
#1438=EDGE_CURVE('',#1971,#1969,#63,.T.);
#1439=EDGE_CURVE('',#1972,#1970,#64,.T.);
#1440=EDGE_CURVE('',#1972,#1973,#2401,.T.);
#1441=EDGE_CURVE('',#1973,#1971,#65,.T.);
#1442=EDGE_CURVE('',#1974,#1972,#66,.T.);
#1443=EDGE_CURVE('',#1974,#1975,#2402,.T.);
#1444=EDGE_CURVE('',#1975,#1973,#67,.T.);
#1445=EDGE_CURVE('',#1976,#1974,#2403,.T.);
#1446=EDGE_CURVE('',#1976,#1977,#2404,.T.);
#1447=EDGE_CURVE('',#1977,#1975,#2405,.T.);
#1448=EDGE_CURVE('',#1978,#1979,#2406,.T.);
#1449=EDGE_CURVE('',#1980,#1978,#2407,.T.);
#1450=EDGE_CURVE('',#1980,#1981,#2408,.T.);
#1451=EDGE_CURVE('',#1981,#1979,#2409,.T.);
#1452=EDGE_CURVE('',#1982,#1980,#2410,.T.);
#1453=EDGE_CURVE('',#1982,#1983,#2411,.T.);
#1454=EDGE_CURVE('',#1983,#1981,#2412,.T.);
#1455=EDGE_CURVE('',#1984,#1982,#2413,.T.);
#1456=EDGE_CURVE('',#1984,#1985,#2414,.T.);
#1457=EDGE_CURVE('',#1985,#1983,#2415,.F.);
#1458=EDGE_CURVE('',#1986,#1984,#2416,.T.);
#1459=EDGE_CURVE('',#1986,#1987,#2417,.T.);
#1460=EDGE_CURVE('',#1987,#1985,#2418,.F.);
#1461=EDGE_CURVE('',#1988,#1986,#2419,.T.);
#1462=EDGE_CURVE('',#1988,#1989,#2420,.T.);
#1463=EDGE_CURVE('',#1989,#1987,#2421,.F.);
#1464=EDGE_CURVE('',#1990,#1988,#68,.T.);
#1465=EDGE_CURVE('',#1990,#1991,#2422,.T.);
#1466=EDGE_CURVE('',#1991,#1989,#69,.T.);
#1467=EDGE_CURVE('',#1992,#1990,#70,.T.);
#1468=EDGE_CURVE('',#1992,#1993,#2423,.T.);
#1469=EDGE_CURVE('',#1993,#1991,#71,.T.);
#1470=EDGE_CURVE('',#1964,#1976,#2424,.T.);
#1471=EDGE_CURVE('',#1965,#1977,#2425,.F.);
#1472=EDGE_CURVE('',#1978,#1992,#72,.T.);
#1473=EDGE_CURVE('',#1979,#1993,#73,.T.);
#1474=EDGE_CURVE('',#1994,#1995,#2426,.T.);
#1475=EDGE_CURVE('',#1995,#1996,#2427,.T.);
#1476=EDGE_CURVE('',#1996,#1997,#2428,.T.);
#1477=EDGE_CURVE('',#1997,#1998,#2429,.T.);
#1478=EDGE_CURVE('',#1998,#1999,#2430,.T.);
#1479=EDGE_CURVE('',#1999,#2000,#2431,.T.);
#1480=EDGE_CURVE('',#2000,#2001,#2432,.T.);
#1481=EDGE_CURVE('',#2001,#2002,#2433,.T.);
#1482=EDGE_CURVE('',#2002,#2003,#2434,.T.);
#1483=EDGE_CURVE('',#2003,#2004,#2435,.T.);
#1484=EDGE_CURVE('',#2004,#2005,#2436,.T.);
#1485=EDGE_CURVE('',#2005,#1994,#2437,.T.);
#1486=EDGE_CURVE('',#2006,#2007,#2438,.T.);
#1487=EDGE_CURVE('',#2008,#2006,#2439,.T.);
#1488=EDGE_CURVE('',#2009,#2008,#2440,.T.);
#1489=EDGE_CURVE('',#2010,#2009,#2441,.T.);
#1490=EDGE_CURVE('',#2011,#2010,#2442,.T.);
#1491=EDGE_CURVE('',#2012,#2011,#2443,.T.);
#1492=EDGE_CURVE('',#2013,#2012,#2444,.T.);
#1493=EDGE_CURVE('',#2014,#2013,#2445,.T.);
#1494=EDGE_CURVE('',#2015,#2014,#2446,.T.);
#1495=EDGE_CURVE('',#2016,#2015,#2447,.T.);
#1496=EDGE_CURVE('',#2017,#2016,#2448,.T.);
#1497=EDGE_CURVE('',#2007,#2017,#2449,.T.);
#1498=EDGE_CURVE('',#2018,#2019,#2450,.T.);
#1499=EDGE_CURVE('',#2019,#2020,#2451,.T.);
#1500=EDGE_CURVE('',#2020,#2021,#2452,.T.);
#1501=EDGE_CURVE('',#2021,#2022,#2453,.T.);
#1502=EDGE_CURVE('',#2022,#2023,#2454,.T.);
#1503=EDGE_CURVE('',#2023,#2024,#2455,.T.);
#1504=EDGE_CURVE('',#2024,#2025,#2456,.T.);
#1505=EDGE_CURVE('',#2025,#2026,#2457,.T.);
#1506=EDGE_CURVE('',#2026,#2027,#2458,.T.);
#1507=EDGE_CURVE('',#2027,#2028,#2459,.T.);
#1508=EDGE_CURVE('',#2028,#2029,#2460,.T.);
#1509=EDGE_CURVE('',#2029,#2018,#2461,.T.);
#1510=EDGE_CURVE('',#2030,#2031,#2462,.T.);
#1511=EDGE_CURVE('',#2018,#2031,#2463,.T.);
#1512=EDGE_CURVE('',#2029,#2030,#2464,.T.);
#1513=EDGE_CURVE('',#2007,#1996,#2465,.T.);
#1514=EDGE_CURVE('',#2017,#1997,#2466,.T.);
#1515=EDGE_CURVE('',#2016,#1998,#2467,.T.);
#1516=EDGE_CURVE('',#2015,#1999,#2468,.T.);
#1517=EDGE_CURVE('',#2014,#2000,#2469,.T.);
#1518=EDGE_CURVE('',#2013,#2001,#2470,.T.);
#1519=EDGE_CURVE('',#2012,#2002,#2471,.T.);
#1520=EDGE_CURVE('',#2011,#2003,#2472,.T.);
#1521=EDGE_CURVE('',#2010,#2004,#2473,.T.);
#1522=EDGE_CURVE('',#2009,#2005,#2474,.T.);
#1523=EDGE_CURVE('',#2008,#1994,#2475,.T.);
#1524=EDGE_CURVE('',#2006,#1995,#2476,.T.);
#1525=EDGE_CURVE('',#2032,#2030,#2477,.T.);
#1526=EDGE_CURVE('',#2028,#2032,#2478,.T.);
#1527=EDGE_CURVE('',#2033,#2032,#2479,.T.);
#1528=EDGE_CURVE('',#2027,#2033,#2480,.T.);
#1529=EDGE_CURVE('',#2034,#2033,#2481,.T.);
#1530=EDGE_CURVE('',#2026,#2034,#2482,.T.);
#1531=EDGE_CURVE('',#2035,#2034,#2483,.T.);
#1532=EDGE_CURVE('',#2025,#2035,#2484,.T.);
#1533=EDGE_CURVE('',#2036,#2035,#2485,.T.);
#1534=EDGE_CURVE('',#2024,#2036,#2486,.T.);
#1535=EDGE_CURVE('',#2037,#2036,#2487,.T.);
#1536=EDGE_CURVE('',#2023,#2037,#2488,.T.);
#1537=EDGE_CURVE('',#2038,#2037,#2489,.T.);
#1538=EDGE_CURVE('',#2022,#2038,#2490,.T.);
#1539=EDGE_CURVE('',#2039,#2038,#2491,.T.);
#1540=EDGE_CURVE('',#2021,#2039,#2492,.T.);
#1541=EDGE_CURVE('',#2040,#2039,#2493,.T.);
#1542=EDGE_CURVE('',#2020,#2040,#2494,.T.);
#1543=EDGE_CURVE('',#2041,#2040,#2495,.T.);
#1544=EDGE_CURVE('',#2019,#2041,#2496,.T.);
#1545=EDGE_CURVE('',#2031,#2041,#2497,.T.);
#1546=EDGE_CURVE('',#2042,#2043,#2498,.T.);
#1547=EDGE_CURVE('',#2043,#2044,#2499,.T.);
#1548=EDGE_CURVE('',#2044,#2045,#2500,.T.);
#1549=EDGE_CURVE('',#2042,#2045,#2501,.T.);
#1550=EDGE_CURVE('',#2046,#2047,#2502,.T.);
#1551=EDGE_CURVE('',#2048,#2046,#2503,.T.);
#1552=EDGE_CURVE('',#2048,#2049,#2504,.T.);
#1553=EDGE_CURVE('',#2047,#2049,#2505,.T.);
#1554=EDGE_CURVE('',#2045,#2049,#2506,.T.);
#1555=EDGE_CURVE('',#2048,#2042,#2507,.T.);
#1556=EDGE_CURVE('',#2046,#2043,#2508,.T.);
#1557=EDGE_CURVE('',#2044,#2047,#2509,.T.);
#1558=EDGE_CURVE('',#2050,#2051,#2510,.T.);
#1559=EDGE_CURVE('',#2050,#2052,#2511,.T.);
#1560=EDGE_CURVE('',#2053,#2052,#2512,.T.);
#1561=EDGE_CURVE('',#2051,#2053,#2513,.T.);
#1562=EDGE_CURVE('',#2054,#2055,#2514,.T.);
#1563=EDGE_CURVE('',#2055,#2056,#2515,.T.);
#1564=EDGE_CURVE('',#2057,#2056,#2516,.T.);
#1565=EDGE_CURVE('',#2057,#2054,#2517,.T.);
#1566=EDGE_CURVE('',#2057,#2050,#2518,.T.);
#1567=EDGE_CURVE('',#2052,#2056,#2519,.T.);
#1568=EDGE_CURVE('',#2054,#2051,#2520,.T.);
#1569=EDGE_CURVE('',#2053,#2055,#2521,.T.);
#1570=EDGE_CURVE('',#2058,#2059,#2522,.T.);
#1571=EDGE_CURVE('',#2059,#2060,#2523,.T.);
#1572=EDGE_CURVE('',#2060,#2061,#2524,.T.);
#1573=EDGE_CURVE('',#2061,#2062,#2525,.T.);
#1574=EDGE_CURVE('',#2062,#2063,#2526,.T.);
#1575=EDGE_CURVE('',#2063,#2064,#2527,.T.);
#1576=EDGE_CURVE('',#2064,#2065,#2528,.T.);
#1577=EDGE_CURVE('',#2065,#2066,#2529,.T.);
#1578=EDGE_CURVE('',#2066,#2067,#2530,.T.);
#1579=EDGE_CURVE('',#2067,#2068,#2531,.T.);
#1580=EDGE_CURVE('',#2068,#2069,#2532,.T.);
#1581=EDGE_CURVE('',#2069,#2058,#2533,.T.);
#1582=EDGE_CURVE('',#2070,#2071,#2534,.T.);
#1583=EDGE_CURVE('',#2071,#2072,#2535,.T.);
#1584=EDGE_CURVE('',#2072,#2073,#2536,.T.);
#1585=EDGE_CURVE('',#2073,#2074,#2537,.T.);
#1586=EDGE_CURVE('',#2074,#2075,#2538,.T.);
#1587=EDGE_CURVE('',#2075,#2076,#2539,.T.);
#1588=EDGE_CURVE('',#2076,#2077,#2540,.T.);
#1589=EDGE_CURVE('',#2077,#2078,#2541,.T.);
#1590=EDGE_CURVE('',#2078,#2079,#2542,.T.);
#1591=EDGE_CURVE('',#2079,#2080,#2543,.T.);
#1592=EDGE_CURVE('',#2080,#2081,#2544,.T.);
#1593=EDGE_CURVE('',#2081,#2070,#2545,.T.);
#1594=EDGE_CURVE('',#2082,#2083,#2546,.T.);
#1595=EDGE_CURVE('',#2083,#2084,#2547,.T.);
#1596=EDGE_CURVE('',#2084,#2085,#2548,.T.);
#1597=EDGE_CURVE('',#2085,#2082,#2549,.T.);
#1598=EDGE_CURVE('',#2086,#2087,#2550,.T.);
#1599=EDGE_CURVE('',#2087,#2088,#2551,.T.);
#1600=EDGE_CURVE('',#2088,#2089,#2552,.T.);
#1601=EDGE_CURVE('',#2089,#2090,#2553,.T.);
#1602=EDGE_CURVE('',#2090,#2091,#2554,.T.);
#1603=EDGE_CURVE('',#2091,#2086,#2555,.T.);
#1604=EDGE_CURVE('',#2092,#2093,#2556,.T.);
#1605=EDGE_CURVE('',#2094,#2092,#2557,.F.);
#1606=EDGE_CURVE('',#2095,#2094,#2558,.F.);
#1607=EDGE_CURVE('',#2096,#2095,#2559,.T.);
#1608=EDGE_CURVE('',#2097,#2096,#2560,.F.);
#1609=EDGE_CURVE('',#2093,#2097,#2561,.T.);
#1610=EDGE_CURVE('',#2086,#2094,#2562,.T.);
#1611=EDGE_CURVE('',#2087,#2092,#2563,.T.);
#1612=EDGE_CURVE('',#2088,#2093,#2564,.T.);
#1613=EDGE_CURVE('',#2089,#2097,#2565,.T.);
#1614=EDGE_CURVE('',#2090,#2096,#2566,.T.);
#1615=EDGE_CURVE('',#2091,#2095,#2567,.T.);
#1616=EDGE_CURVE('',#2098,#2099,#2568,.F.);
#1617=EDGE_CURVE('',#2100,#2098,#2569,.T.);
#1618=EDGE_CURVE('',#2101,#2100,#2570,.T.);
#1619=EDGE_CURVE('',#2099,#2101,#2571,.T.);
#1620=EDGE_CURVE('',#2084,#2100,#2572,.T.);
#1621=EDGE_CURVE('',#2085,#2098,#2573,.T.);
#1622=EDGE_CURVE('',#2082,#2099,#2574,.T.);
#1623=EDGE_CURVE('',#2083,#2101,#2575,.T.);
#1624=EDGE_CURVE('',#2102,#2103,#2576,.F.);
#1625=EDGE_CURVE('',#2104,#2102,#2577,.F.);
#1626=EDGE_CURVE('',#2105,#2104,#2578,.T.);
#1627=EDGE_CURVE('',#2106,#2105,#2579,.T.);
#1628=EDGE_CURVE('',#2107,#2106,#2580,.T.);
#1629=EDGE_CURVE('',#2108,#2107,#2581,.F.);
#1630=EDGE_CURVE('',#2109,#2108,#2582,.T.);
#1631=EDGE_CURVE('',#2110,#2109,#2583,.T.);
#1632=EDGE_CURVE('',#2111,#2110,#2584,.F.);
#1633=EDGE_CURVE('',#2112,#2111,#2585,.F.);
#1634=EDGE_CURVE('',#2113,#2112,#2586,.F.);
#1635=EDGE_CURVE('',#2103,#2113,#2587,.T.);
#1636=EDGE_CURVE('',#2072,#2104,#2588,.T.);
#1637=EDGE_CURVE('',#2073,#2102,#2589,.T.);
#1638=EDGE_CURVE('',#2074,#2103,#2590,.T.);
#1639=EDGE_CURVE('',#2075,#2113,#2591,.T.);
#1640=EDGE_CURVE('',#2076,#2112,#2592,.T.);
#1641=EDGE_CURVE('',#2077,#2111,#2593,.T.);
#1642=EDGE_CURVE('',#2078,#2110,#2594,.T.);
#1643=EDGE_CURVE('',#2079,#2109,#2595,.T.);
#1644=EDGE_CURVE('',#2080,#2108,#2596,.T.);
#1645=EDGE_CURVE('',#2081,#2107,#2597,.T.);
#1646=EDGE_CURVE('',#2070,#2106,#2598,.T.);
#1647=EDGE_CURVE('',#2071,#2105,#2599,.T.);
#1648=EDGE_CURVE('',#2114,#2115,#2600,.F.);
#1649=EDGE_CURVE('',#2116,#2114,#2601,.F.);
#1650=EDGE_CURVE('',#2117,#2116,#2602,.T.);
#1651=EDGE_CURVE('',#2118,#2117,#2603,.F.);
#1652=EDGE_CURVE('',#2119,#2118,#2604,.F.);
#1653=EDGE_CURVE('',#2120,#2119,#2605,.F.);
#1654=EDGE_CURVE('',#2121,#2120,#2606,.T.);
#1655=EDGE_CURVE('',#2122,#2121,#2607,.F.);
#1656=EDGE_CURVE('',#2123,#2122,#2608,.F.);
#1657=EDGE_CURVE('',#2124,#2123,#2609,.F.);
#1658=EDGE_CURVE('',#2125,#2124,#2610,.T.);
#1659=EDGE_CURVE('',#2115,#2125,#2611,.T.);
#1660=EDGE_CURVE('',#2060,#2116,#2612,.T.);
#1661=EDGE_CURVE('',#2061,#2114,#2613,.T.);
#1662=EDGE_CURVE('',#2062,#2115,#2614,.T.);
#1663=EDGE_CURVE('',#2063,#2125,#2615,.T.);
#1664=EDGE_CURVE('',#2064,#2124,#2616,.T.);
#1665=EDGE_CURVE('',#2065,#2123,#2617,.T.);
#1666=EDGE_CURVE('',#2066,#2122,#2618,.T.);
#1667=EDGE_CURVE('',#2067,#2121,#2619,.T.);
#1668=EDGE_CURVE('',#2068,#2120,#2620,.T.);
#1669=EDGE_CURVE('',#2069,#2119,#2621,.T.);
#1670=EDGE_CURVE('',#2058,#2118,#2622,.T.);
#1671=EDGE_CURVE('',#2059,#2117,#2623,.T.);
#1672=EDGE_CURVE('',#2126,#2127,#2624,.T.);
#1673=EDGE_CURVE('',#2128,#2126,#2625,.T.);
#1674=EDGE_CURVE('',#2128,#2129,#2626,.T.);
#1675=EDGE_CURVE('',#2129,#2127,#2627,.T.);
#1676=EDGE_CURVE('',#2130,#2128,#10,.T.);
#1677=EDGE_CURVE('',#2130,#2131,#2628,.T.);
#1678=EDGE_CURVE('',#2131,#2129,#11,.T.);
#1679=EDGE_CURVE('',#2130,#2126,#2629,.T.);
#1680=EDGE_CURVE('',#2131,#2127,#2630,.F.);
#1681=EDGE_CURVE('',#2132,#2133,#2631,.T.);
#1682=EDGE_CURVE('',#2134,#2132,#2632,.T.);
#1683=EDGE_CURVE('',#2134,#2135,#2633,.T.);
#1684=EDGE_CURVE('',#2135,#2133,#2634,.F.);
#1685=EDGE_CURVE('',#2136,#2134,#12,.T.);
#1686=EDGE_CURVE('',#2136,#2137,#2635,.T.);
#1687=EDGE_CURVE('',#2137,#2135,#13,.T.);
#1688=EDGE_CURVE('',#2136,#2132,#2636,.T.);
#1689=EDGE_CURVE('',#2137,#2133,#2637,.T.);
#1690=EDGE_CURVE('',#2138,#2139,#2638,.T.);
#1691=EDGE_CURVE('',#2138,#2140,#2639,.T.);
#1692=EDGE_CURVE('',#2140,#2141,#2640,.T.);
#1693=EDGE_CURVE('',#2139,#2141,#2641,.F.);
#1694=EDGE_CURVE('',#2142,#2140,#2642,.T.);
#1695=EDGE_CURVE('',#2142,#2143,#2643,.T.);
#1696=EDGE_CURVE('',#2143,#2141,#2644,.F.);
#1697=EDGE_CURVE('',#2142,#2138,#14,.T.);
#1698=EDGE_CURVE('',#2143,#2139,#15,.T.);
#1699=EDGE_CURVE('',#2144,#2145,#2645,.T.);
#1700=EDGE_CURVE('',#2146,#2144,#2646,.T.);
#1701=EDGE_CURVE('',#2146,#2147,#2647,.T.);
#1702=EDGE_CURVE('',#2147,#2145,#2648,.T.);
#1703=EDGE_CURVE('',#2146,#2148,#16,.T.);
#1704=EDGE_CURVE('',#2148,#2149,#2649,.T.);
#1705=EDGE_CURVE('',#2147,#2149,#17,.T.);
#1706=EDGE_CURVE('',#2148,#2150,#2650,.T.);
#1707=EDGE_CURVE('',#2150,#2151,#2651,.T.);
#1708=EDGE_CURVE('',#2149,#2151,#2652,.T.);
#1709=EDGE_CURVE('',#2150,#2144,#2653,.T.);
#1710=EDGE_CURVE('',#2151,#2145,#2654,.T.);
#1711=EDGE_CURVE('',#2152,#2153,#2655,.T.);
#1712=EDGE_CURVE('',#2152,#2154,#18,.T.);
#1713=EDGE_CURVE('',#2154,#2155,#2656,.T.);
#1714=EDGE_CURVE('',#2153,#2155,#19,.T.);
#1715=EDGE_CURVE('',#2156,#2154,#2657,.T.);
#1716=EDGE_CURVE('',#2156,#2157,#2658,.T.);
#1717=EDGE_CURVE('',#2157,#2155,#2659,.T.);
#1718=EDGE_CURVE('',#2158,#2156,#20,.T.);
#1719=EDGE_CURVE('',#2158,#2159,#2660,.T.);
#1720=EDGE_CURVE('',#2159,#2157,#21,.T.);
#1721=EDGE_CURVE('',#2158,#2152,#2661,.T.);
#1722=EDGE_CURVE('',#2159,#2153,#2662,.T.);
#1723=EDGE_CURVE('',#2160,#2161,#2663,.T.);
#1724=EDGE_CURVE('',#2162,#2160,#22,.T.);
#1725=EDGE_CURVE('',#2162,#2163,#2664,.T.);
#1726=EDGE_CURVE('',#2163,#2161,#23,.T.);
#1727=EDGE_CURVE('',#2164,#2162,#2665,.T.);
#1728=EDGE_CURVE('',#2164,#2165,#2666,.T.);
#1729=EDGE_CURVE('',#2165,#2163,#2667,.F.);
#1730=EDGE_CURVE('',#2164,#2166,#24,.T.);
#1731=EDGE_CURVE('',#2166,#2167,#2668,.T.);
#1732=EDGE_CURVE('',#2165,#2167,#25,.T.);
#1733=EDGE_CURVE('',#2166,#2160,#2669,.T.);
#1734=EDGE_CURVE('',#2167,#2161,#2670,.F.);
#1735=EDGE_CURVE('',#2168,#2169,#2671,.T.);
#1736=EDGE_CURVE('',#2170,#2168,#26,.T.);
#1737=EDGE_CURVE('',#2170,#2171,#2672,.T.);
#1738=EDGE_CURVE('',#2171,#2169,#27,.T.);
#1739=EDGE_CURVE('',#2172,#2170,#2673,.T.);
#1740=EDGE_CURVE('',#2172,#2173,#2674,.T.);
#1741=EDGE_CURVE('',#2173,#2171,#2675,.T.);
#1742=EDGE_CURVE('',#2172,#2174,#28,.T.);
#1743=EDGE_CURVE('',#2174,#2175,#2676,.T.);
#1744=EDGE_CURVE('',#2173,#2175,#29,.T.);
#1745=EDGE_CURVE('',#2174,#2168,#2677,.T.);
#1746=EDGE_CURVE('',#2175,#2169,#2678,.T.);
#1747=EDGE_CURVE('',#2176,#2177,#2679,.T.);
#1748=EDGE_CURVE('',#2178,#2176,#30,.T.);
#1749=EDGE_CURVE('',#2178,#2179,#2680,.T.);
#1750=EDGE_CURVE('',#2179,#2177,#31,.T.);
#1751=EDGE_CURVE('',#2178,#2180,#2681,.T.);
#1752=EDGE_CURVE('',#2180,#2181,#2682,.T.);
#1753=EDGE_CURVE('',#2179,#2181,#2683,.F.);
#1754=EDGE_CURVE('',#2180,#2182,#32,.T.);
#1755=EDGE_CURVE('',#2182,#2183,#2684,.T.);
#1756=EDGE_CURVE('',#2181,#2183,#33,.T.);
#1757=EDGE_CURVE('',#2176,#2182,#2685,.T.);
#1758=EDGE_CURVE('',#2177,#2183,#2686,.F.);
#1759=EDGE_CURVE('',#2184,#2185,#2687,.T.);
#1760=EDGE_CURVE('',#2185,#2186,#2688,.T.);
#1761=EDGE_CURVE('',#2187,#2186,#2689,.T.);
#1762=EDGE_CURVE('',#2184,#2187,#2690,.T.);
#1763=EDGE_CURVE('',#2188,#2189,#2691,.T.);
#1764=EDGE_CURVE('',#2188,#2190,#2692,.T.);
#1765=EDGE_CURVE('',#2190,#2191,#2693,.T.);
#1766=EDGE_CURVE('',#2189,#2191,#2694,.T.);
#1767=EDGE_CURVE('',#2192,#2193,#2695,.T.);
#1768=EDGE_CURVE('',#2194,#2192,#2696,.T.);
#1769=EDGE_CURVE('',#2195,#2194,#2697,.T.);
#1770=EDGE_CURVE('',#2196,#2195,#2698,.T.);
#1771=EDGE_CURVE('',#2197,#2196,#2699,.T.);
#1772=EDGE_CURVE('',#2198,#2197,#2700,.T.);
#1773=EDGE_CURVE('',#2199,#2198,#2701,.T.);
#1774=EDGE_CURVE('',#2200,#2199,#2702,.T.);
#1775=EDGE_CURVE('',#2201,#2200,#2703,.T.);
#1776=EDGE_CURVE('',#2202,#2201,#2704,.T.);
#1777=EDGE_CURVE('',#2203,#2202,#2705,.T.);
#1778=EDGE_CURVE('',#2193,#2203,#2706,.T.);
#1779=EDGE_CURVE('',#2204,#2205,#2707,.F.);
#1780=EDGE_CURVE('',#2205,#2206,#2708,.T.);
#1781=EDGE_CURVE('',#2207,#2206,#2709,.F.);
#1782=EDGE_CURVE('',#2204,#2207,#2710,.T.);
#1783=EDGE_CURVE('',#2208,#2186,#2711,.T.);
#1784=EDGE_CURVE('',#2207,#2208,#2712,.T.);
#1785=EDGE_CURVE('',#2206,#2187,#2713,.T.);
#1786=EDGE_CURVE('',#2204,#2209,#2714,.T.);
#1787=EDGE_CURVE('',#2209,#2185,#2715,.T.);
#1788=EDGE_CURVE('',#2205,#2184,#2716,.T.);
#1789=EDGE_CURVE('',#2210,#2211,#2717,.T.);
#1790=EDGE_CURVE('',#2210,#2212,#2718,.T.);
#1791=EDGE_CURVE('',#2213,#2212,#2719,.T.);
#1792=EDGE_CURVE('',#2211,#2213,#2720,.T.);
#1793=EDGE_CURVE('',#2208,#2209,#2721,.T.);
#1794=EDGE_CURVE('',#2213,#2191,#2722,.T.);
#1795=EDGE_CURVE('',#2211,#2190,#2723,.T.);
#1796=EDGE_CURVE('',#2210,#2188,#2724,.T.);
#1797=EDGE_CURVE('',#2212,#2189,#2725,.T.);
#1798=EDGE_CURVE('',#2214,#2193,#2726,.T.);
#1799=EDGE_CURVE('',#2215,#2214,#2727,.T.);
#1800=EDGE_CURVE('',#2215,#2192,#2728,.T.);
#1801=EDGE_CURVE('',#2216,#2203,#2729,.T.);
#1802=EDGE_CURVE('',#2214,#2216,#2730,.T.);
#1803=EDGE_CURVE('',#2217,#2202,#2731,.T.);
#1804=EDGE_CURVE('',#2216,#2217,#2732,.T.);
#1805=EDGE_CURVE('',#2218,#2201,#2733,.T.);
#1806=EDGE_CURVE('',#2217,#2218,#2734,.T.);
#1807=EDGE_CURVE('',#2219,#2200,#2735,.T.);
#1808=EDGE_CURVE('',#2218,#2219,#2736,.T.);
#1809=EDGE_CURVE('',#2220,#2199,#2737,.T.);
#1810=EDGE_CURVE('',#2219,#2220,#2738,.T.);
#1811=EDGE_CURVE('',#2221,#2198,#2739,.T.);
#1812=EDGE_CURVE('',#2220,#2221,#2740,.T.);
#1813=EDGE_CURVE('',#2222,#2197,#2741,.T.);
#1814=EDGE_CURVE('',#2221,#2222,#2742,.T.);
#1815=EDGE_CURVE('',#2223,#2196,#2743,.T.);
#1816=EDGE_CURVE('',#2222,#2223,#2744,.T.);
#1817=EDGE_CURVE('',#2224,#2195,#2745,.T.);
#1818=EDGE_CURVE('',#2223,#2224,#2746,.T.);
#1819=EDGE_CURVE('',#2225,#2194,#2747,.T.);
#1820=EDGE_CURVE('',#2224,#2225,#2748,.T.);
#1821=EDGE_CURVE('',#2226,#2227,#2749,.T.);
#1822=EDGE_CURVE('',#2228,#2226,#2750,.T.);
#1823=EDGE_CURVE('',#2228,#2229,#2751,.T.);
#1824=EDGE_CURVE('',#2229,#2227,#2752,.T.);
#1825=EDGE_CURVE('',#2230,#2226,#2753,.T.);
#1826=EDGE_CURVE('',#2231,#2230,#2754,.T.);
#1827=EDGE_CURVE('',#2231,#2228,#2755,.T.);
#1828=EDGE_CURVE('',#2232,#2230,#2756,.T.);
#1829=EDGE_CURVE('',#2233,#2232,#2757,.T.);
#1830=EDGE_CURVE('',#2233,#2231,#2758,.T.);
#1831=EDGE_CURVE('',#2234,#2232,#2759,.T.);
#1832=EDGE_CURVE('',#2235,#2234,#2760,.T.);
#1833=EDGE_CURVE('',#2235,#2233,#2761,.T.);
#1834=EDGE_CURVE('',#2236,#2234,#2762,.T.);
#1835=EDGE_CURVE('',#2237,#2236,#2763,.T.);
#1836=EDGE_CURVE('',#2237,#2235,#2764,.T.);
#1837=EDGE_CURVE('',#2238,#2236,#2765,.T.);
#1838=EDGE_CURVE('',#2239,#2238,#2766,.T.);
#1839=EDGE_CURVE('',#2239,#2237,#2767,.T.);
#1840=EDGE_CURVE('',#2240,#2238,#2768,.T.);
#1841=EDGE_CURVE('',#2241,#2240,#2769,.T.);
#1842=EDGE_CURVE('',#2241,#2239,#2770,.T.);
#1843=EDGE_CURVE('',#2242,#2240,#2771,.T.);
#1844=EDGE_CURVE('',#2243,#2242,#2772,.T.);
#1845=EDGE_CURVE('',#2243,#2241,#2773,.T.);
#1846=EDGE_CURVE('',#2244,#2242,#2774,.T.);
#1847=EDGE_CURVE('',#2245,#2244,#2775,.T.);
#1848=EDGE_CURVE('',#2245,#2243,#2776,.T.);
#1849=EDGE_CURVE('',#2246,#2244,#2777,.T.);
#1850=EDGE_CURVE('',#2247,#2246,#2778,.T.);
#1851=EDGE_CURVE('',#2247,#2245,#2779,.T.);
#1852=EDGE_CURVE('',#2248,#2246,#2780,.T.);
#1853=EDGE_CURVE('',#2249,#2248,#2781,.T.);
#1854=EDGE_CURVE('',#2249,#2247,#2782,.T.);
#1855=EDGE_CURVE('',#2227,#2248,#2783,.T.);
#1856=EDGE_CURVE('',#2229,#2249,#2784,.T.);
#1857=EDGE_CURVE('',#2225,#2215,#2785,.T.);
#1858=VERTEX_POINT('',#5557);
#1859=VERTEX_POINT('',#5558);
#1860=VERTEX_POINT('',#5560);
#1861=VERTEX_POINT('',#5562);
#1862=VERTEX_POINT('',#5566);
#1863=VERTEX_POINT('',#5568);
#1864=VERTEX_POINT('',#5572);
#1865=VERTEX_POINT('',#5574);
#1866=VERTEX_POINT('',#5578);
#1867=VERTEX_POINT('',#5580);
#1868=VERTEX_POINT('',#5584);
#1869=VERTEX_POINT('',#5586);
#1870=VERTEX_POINT('',#5590);
#1871=VERTEX_POINT('',#5592);
#1872=VERTEX_POINT('',#5596);
#1873=VERTEX_POINT('',#5598);
#1874=VERTEX_POINT('',#5602);
#1875=VERTEX_POINT('',#5604);
#1876=VERTEX_POINT('',#5608);
#1877=VERTEX_POINT('',#5610);
#1878=VERTEX_POINT('',#5614);
#1879=VERTEX_POINT('',#5616);
#1880=VERTEX_POINT('',#5620);
#1881=VERTEX_POINT('',#5621);
#1882=VERTEX_POINT('',#5623);
#1883=VERTEX_POINT('',#5625);
#1884=VERTEX_POINT('',#5629);
#1885=VERTEX_POINT('',#5631);
#1886=VERTEX_POINT('',#5642);
#1887=VERTEX_POINT('',#5643);
#1888=VERTEX_POINT('',#5645);
#1889=VERTEX_POINT('',#5647);
#1890=VERTEX_POINT('',#5649);
#1891=VERTEX_POINT('',#5651);
#1892=VERTEX_POINT('',#5653);
#1893=VERTEX_POINT('',#5655);
#1894=VERTEX_POINT('',#5657);
#1895=VERTEX_POINT('',#5659);
#1896=VERTEX_POINT('',#5661);
#1897=VERTEX_POINT('',#5663);
#1898=VERTEX_POINT('',#5667);
#1899=VERTEX_POINT('',#5668);
#1900=VERTEX_POINT('',#5670);
#1901=VERTEX_POINT('',#5672);
#1902=VERTEX_POINT('',#5674);
#1903=VERTEX_POINT('',#5676);
#1904=VERTEX_POINT('',#5678);
#1905=VERTEX_POINT('',#5680);
#1906=VERTEX_POINT('',#5682);
#1907=VERTEX_POINT('',#5684);
#1908=VERTEX_POINT('',#5686);
#1909=VERTEX_POINT('',#5688);
#1910=VERTEX_POINT('',#5691);
#1911=VERTEX_POINT('',#5692);
#1912=VERTEX_POINT('',#5694);
#1913=VERTEX_POINT('',#5696);
#1914=VERTEX_POINT('',#5698);
#1915=VERTEX_POINT('',#5700);
#1916=VERTEX_POINT('',#5702);
#1917=VERTEX_POINT('',#5704);
#1918=VERTEX_POINT('',#5706);
#1919=VERTEX_POINT('',#5708);
#1920=VERTEX_POINT('',#5710);
#1921=VERTEX_POINT('',#5712);
#1922=VERTEX_POINT('',#5716);
#1923=VERTEX_POINT('',#5717);
#1924=VERTEX_POINT('',#5746);
#1925=VERTEX_POINT('',#5750);
#1926=VERTEX_POINT('',#5754);
#1927=VERTEX_POINT('',#5758);
#1928=VERTEX_POINT('',#5762);
#1929=VERTEX_POINT('',#5766);
#1930=VERTEX_POINT('',#5770);
#1931=VERTEX_POINT('',#5774);
#1932=VERTEX_POINT('',#5778);
#1933=VERTEX_POINT('',#5782);
#1934=VERTEX_POINT('',#5788);
#1935=VERTEX_POINT('',#5789);
#1936=VERTEX_POINT('',#5791);
#1937=VERTEX_POINT('',#5793);
#1938=VERTEX_POINT('',#5797);
#1939=VERTEX_POINT('',#5798);
#1940=VERTEX_POINT('',#5800);
#1941=VERTEX_POINT('',#5802);
#1942=VERTEX_POINT('',#5812);
#1943=VERTEX_POINT('',#5813);
#1944=VERTEX_POINT('',#5815);
#1945=VERTEX_POINT('',#5817);
#1946=VERTEX_POINT('',#5821);
#1947=VERTEX_POINT('',#5822);
#1948=VERTEX_POINT('',#5824);
#1949=VERTEX_POINT('',#5826);
#1950=VERTEX_POINT('',#5848);
#1951=VERTEX_POINT('',#5849);
#1952=VERTEX_POINT('',#5853);
#1953=VERTEX_POINT('',#5855);
#1954=VERTEX_POINT('',#5870);
#1955=VERTEX_POINT('',#5872);
#1956=VERTEX_POINT('',#5887);
#1957=VERTEX_POINT('',#5889);
#1958=VERTEX_POINT('',#5904);
#1959=VERTEX_POINT('',#5906);
#1960=VERTEX_POINT('',#5921);
#1961=VERTEX_POINT('',#5923);
#1962=VERTEX_POINT('',#5938);
#1963=VERTEX_POINT('',#5940);
#1964=VERTEX_POINT('',#5961);
#1965=VERTEX_POINT('',#5962);
#1966=VERTEX_POINT('',#5964);
#1967=VERTEX_POINT('',#5966);
#1968=VERTEX_POINT('',#5979);
#1969=VERTEX_POINT('',#5981);
#1970=VERTEX_POINT('',#5996);
#1971=VERTEX_POINT('',#5998);
#1972=VERTEX_POINT('',#6013);
#1973=VERTEX_POINT('',#6015);
#1974=VERTEX_POINT('',#6030);
#1975=VERTEX_POINT('',#6032);
#1976=VERTEX_POINT('',#6038);
#1977=VERTEX_POINT('',#6040);
#1978=VERTEX_POINT('',#6044);
#1979=VERTEX_POINT('',#6045);
#1980=VERTEX_POINT('',#6047);
#1981=VERTEX_POINT('',#6049);
#1982=VERTEX_POINT('',#6053);
#1983=VERTEX_POINT('',#6055);
#1984=VERTEX_POINT('',#6059);
#1985=VERTEX_POINT('',#6061);
#1986=VERTEX_POINT('',#6065);
#1987=VERTEX_POINT('',#6067);
#1988=VERTEX_POINT('',#6071);
#1989=VERTEX_POINT('',#6073);
#1990=VERTEX_POINT('',#6086);
#1991=VERTEX_POINT('',#6088);
#1992=VERTEX_POINT('',#6103);
#1993=VERTEX_POINT('',#6105);
#1994=VERTEX_POINT('',#6129);
#1995=VERTEX_POINT('',#6130);
#1996=VERTEX_POINT('',#6132);
#1997=VERTEX_POINT('',#6134);
#1998=VERTEX_POINT('',#6136);
#1999=VERTEX_POINT('',#6138);
#2000=VERTEX_POINT('',#6140);
#2001=VERTEX_POINT('',#6142);
#2002=VERTEX_POINT('',#6144);
#2003=VERTEX_POINT('',#6146);
#2004=VERTEX_POINT('',#6148);
#2005=VERTEX_POINT('',#6150);
#2006=VERTEX_POINT('',#6154);
#2007=VERTEX_POINT('',#6155);
#2008=VERTEX_POINT('',#6157);
#2009=VERTEX_POINT('',#6159);
#2010=VERTEX_POINT('',#6161);
#2011=VERTEX_POINT('',#6163);
#2012=VERTEX_POINT('',#6165);
#2013=VERTEX_POINT('',#6167);
#2014=VERTEX_POINT('',#6169);
#2015=VERTEX_POINT('',#6171);
#2016=VERTEX_POINT('',#6173);
#2017=VERTEX_POINT('',#6175);
#2018=VERTEX_POINT('',#6178);
#2019=VERTEX_POINT('',#6179);
#2020=VERTEX_POINT('',#6181);
#2021=VERTEX_POINT('',#6183);
#2022=VERTEX_POINT('',#6185);
#2023=VERTEX_POINT('',#6187);
#2024=VERTEX_POINT('',#6189);
#2025=VERTEX_POINT('',#6191);
#2026=VERTEX_POINT('',#6193);
#2027=VERTEX_POINT('',#6195);
#2028=VERTEX_POINT('',#6197);
#2029=VERTEX_POINT('',#6199);
#2030=VERTEX_POINT('',#6203);
#2031=VERTEX_POINT('',#6204);
#2032=VERTEX_POINT('',#6233);
#2033=VERTEX_POINT('',#6237);
#2034=VERTEX_POINT('',#6241);
#2035=VERTEX_POINT('',#6245);
#2036=VERTEX_POINT('',#6249);
#2037=VERTEX_POINT('',#6253);
#2038=VERTEX_POINT('',#6257);
#2039=VERTEX_POINT('',#6261);
#2040=VERTEX_POINT('',#6265);
#2041=VERTEX_POINT('',#6269);
#2042=VERTEX_POINT('',#6275);
#2043=VERTEX_POINT('',#6276);
#2044=VERTEX_POINT('',#6278);
#2045=VERTEX_POINT('',#6280);
#2046=VERTEX_POINT('',#6284);
#2047=VERTEX_POINT('',#6285);
#2048=VERTEX_POINT('',#6287);
#2049=VERTEX_POINT('',#6289);
#2050=VERTEX_POINT('',#6299);
#2051=VERTEX_POINT('',#6300);
#2052=VERTEX_POINT('',#6302);
#2053=VERTEX_POINT('',#6304);
#2054=VERTEX_POINT('',#6308);
#2055=VERTEX_POINT('',#6309);
#2056=VERTEX_POINT('',#6311);
#2057=VERTEX_POINT('',#6313);
#2058=VERTEX_POINT('',#6323);
#2059=VERTEX_POINT('',#6324);
#2060=VERTEX_POINT('',#6326);
#2061=VERTEX_POINT('',#6328);
#2062=VERTEX_POINT('',#6330);
#2063=VERTEX_POINT('',#6332);
#2064=VERTEX_POINT('',#6334);
#2065=VERTEX_POINT('',#6336);
#2066=VERTEX_POINT('',#6338);
#2067=VERTEX_POINT('',#6340);
#2068=VERTEX_POINT('',#6342);
#2069=VERTEX_POINT('',#6344);
#2070=VERTEX_POINT('',#6347);
#2071=VERTEX_POINT('',#6348);
#2072=VERTEX_POINT('',#6350);
#2073=VERTEX_POINT('',#6352);
#2074=VERTEX_POINT('',#6354);
#2075=VERTEX_POINT('',#6356);
#2076=VERTEX_POINT('',#6358);
#2077=VERTEX_POINT('',#6360);
#2078=VERTEX_POINT('',#6362);
#2079=VERTEX_POINT('',#6364);
#2080=VERTEX_POINT('',#6366);
#2081=VERTEX_POINT('',#6368);
#2082=VERTEX_POINT('',#6371);
#2083=VERTEX_POINT('',#6372);
#2084=VERTEX_POINT('',#6374);
#2085=VERTEX_POINT('',#6376);
#2086=VERTEX_POINT('',#6379);
#2087=VERTEX_POINT('',#6380);
#2088=VERTEX_POINT('',#6382);
#2089=VERTEX_POINT('',#6384);
#2090=VERTEX_POINT('',#6386);
#2091=VERTEX_POINT('',#6388);
#2092=VERTEX_POINT('',#6394);
#2093=VERTEX_POINT('',#6395);
#2094=VERTEX_POINT('',#6397);
#2095=VERTEX_POINT('',#6399);
#2096=VERTEX_POINT('',#6401);
#2097=VERTEX_POINT('',#6403);
#2098=VERTEX_POINT('',#6419);
#2099=VERTEX_POINT('',#6420);
#2100=VERTEX_POINT('',#6422);
#2101=VERTEX_POINT('',#6424);
#2102=VERTEX_POINT('',#6436);
#2103=VERTEX_POINT('',#6437);
#2104=VERTEX_POINT('',#6439);
#2105=VERTEX_POINT('',#6441);
#2106=VERTEX_POINT('',#6443);
#2107=VERTEX_POINT('',#6445);
#2108=VERTEX_POINT('',#6447);
#2109=VERTEX_POINT('',#6449);
#2110=VERTEX_POINT('',#6451);
#2111=VERTEX_POINT('',#6453);
#2112=VERTEX_POINT('',#6455);
#2113=VERTEX_POINT('',#6457);
#2114=VERTEX_POINT('',#6485);
#2115=VERTEX_POINT('',#6486);
#2116=VERTEX_POINT('',#6488);
#2117=VERTEX_POINT('',#6490);
#2118=VERTEX_POINT('',#6492);
#2119=VERTEX_POINT('',#6494);
#2120=VERTEX_POINT('',#6496);
#2121=VERTEX_POINT('',#6498);
#2122=VERTEX_POINT('',#6500);
#2123=VERTEX_POINT('',#6502);
#2124=VERTEX_POINT('',#6504);
#2125=VERTEX_POINT('',#6506);
#2126=VERTEX_POINT('',#6536);
#2127=VERTEX_POINT('',#6537);
#2128=VERTEX_POINT('',#6539);
#2129=VERTEX_POINT('',#6541);
#2130=VERTEX_POINT('',#6545);
#2131=VERTEX_POINT('',#6547);
#2132=VERTEX_POINT('',#6555);
#2133=VERTEX_POINT('',#6556);
#2134=VERTEX_POINT('',#6558);
#2135=VERTEX_POINT('',#6560);
#2136=VERTEX_POINT('',#6564);
#2137=VERTEX_POINT('',#6566);
#2138=VERTEX_POINT('',#6574);
#2139=VERTEX_POINT('',#6575);
#2140=VERTEX_POINT('',#6577);
#2141=VERTEX_POINT('',#6579);
#2142=VERTEX_POINT('',#6583);
#2143=VERTEX_POINT('',#6585);
#2144=VERTEX_POINT('',#6593);
#2145=VERTEX_POINT('',#6594);
#2146=VERTEX_POINT('',#6596);
#2147=VERTEX_POINT('',#6598);
#2148=VERTEX_POINT('',#6602);
#2149=VERTEX_POINT('',#6604);
#2150=VERTEX_POINT('',#6608);
#2151=VERTEX_POINT('',#6610);
#2152=VERTEX_POINT('',#6618);
#2153=VERTEX_POINT('',#6619);
#2154=VERTEX_POINT('',#6621);
#2155=VERTEX_POINT('',#6623);
#2156=VERTEX_POINT('',#6627);
#2157=VERTEX_POINT('',#6629);
#2158=VERTEX_POINT('',#6633);
#2159=VERTEX_POINT('',#6635);
#2160=VERTEX_POINT('',#6643);
#2161=VERTEX_POINT('',#6644);
#2162=VERTEX_POINT('',#6646);
#2163=VERTEX_POINT('',#6648);
#2164=VERTEX_POINT('',#6652);
#2165=VERTEX_POINT('',#6654);
#2166=VERTEX_POINT('',#6658);
#2167=VERTEX_POINT('',#6660);
#2168=VERTEX_POINT('',#6668);
#2169=VERTEX_POINT('',#6669);
#2170=VERTEX_POINT('',#6671);
#2171=VERTEX_POINT('',#6673);
#2172=VERTEX_POINT('',#6677);
#2173=VERTEX_POINT('',#6679);
#2174=VERTEX_POINT('',#6683);
#2175=VERTEX_POINT('',#6685);
#2176=VERTEX_POINT('',#6693);
#2177=VERTEX_POINT('',#6694);
#2178=VERTEX_POINT('',#6696);
#2179=VERTEX_POINT('',#6698);
#2180=VERTEX_POINT('',#6702);
#2181=VERTEX_POINT('',#6704);
#2182=VERTEX_POINT('',#6708);
#2183=VERTEX_POINT('',#6710);
#2184=VERTEX_POINT('',#6718);
#2185=VERTEX_POINT('',#6719);
#2186=VERTEX_POINT('',#6721);
#2187=VERTEX_POINT('',#6723);
#2188=VERTEX_POINT('',#6727);
#2189=VERTEX_POINT('',#6728);
#2190=VERTEX_POINT('',#6730);
#2191=VERTEX_POINT('',#6732);
#2192=VERTEX_POINT('',#6735);
#2193=VERTEX_POINT('',#6736);
#2194=VERTEX_POINT('',#6738);
#2195=VERTEX_POINT('',#6740);
#2196=VERTEX_POINT('',#6742);
#2197=VERTEX_POINT('',#6744);
#2198=VERTEX_POINT('',#6746);
#2199=VERTEX_POINT('',#6748);
#2200=VERTEX_POINT('',#6750);
#2201=VERTEX_POINT('',#6752);
#2202=VERTEX_POINT('',#6754);
#2203=VERTEX_POINT('',#6756);
#2204=VERTEX_POINT('',#6760);
#2205=VERTEX_POINT('',#6761);
#2206=VERTEX_POINT('',#6763);
#2207=VERTEX_POINT('',#6765);
#2208=VERTEX_POINT('',#6769);
#2209=VERTEX_POINT('',#6774);
#2210=VERTEX_POINT('',#6779);
#2211=VERTEX_POINT('',#6780);
#2212=VERTEX_POINT('',#6782);
#2213=VERTEX_POINT('',#6784);
#2214=VERTEX_POINT('',#6799);
#2215=VERTEX_POINT('',#6801);
#2216=VERTEX_POINT('',#6805);
#2217=VERTEX_POINT('',#6809);
#2218=VERTEX_POINT('',#6813);
#2219=VERTEX_POINT('',#6817);
#2220=VERTEX_POINT('',#6821);
#2221=VERTEX_POINT('',#6825);
#2222=VERTEX_POINT('',#6829);
#2223=VERTEX_POINT('',#6833);
#2224=VERTEX_POINT('',#6837);
#2225=VERTEX_POINT('',#6841);
#2226=VERTEX_POINT('',#6845);
#2227=VERTEX_POINT('',#6846);
#2228=VERTEX_POINT('',#6848);
#2229=VERTEX_POINT('',#6850);
#2230=VERTEX_POINT('',#6854);
#2231=VERTEX_POINT('',#6856);
#2232=VERTEX_POINT('',#6860);
#2233=VERTEX_POINT('',#6862);
#2234=VERTEX_POINT('',#6866);
#2235=VERTEX_POINT('',#6868);
#2236=VERTEX_POINT('',#6872);
#2237=VERTEX_POINT('',#6874);
#2238=VERTEX_POINT('',#6878);
#2239=VERTEX_POINT('',#6880);
#2240=VERTEX_POINT('',#6884);
#2241=VERTEX_POINT('',#6886);
#2242=VERTEX_POINT('',#6890);
#2243=VERTEX_POINT('',#6892);
#2244=VERTEX_POINT('',#6896);
#2245=VERTEX_POINT('',#6898);
#2246=VERTEX_POINT('',#6902);
#2247=VERTEX_POINT('',#6904);
#2248=VERTEX_POINT('',#6908);
#2249=VERTEX_POINT('',#6910);
#2250=LINE('',#5556,#2786);
#2251=LINE('',#5559,#2787);
#2252=LINE('',#5561,#2788);
#2253=LINE('',#5563,#2789);
#2254=LINE('',#5565,#2790);
#2255=LINE('',#5567,#2791);
#2256=LINE('',#5569,#2792);
#2257=LINE('',#5571,#2793);
#2258=LINE('',#5573,#2794);
#2259=LINE('',#5575,#2795);
#2260=LINE('',#5577,#2796);
#2261=LINE('',#5579,#2797);
#2262=LINE('',#5581,#2798);
#2263=LINE('',#5583,#2799);
#2264=LINE('',#5585,#2800);
#2265=LINE('',#5587,#2801);
#2266=LINE('',#5589,#2802);
#2267=LINE('',#5591,#2803);
#2268=LINE('',#5593,#2804);
#2269=LINE('',#5595,#2805);
#2270=LINE('',#5597,#2806);
#2271=LINE('',#5599,#2807);
#2272=LINE('',#5601,#2808);
#2273=LINE('',#5603,#2809);
#2274=LINE('',#5605,#2810);
#2275=LINE('',#5607,#2811);
#2276=LINE('',#5609,#2812);
#2277=LINE('',#5611,#2813);
#2278=LINE('',#5613,#2814);
#2279=LINE('',#5615,#2815);
#2280=LINE('',#5617,#2816);
#2281=LINE('',#5619,#2817);
#2282=LINE('',#5622,#2818);
#2283=LINE('',#5624,#2819);
#2284=LINE('',#5626,#2820);
#2285=LINE('',#5628,#2821);
#2286=LINE('',#5630,#2822);
#2287=LINE('',#5632,#2823);
#2288=LINE('',#5634,#2824);
#2289=LINE('',#5635,#2825);
#2290=LINE('',#5637,#2826);
#2291=LINE('',#5638,#2827);
#2292=LINE('',#5641,#2828);
#2293=LINE('',#5644,#2829);
#2294=LINE('',#5646,#2830);
#2295=LINE('',#5648,#2831);
#2296=LINE('',#5650,#2832);
#2297=LINE('',#5652,#2833);
#2298=LINE('',#5654,#2834);
#2299=LINE('',#5656,#2835);
#2300=LINE('',#5658,#2836);
#2301=LINE('',#5660,#2837);
#2302=LINE('',#5662,#2838);
#2303=LINE('',#5664,#2839);
#2304=LINE('',#5666,#2840);
#2305=LINE('',#5669,#2841);
#2306=LINE('',#5671,#2842);
#2307=LINE('',#5673,#2843);
#2308=LINE('',#5675,#2844);
#2309=LINE('',#5677,#2845);
#2310=LINE('',#5679,#2846);
#2311=LINE('',#5681,#2847);
#2312=LINE('',#5683,#2848);
#2313=LINE('',#5685,#2849);
#2314=LINE('',#5687,#2850);
#2315=LINE('',#5689,#2851);
#2316=LINE('',#5690,#2852);
#2317=LINE('',#5693,#2853);
#2318=LINE('',#5695,#2854);
#2319=LINE('',#5697,#2855);
#2320=LINE('',#5699,#2856);
#2321=LINE('',#5701,#2857);
#2322=LINE('',#5703,#2858);
#2323=LINE('',#5705,#2859);
#2324=LINE('',#5707,#2860);
#2325=LINE('',#5709,#2861);
#2326=LINE('',#5711,#2862);
#2327=LINE('',#5713,#2863);
#2328=LINE('',#5715,#2864);
#2329=LINE('',#5718,#2865);
#2330=LINE('',#5719,#2866);
#2331=LINE('',#5721,#2867);
#2332=LINE('',#5722,#2868);
#2333=LINE('',#5724,#2869);
#2334=LINE('',#5726,#2870);
#2335=LINE('',#5728,#2871);
#2336=LINE('',#5730,#2872);
#2337=LINE('',#5732,#2873);
#2338=LINE('',#5734,#2874);
#2339=LINE('',#5736,#2875);
#2340=LINE('',#5738,#2876);
#2341=LINE('',#5740,#2877);
#2342=LINE('',#5742,#2878);
#2343=LINE('',#5745,#2879);
#2344=LINE('',#5747,#2880);
#2345=LINE('',#5749,#2881);
#2346=LINE('',#5751,#2882);
#2347=LINE('',#5753,#2883);
#2348=LINE('',#5755,#2884);
#2349=LINE('',#5757,#2885);
#2350=LINE('',#5759,#2886);
#2351=LINE('',#5761,#2887);
#2352=LINE('',#5763,#2888);
#2353=LINE('',#5765,#2889);
#2354=LINE('',#5767,#2890);
#2355=LINE('',#5769,#2891);
#2356=LINE('',#5771,#2892);
#2357=LINE('',#5773,#2893);
#2358=LINE('',#5775,#2894);
#2359=LINE('',#5777,#2895);
#2360=LINE('',#5779,#2896);
#2361=LINE('',#5781,#2897);
#2362=LINE('',#5783,#2898);
#2363=LINE('',#5785,#2899);
#2364=LINE('',#5787,#2900);
#2365=LINE('',#5790,#2901);
#2366=LINE('',#5792,#2902);
#2367=LINE('',#5794,#2903);
#2368=LINE('',#5796,#2904);
#2369=LINE('',#5799,#2905);
#2370=LINE('',#5801,#2906);
#2371=LINE('',#5803,#2907);
#2372=LINE('',#5805,#2908);
#2373=LINE('',#5806,#2909);
#2374=LINE('',#5808,#2910);
#2375=LINE('',#5809,#2911);
#2376=LINE('',#5811,#2912);
#2377=LINE('',#5814,#2913);
#2378=LINE('',#5816,#2914);
#2379=LINE('',#5818,#2915);
#2380=LINE('',#5820,#2916);
#2381=LINE('',#5823,#2917);
#2382=LINE('',#5825,#2918);
#2383=LINE('',#5827,#2919);
#2384=LINE('',#5829,#2920);
#2385=LINE('',#5830,#2921);
#2386=LINE('',#5832,#2922);
#2387=LINE('',#5834,#2923);
#2388=LINE('',#5847,#2924);
#2389=LINE('',#5854,#2925);
#2390=LINE('',#5871,#2926);
#2391=LINE('',#5888,#2927);
#2392=LINE('',#5905,#2928);
#2393=LINE('',#5922,#2929);
#2394=LINE('',#5939,#2930);
#2395=LINE('',#5960,#2931);
#2396=LINE('',#5963,#2932);
#2397=LINE('',#5965,#2933);
#2398=LINE('',#5967,#2934);
#2399=LINE('',#5980,#2935);
#2400=LINE('',#5997,#2936);
#2401=LINE('',#6014,#2937);
#2402=LINE('',#6031,#2938);
#2403=LINE('',#6037,#2939);
#2404=LINE('',#6039,#2940);
#2405=LINE('',#6041,#2941);
#2406=LINE('',#6043,#2942);
#2407=LINE('',#6046,#2943);
#2408=LINE('',#6048,#2944);
#2409=LINE('',#6050,#2945);
#2410=LINE('',#6052,#2946);
#2411=LINE('',#6054,#2947);
#2412=LINE('',#6056,#2948);
#2413=LINE('',#6058,#2949);
#2414=LINE('',#6060,#2950);
#2415=LINE('',#6062,#2951);
#2416=LINE('',#6064,#2952);
#2417=LINE('',#6066,#2953);
#2418=LINE('',#6068,#2954);
#2419=LINE('',#6070,#2955);
#2420=LINE('',#6072,#2956);
#2421=LINE('',#6074,#2957);
#2422=LINE('',#6087,#2958);
#2423=LINE('',#6104,#2959);
#2424=LINE('',#6110,#2960);
#2425=LINE('',#6111,#2961);
#2426=LINE('',#6128,#2962);
#2427=LINE('',#6131,#2963);
#2428=LINE('',#6133,#2964);
#2429=LINE('',#6135,#2965);
#2430=LINE('',#6137,#2966);
#2431=LINE('',#6139,#2967);
#2432=LINE('',#6141,#2968);
#2433=LINE('',#6143,#2969);
#2434=LINE('',#6145,#2970);
#2435=LINE('',#6147,#2971);
#2436=LINE('',#6149,#2972);
#2437=LINE('',#6151,#2973);
#2438=LINE('',#6153,#2974);
#2439=LINE('',#6156,#2975);
#2440=LINE('',#6158,#2976);
#2441=LINE('',#6160,#2977);
#2442=LINE('',#6162,#2978);
#2443=LINE('',#6164,#2979);
#2444=LINE('',#6166,#2980);
#2445=LINE('',#6168,#2981);
#2446=LINE('',#6170,#2982);
#2447=LINE('',#6172,#2983);
#2448=LINE('',#6174,#2984);
#2449=LINE('',#6176,#2985);
#2450=LINE('',#6177,#2986);
#2451=LINE('',#6180,#2987);
#2452=LINE('',#6182,#2988);
#2453=LINE('',#6184,#2989);
#2454=LINE('',#6186,#2990);
#2455=LINE('',#6188,#2991);
#2456=LINE('',#6190,#2992);
#2457=LINE('',#6192,#2993);
#2458=LINE('',#6194,#2994);
#2459=LINE('',#6196,#2995);
#2460=LINE('',#6198,#2996);
#2461=LINE('',#6200,#2997);
#2462=LINE('',#6202,#2998);
#2463=LINE('',#6205,#2999);
#2464=LINE('',#6206,#3000);
#2465=LINE('',#6208,#3001);
#2466=LINE('',#6209,#3002);
#2467=LINE('',#6211,#3003);
#2468=LINE('',#6213,#3004);
#2469=LINE('',#6215,#3005);
#2470=LINE('',#6217,#3006);
#2471=LINE('',#6219,#3007);
#2472=LINE('',#6221,#3008);
#2473=LINE('',#6223,#3009);
#2474=LINE('',#6225,#3010);
#2475=LINE('',#6227,#3011);
#2476=LINE('',#6229,#3012);
#2477=LINE('',#6232,#3013);
#2478=LINE('',#6234,#3014);
#2479=LINE('',#6236,#3015);
#2480=LINE('',#6238,#3016);
#2481=LINE('',#6240,#3017);
#2482=LINE('',#6242,#3018);
#2483=LINE('',#6244,#3019);
#2484=LINE('',#6246,#3020);
#2485=LINE('',#6248,#3021);
#2486=LINE('',#6250,#3022);
#2487=LINE('',#6252,#3023);
#2488=LINE('',#6254,#3024);
#2489=LINE('',#6256,#3025);
#2490=LINE('',#6258,#3026);
#2491=LINE('',#6260,#3027);
#2492=LINE('',#6262,#3028);
#2493=LINE('',#6264,#3029);
#2494=LINE('',#6266,#3030);
#2495=LINE('',#6268,#3031);
#2496=LINE('',#6270,#3032);
#2497=LINE('',#6272,#3033);
#2498=LINE('',#6274,#3034);
#2499=LINE('',#6277,#3035);
#2500=LINE('',#6279,#3036);
#2501=LINE('',#6281,#3037);
#2502=LINE('',#6283,#3038);
#2503=LINE('',#6286,#3039);
#2504=LINE('',#6288,#3040);
#2505=LINE('',#6290,#3041);
#2506=LINE('',#6292,#3042);
#2507=LINE('',#6293,#3043);
#2508=LINE('',#6295,#3044);
#2509=LINE('',#6296,#3045);
#2510=LINE('',#6298,#3046);
#2511=LINE('',#6301,#3047);
#2512=LINE('',#6303,#3048);
#2513=LINE('',#6305,#3049);
#2514=LINE('',#6307,#3050);
#2515=LINE('',#6310,#3051);
#2516=LINE('',#6312,#3052);
#2517=LINE('',#6314,#3053);
#2518=LINE('',#6316,#3054);
#2519=LINE('',#6317,#3055);
#2520=LINE('',#6319,#3056);
#2521=LINE('',#6320,#3057);
#2522=LINE('',#6322,#3058);
#2523=LINE('',#6325,#3059);
#2524=LINE('',#6327,#3060);
#2525=LINE('',#6329,#3061);
#2526=LINE('',#6331,#3062);
#2527=LINE('',#6333,#3063);
#2528=LINE('',#6335,#3064);
#2529=LINE('',#6337,#3065);
#2530=LINE('',#6339,#3066);
#2531=LINE('',#6341,#3067);
#2532=LINE('',#6343,#3068);
#2533=LINE('',#6345,#3069);
#2534=LINE('',#6346,#3070);
#2535=LINE('',#6349,#3071);
#2536=LINE('',#6351,#3072);
#2537=LINE('',#6353,#3073);
#2538=LINE('',#6355,#3074);
#2539=LINE('',#6357,#3075);
#2540=LINE('',#6359,#3076);
#2541=LINE('',#6361,#3077);
#2542=LINE('',#6363,#3078);
#2543=LINE('',#6365,#3079);
#2544=LINE('',#6367,#3080);
#2545=LINE('',#6369,#3081);
#2546=LINE('',#6370,#3082);
#2547=LINE('',#6373,#3083);
#2548=LINE('',#6375,#3084);
#2549=LINE('',#6377,#3085);
#2550=LINE('',#6378,#3086);
#2551=LINE('',#6381,#3087);
#2552=LINE('',#6383,#3088);
#2553=LINE('',#6385,#3089);
#2554=LINE('',#6387,#3090);
#2555=LINE('',#6389,#3091);
#2556=LINE('',#6393,#3092);
#2557=LINE('',#6396,#3093);
#2558=LINE('',#6398,#3094);
#2559=LINE('',#6400,#3095);
#2560=LINE('',#6402,#3096);
#2561=LINE('',#6404,#3097);
#2562=LINE('',#6406,#3098);
#2563=LINE('',#6407,#3099);
#2564=LINE('',#6409,#3100);
#2565=LINE('',#6411,#3101);
#2566=LINE('',#6413,#3102);
#2567=LINE('',#6415,#3103);
#2568=LINE('',#6418,#3104);
#2569=LINE('',#6421,#3105);
#2570=LINE('',#6423,#3106);
#2571=LINE('',#6425,#3107);
#2572=LINE('',#6427,#3108);
#2573=LINE('',#6428,#3109);
#2574=LINE('',#6430,#3110);
#2575=LINE('',#6432,#3111);
#2576=LINE('',#6435,#3112);
#2577=LINE('',#6438,#3113);
#2578=LINE('',#6440,#3114);
#2579=LINE('',#6442,#3115);
#2580=LINE('',#6444,#3116);
#2581=LINE('',#6446,#3117);
#2582=LINE('',#6448,#3118);
#2583=LINE('',#6450,#3119);
#2584=LINE('',#6452,#3120);
#2585=LINE('',#6454,#3121);
#2586=LINE('',#6456,#3122);
#2587=LINE('',#6458,#3123);
#2588=LINE('',#6460,#3124);
#2589=LINE('',#6461,#3125);
#2590=LINE('',#6463,#3126);
#2591=LINE('',#6465,#3127);
#2592=LINE('',#6467,#3128);
#2593=LINE('',#6469,#3129);
#2594=LINE('',#6471,#3130);
#2595=LINE('',#6473,#3131);
#2596=LINE('',#6475,#3132);
#2597=LINE('',#6477,#3133);
#2598=LINE('',#6479,#3134);
#2599=LINE('',#6481,#3135);
#2600=LINE('',#6484,#3136);
#2601=LINE('',#6487,#3137);
#2602=LINE('',#6489,#3138);
#2603=LINE('',#6491,#3139);
#2604=LINE('',#6493,#3140);
#2605=LINE('',#6495,#3141);
#2606=LINE('',#6497,#3142);
#2607=LINE('',#6499,#3143);
#2608=LINE('',#6501,#3144);
#2609=LINE('',#6503,#3145);
#2610=LINE('',#6505,#3146);
#2611=LINE('',#6507,#3147);
#2612=LINE('',#6509,#3148);
#2613=LINE('',#6510,#3149);
#2614=LINE('',#6512,#3150);
#2615=LINE('',#6514,#3151);
#2616=LINE('',#6516,#3152);
#2617=LINE('',#6518,#3153);
#2618=LINE('',#6520,#3154);
#2619=LINE('',#6522,#3155);
#2620=LINE('',#6524,#3156);
#2621=LINE('',#6526,#3157);
#2622=LINE('',#6528,#3158);
#2623=LINE('',#6530,#3159);
#2624=LINE('',#6535,#3160);
#2625=LINE('',#6538,#3161);
#2626=LINE('',#6540,#3162);
#2627=LINE('',#6542,#3163);
#2628=LINE('',#6546,#3164);
#2629=LINE('',#6550,#3165);
#2630=LINE('',#6551,#3166);
#2631=LINE('',#6554,#3167);
#2632=LINE('',#6557,#3168);
#2633=LINE('',#6559,#3169);
#2634=LINE('',#6561,#3170);
#2635=LINE('',#6565,#3171);
#2636=LINE('',#6569,#3172);
#2637=LINE('',#6570,#3173);
#2638=LINE('',#6573,#3174);
#2639=LINE('',#6576,#3175);
#2640=LINE('',#6578,#3176);
#2641=LINE('',#6580,#3177);
#2642=LINE('',#6582,#3178);
#2643=LINE('',#6584,#3179);
#2644=LINE('',#6586,#3180);
#2645=LINE('',#6592,#3181);
#2646=LINE('',#6595,#3182);
#2647=LINE('',#6597,#3183);
#2648=LINE('',#6599,#3184);
#2649=LINE('',#6603,#3185);
#2650=LINE('',#6607,#3186);
#2651=LINE('',#6609,#3187);
#2652=LINE('',#6611,#3188);
#2653=LINE('',#6613,#3189);
#2654=LINE('',#6614,#3190);
#2655=LINE('',#6617,#3191);
#2656=LINE('',#6622,#3192);
#2657=LINE('',#6626,#3193);
#2658=LINE('',#6628,#3194);
#2659=LINE('',#6630,#3195);
#2660=LINE('',#6634,#3196);
#2661=LINE('',#6638,#3197);
#2662=LINE('',#6639,#3198);
#2663=LINE('',#6642,#3199);
#2664=LINE('',#6647,#3200);
#2665=LINE('',#6651,#3201);
#2666=LINE('',#6653,#3202);
#2667=LINE('',#6655,#3203);
#2668=LINE('',#6659,#3204);
#2669=LINE('',#6663,#3205);
#2670=LINE('',#6664,#3206);
#2671=LINE('',#6667,#3207);
#2672=LINE('',#6672,#3208);
#2673=LINE('',#6676,#3209);
#2674=LINE('',#6678,#3210);
#2675=LINE('',#6680,#3211);
#2676=LINE('',#6684,#3212);
#2677=LINE('',#6688,#3213);
#2678=LINE('',#6689,#3214);
#2679=LINE('',#6692,#3215);
#2680=LINE('',#6697,#3216);
#2681=LINE('',#6701,#3217);
#2682=LINE('',#6703,#3218);
#2683=LINE('',#6705,#3219);
#2684=LINE('',#6709,#3220);
#2685=LINE('',#6713,#3221);
#2686=LINE('',#6714,#3222);
#2687=LINE('',#6717,#3223);
#2688=LINE('',#6720,#3224);
#2689=LINE('',#6722,#3225);
#2690=LINE('',#6724,#3226);
#2691=LINE('',#6726,#3227);
#2692=LINE('',#6729,#3228);
#2693=LINE('',#6731,#3229);
#2694=LINE('',#6733,#3230);
#2695=LINE('',#6734,#3231);
#2696=LINE('',#6737,#3232);
#2697=LINE('',#6739,#3233);
#2698=LINE('',#6741,#3234);
#2699=LINE('',#6743,#3235);
#2700=LINE('',#6745,#3236);
#2701=LINE('',#6747,#3237);
#2702=LINE('',#6749,#3238);
#2703=LINE('',#6751,#3239);
#2704=LINE('',#6753,#3240);
#2705=LINE('',#6755,#3241);
#2706=LINE('',#6757,#3242);
#2707=LINE('',#6759,#3243);
#2708=LINE('',#6762,#3244);
#2709=LINE('',#6764,#3245);
#2710=LINE('',#6766,#3246);
#2711=LINE('',#6768,#3247);
#2712=LINE('',#6770,#3248);
#2713=LINE('',#6771,#3249);
#2714=LINE('',#6773,#3250);
#2715=LINE('',#6775,#3251);
#2716=LINE('',#6776,#3252);
#2717=LINE('',#6778,#3253);
#2718=LINE('',#6781,#3254);
#2719=LINE('',#6783,#3255);
#2720=LINE('',#6785,#3256);
#2721=LINE('',#6786,#3257);
#2722=LINE('',#6790,#3258);
#2723=LINE('',#6791,#3259);
#2724=LINE('',#6793,#3260);
#2725=LINE('',#6794,#3261);
#2726=LINE('',#6798,#3262);
#2727=LINE('',#6800,#3263);
#2728=LINE('',#6802,#3264);
#2729=LINE('',#6804,#3265);
#2730=LINE('',#6806,#3266);
#2731=LINE('',#6808,#3267);
#2732=LINE('',#6810,#3268);
#2733=LINE('',#6812,#3269);
#2734=LINE('',#6814,#3270);
#2735=LINE('',#6816,#3271);
#2736=LINE('',#6818,#3272);
#2737=LINE('',#6820,#3273);
#2738=LINE('',#6822,#3274);
#2739=LINE('',#6824,#3275);
#2740=LINE('',#6826,#3276);
#2741=LINE('',#6828,#3277);
#2742=LINE('',#6830,#3278);
#2743=LINE('',#6832,#3279);
#2744=LINE('',#6834,#3280);
#2745=LINE('',#6836,#3281);
#2746=LINE('',#6838,#3282);
#2747=LINE('',#6840,#3283);
#2748=LINE('',#6842,#3284);
#2749=LINE('',#6844,#3285);
#2750=LINE('',#6847,#3286);
#2751=LINE('',#6849,#3287);
#2752=LINE('',#6851,#3288);
#2753=LINE('',#6853,#3289);
#2754=LINE('',#6855,#3290);
#2755=LINE('',#6857,#3291);
#2756=LINE('',#6859,#3292);
#2757=LINE('',#6861,#3293);
#2758=LINE('',#6863,#3294);
#2759=LINE('',#6865,#3295);
#2760=LINE('',#6867,#3296);
#2761=LINE('',#6869,#3297);
#2762=LINE('',#6871,#3298);
#2763=LINE('',#6873,#3299);
#2764=LINE('',#6875,#3300);
#2765=LINE('',#6877,#3301);
#2766=LINE('',#6879,#3302);
#2767=LINE('',#6881,#3303);
#2768=LINE('',#6883,#3304);
#2769=LINE('',#6885,#3305);
#2770=LINE('',#6887,#3306);
#2771=LINE('',#6889,#3307);
#2772=LINE('',#6891,#3308);
#2773=LINE('',#6893,#3309);
#2774=LINE('',#6895,#3310);
#2775=LINE('',#6897,#3311);
#2776=LINE('',#6899,#3312);
#2777=LINE('',#6901,#3313);
#2778=LINE('',#6903,#3314);
#2779=LINE('',#6905,#3315);
#2780=LINE('',#6907,#3316);
#2781=LINE('',#6909,#3317);
#2782=LINE('',#6911,#3318);
#2783=LINE('',#6913,#3319);
#2784=LINE('',#6914,#3320);
#2785=LINE('',#6916,#3321);
#2786=VECTOR('',#4540,1.);
#2787=VECTOR('',#4541,1.);
#2788=VECTOR('',#4542,1.);
#2789=VECTOR('',#4543,1.);
#2790=VECTOR('',#4546,1.);
#2791=VECTOR('',#4547,1.);
#2792=VECTOR('',#4548,1.);
#2793=VECTOR('',#4551,1.);
#2794=VECTOR('',#4552,1.);
#2795=VECTOR('',#4553,1.);
#2796=VECTOR('',#4556,1.);
#2797=VECTOR('',#4557,1.);
#2798=VECTOR('',#4558,1.);
#2799=VECTOR('',#4561,1.);
#2800=VECTOR('',#4562,1.);
#2801=VECTOR('',#4563,1.);
#2802=VECTOR('',#4566,1.);
#2803=VECTOR('',#4567,1.);
#2804=VECTOR('',#4568,1.);
#2805=VECTOR('',#4571,1.);
#2806=VECTOR('',#4572,1.);
#2807=VECTOR('',#4573,1.);
#2808=VECTOR('',#4576,1.);
#2809=VECTOR('',#4577,1.);
#2810=VECTOR('',#4578,1.);
#2811=VECTOR('',#4581,1.);
#2812=VECTOR('',#4582,1.);
#2813=VECTOR('',#4583,1.);
#2814=VECTOR('',#4586,1.);
#2815=VECTOR('',#4587,1.);
#2816=VECTOR('',#4588,1.);
#2817=VECTOR('',#4591,1.);
#2818=VECTOR('',#4592,1.);
#2819=VECTOR('',#4593,1.);
#2820=VECTOR('',#4594,1.);
#2821=VECTOR('',#4597,1.);
#2822=VECTOR('',#4598,1.);
#2823=VECTOR('',#4599,1.);
#2824=VECTOR('',#4602,1.);
#2825=VECTOR('',#4603,1.);
#2826=VECTOR('',#4606,1.);
#2827=VECTOR('',#4607,1.);
#2828=VECTOR('',#4612,1.);
#2829=VECTOR('',#4613,1.);
#2830=VECTOR('',#4614,1.);
#2831=VECTOR('',#4615,1.);
#2832=VECTOR('',#4616,1.);
#2833=VECTOR('',#4617,1.);
#2834=VECTOR('',#4618,1.);
#2835=VECTOR('',#4619,1.);
#2836=VECTOR('',#4620,1.);
#2837=VECTOR('',#4621,1.);
#2838=VECTOR('',#4622,1.);
#2839=VECTOR('',#4623,1.);
#2840=VECTOR('',#4626,1.);
#2841=VECTOR('',#4627,1.);
#2842=VECTOR('',#4628,1.);
#2843=VECTOR('',#4629,1.);
#2844=VECTOR('',#4630,1.);
#2845=VECTOR('',#4631,1.);
#2846=VECTOR('',#4632,1.);
#2847=VECTOR('',#4633,1.);
#2848=VECTOR('',#4634,1.);
#2849=VECTOR('',#4635,1.);
#2850=VECTOR('',#4636,1.);
#2851=VECTOR('',#4637,1.);
#2852=VECTOR('',#4638,1.);
#2853=VECTOR('',#4639,1.);
#2854=VECTOR('',#4640,1.);
#2855=VECTOR('',#4641,1.);
#2856=VECTOR('',#4642,1.);
#2857=VECTOR('',#4643,1.);
#2858=VECTOR('',#4644,1.);
#2859=VECTOR('',#4645,1.);
#2860=VECTOR('',#4646,1.);
#2861=VECTOR('',#4647,1.);
#2862=VECTOR('',#4648,1.);
#2863=VECTOR('',#4649,1.);
#2864=VECTOR('',#4652,1.);
#2865=VECTOR('',#4653,1.);
#2866=VECTOR('',#4654,1.);
#2867=VECTOR('',#4657,1.);
#2868=VECTOR('',#4658,1.);
#2869=VECTOR('',#4661,1.);
#2870=VECTOR('',#4664,1.);
#2871=VECTOR('',#4667,1.);
#2872=VECTOR('',#4670,1.);
#2873=VECTOR('',#4673,1.);
#2874=VECTOR('',#4676,1.);
#2875=VECTOR('',#4679,1.);
#2876=VECTOR('',#4682,1.);
#2877=VECTOR('',#4685,1.);
#2878=VECTOR('',#4688,1.);
#2879=VECTOR('',#4693,1.);
#2880=VECTOR('',#4694,1.);
#2881=VECTOR('',#4697,1.);
#2882=VECTOR('',#4698,1.);
#2883=VECTOR('',#4701,1.);
#2884=VECTOR('',#4702,1.);
#2885=VECTOR('',#4705,1.);
#2886=VECTOR('',#4706,1.);
#2887=VECTOR('',#4709,1.);
#2888=VECTOR('',#4710,1.);
#2889=VECTOR('',#4713,1.);
#2890=VECTOR('',#4714,1.);
#2891=VECTOR('',#4717,1.);
#2892=VECTOR('',#4718,1.);
#2893=VECTOR('',#4721,1.);
#2894=VECTOR('',#4722,1.);
#2895=VECTOR('',#4725,1.);
#2896=VECTOR('',#4726,1.);
#2897=VECTOR('',#4729,1.);
#2898=VECTOR('',#4730,1.);
#2899=VECTOR('',#4733,1.);
#2900=VECTOR('',#4736,1.);
#2901=VECTOR('',#4737,1.);
#2902=VECTOR('',#4738,1.);
#2903=VECTOR('',#4739,1.);
#2904=VECTOR('',#4742,1.);
#2905=VECTOR('',#4743,1.);
#2906=VECTOR('',#4744,1.);
#2907=VECTOR('',#4745,1.);
#2908=VECTOR('',#4748,1.);
#2909=VECTOR('',#4749,1.);
#2910=VECTOR('',#4752,1.);
#2911=VECTOR('',#4753,1.);
#2912=VECTOR('',#4756,1.);
#2913=VECTOR('',#4757,1.);
#2914=VECTOR('',#4758,1.);
#2915=VECTOR('',#4759,1.);
#2916=VECTOR('',#4762,1.);
#2917=VECTOR('',#4763,1.);
#2918=VECTOR('',#4764,1.);
#2919=VECTOR('',#4765,1.);
#2920=VECTOR('',#4768,1.);
#2921=VECTOR('',#4769,1.);
#2922=VECTOR('',#4772,1.);
#2923=VECTOR('',#4775,1.);
#2924=VECTOR('',#4784,1.);
#2925=VECTOR('',#4785,1.);
#2926=VECTOR('',#4786,1.);
#2927=VECTOR('',#4787,1.);
#2928=VECTOR('',#4788,1.);
#2929=VECTOR('',#4789,1.);
#2930=VECTOR('',#4790,1.);
#2931=VECTOR('',#4795,1.);
#2932=VECTOR('',#4796,1.);
#2933=VECTOR('',#4797,1.);
#2934=VECTOR('',#4798,1.);
#2935=VECTOR('',#4799,1.);
#2936=VECTOR('',#4800,1.);
#2937=VECTOR('',#4801,1.);
#2938=VECTOR('',#4802,1.);
#2939=VECTOR('',#4805,1.);
#2940=VECTOR('',#4806,1.);
#2941=VECTOR('',#4807,1.);
#2942=VECTOR('',#4810,1.);
#2943=VECTOR('',#4811,1.);
#2944=VECTOR('',#4812,1.);
#2945=VECTOR('',#4813,1.);
#2946=VECTOR('',#4816,1.);
#2947=VECTOR('',#4817,1.);
#2948=VECTOR('',#4818,1.);
#2949=VECTOR('',#4821,1.);
#2950=VECTOR('',#4822,1.);
#2951=VECTOR('',#4823,1.);
#2952=VECTOR('',#4826,1.);
#2953=VECTOR('',#4827,1.);
#2954=VECTOR('',#4828,1.);
#2955=VECTOR('',#4831,1.);
#2956=VECTOR('',#4832,1.);
#2957=VECTOR('',#4833,1.);
#2958=VECTOR('',#4834,1.);
#2959=VECTOR('',#4835,1.);
#2960=VECTOR('',#4838,1.);
#2961=VECTOR('',#4839,1.);
#2962=VECTOR('',#4844,1.);
#2963=VECTOR('',#4845,1.);
#2964=VECTOR('',#4846,1.);
#2965=VECTOR('',#4847,1.);
#2966=VECTOR('',#4848,1.);
#2967=VECTOR('',#4849,1.);
#2968=VECTOR('',#4850,1.);
#2969=VECTOR('',#4851,1.);
#2970=VECTOR('',#4852,1.);
#2971=VECTOR('',#4853,1.);
#2972=VECTOR('',#4854,1.);
#2973=VECTOR('',#4855,1.);
#2974=VECTOR('',#4858,1.);
#2975=VECTOR('',#4859,1.);
#2976=VECTOR('',#4860,1.);
#2977=VECTOR('',#4861,1.);
#2978=VECTOR('',#4862,1.);
#2979=VECTOR('',#4863,1.);
#2980=VECTOR('',#4864,1.);
#2981=VECTOR('',#4865,1.);
#2982=VECTOR('',#4866,1.);
#2983=VECTOR('',#4867,1.);
#2984=VECTOR('',#4868,1.);
#2985=VECTOR('',#4869,1.);
#2986=VECTOR('',#4870,1.);
#2987=VECTOR('',#4871,1.);
#2988=VECTOR('',#4872,1.);
#2989=VECTOR('',#4873,1.);
#2990=VECTOR('',#4874,1.);
#2991=VECTOR('',#4875,1.);
#2992=VECTOR('',#4876,1.);
#2993=VECTOR('',#4877,1.);
#2994=VECTOR('',#4878,1.);
#2995=VECTOR('',#4879,1.);
#2996=VECTOR('',#4880,1.);
#2997=VECTOR('',#4881,1.);
#2998=VECTOR('',#4884,1.);
#2999=VECTOR('',#4885,1.);
#3000=VECTOR('',#4886,1.);
#3001=VECTOR('',#4889,1.);
#3002=VECTOR('',#4890,1.);
#3003=VECTOR('',#4893,1.);
#3004=VECTOR('',#4896,1.);
#3005=VECTOR('',#4899,1.);
#3006=VECTOR('',#4902,1.);
#3007=VECTOR('',#4905,1.);
#3008=VECTOR('',#4908,1.);
#3009=VECTOR('',#4911,1.);
#3010=VECTOR('',#4914,1.);
#3011=VECTOR('',#4917,1.);
#3012=VECTOR('',#4920,1.);
#3013=VECTOR('',#4925,1.);
#3014=VECTOR('',#4926,1.);
#3015=VECTOR('',#4929,1.);
#3016=VECTOR('',#4930,1.);
#3017=VECTOR('',#4933,1.);
#3018=VECTOR('',#4934,1.);
#3019=VECTOR('',#4937,1.);
#3020=VECTOR('',#4938,1.);
#3021=VECTOR('',#4941,1.);
#3022=VECTOR('',#4942,1.);
#3023=VECTOR('',#4945,1.);
#3024=VECTOR('',#4946,1.);
#3025=VECTOR('',#4949,1.);
#3026=VECTOR('',#4950,1.);
#3027=VECTOR('',#4953,1.);
#3028=VECTOR('',#4954,1.);
#3029=VECTOR('',#4957,1.);
#3030=VECTOR('',#4958,1.);
#3031=VECTOR('',#4961,1.);
#3032=VECTOR('',#4962,1.);
#3033=VECTOR('',#4965,1.);
#3034=VECTOR('',#4968,1.);
#3035=VECTOR('',#4969,1.);
#3036=VECTOR('',#4970,1.);
#3037=VECTOR('',#4971,1.);
#3038=VECTOR('',#4974,1.);
#3039=VECTOR('',#4975,1.);
#3040=VECTOR('',#4976,1.);
#3041=VECTOR('',#4977,1.);
#3042=VECTOR('',#4980,1.);
#3043=VECTOR('',#4981,1.);
#3044=VECTOR('',#4984,1.);
#3045=VECTOR('',#4985,1.);
#3046=VECTOR('',#4988,1.);
#3047=VECTOR('',#4989,1.);
#3048=VECTOR('',#4990,1.);
#3049=VECTOR('',#4991,1.);
#3050=VECTOR('',#4994,1.);
#3051=VECTOR('',#4995,1.);
#3052=VECTOR('',#4996,1.);
#3053=VECTOR('',#4997,1.);
#3054=VECTOR('',#5000,1.);
#3055=VECTOR('',#5001,1.);
#3056=VECTOR('',#5004,1.);
#3057=VECTOR('',#5005,1.);
#3058=VECTOR('',#5008,1.);
#3059=VECTOR('',#5009,1.);
#3060=VECTOR('',#5010,1.);
#3061=VECTOR('',#5011,1.);
#3062=VECTOR('',#5012,1.);
#3063=VECTOR('',#5013,1.);
#3064=VECTOR('',#5014,1.);
#3065=VECTOR('',#5015,1.);
#3066=VECTOR('',#5016,1.);
#3067=VECTOR('',#5017,1.);
#3068=VECTOR('',#5018,1.);
#3069=VECTOR('',#5019,1.);
#3070=VECTOR('',#5020,1.);
#3071=VECTOR('',#5021,1.);
#3072=VECTOR('',#5022,1.);
#3073=VECTOR('',#5023,1.);
#3074=VECTOR('',#5024,1.);
#3075=VECTOR('',#5025,1.);
#3076=VECTOR('',#5026,1.);
#3077=VECTOR('',#5027,1.);
#3078=VECTOR('',#5028,1.);
#3079=VECTOR('',#5029,1.);
#3080=VECTOR('',#5030,1.);
#3081=VECTOR('',#5031,1.);
#3082=VECTOR('',#5032,1.);
#3083=VECTOR('',#5033,1.);
#3084=VECTOR('',#5034,1.);
#3085=VECTOR('',#5035,1.);
#3086=VECTOR('',#5036,1.);
#3087=VECTOR('',#5037,1.);
#3088=VECTOR('',#5038,1.);
#3089=VECTOR('',#5039,1.);
#3090=VECTOR('',#5040,1.);
#3091=VECTOR('',#5041,1.);
#3092=VECTOR('',#5048,1.);
#3093=VECTOR('',#5049,1.);
#3094=VECTOR('',#5050,1.);
#3095=VECTOR('',#5051,1.);
#3096=VECTOR('',#5052,1.);
#3097=VECTOR('',#5053,1.);
#3098=VECTOR('',#5056,1.);
#3099=VECTOR('',#5057,1.);
#3100=VECTOR('',#5060,1.);
#3101=VECTOR('',#5063,1.);
#3102=VECTOR('',#5066,1.);
#3103=VECTOR('',#5069,1.);
#3104=VECTOR('',#5074,1.);
#3105=VECTOR('',#5075,1.);
#3106=VECTOR('',#5076,1.);
#3107=VECTOR('',#5077,1.);
#3108=VECTOR('',#5080,1.);
#3109=VECTOR('',#5081,1.);
#3110=VECTOR('',#5084,1.);
#3111=VECTOR('',#5087,1.);
#3112=VECTOR('',#5092,1.);
#3113=VECTOR('',#5093,1.);
#3114=VECTOR('',#5094,1.);
#3115=VECTOR('',#5095,1.);
#3116=VECTOR('',#5096,1.);
#3117=VECTOR('',#5097,1.);
#3118=VECTOR('',#5098,1.);
#3119=VECTOR('',#5099,1.);
#3120=VECTOR('',#5100,1.);
#3121=VECTOR('',#5101,1.);
#3122=VECTOR('',#5102,1.);
#3123=VECTOR('',#5103,1.);
#3124=VECTOR('',#5106,1.);
#3125=VECTOR('',#5107,1.);
#3126=VECTOR('',#5110,1.);
#3127=VECTOR('',#5113,1.);
#3128=VECTOR('',#5116,1.);
#3129=VECTOR('',#5119,1.);
#3130=VECTOR('',#5122,1.);
#3131=VECTOR('',#5125,1.);
#3132=VECTOR('',#5128,1.);
#3133=VECTOR('',#5131,1.);
#3134=VECTOR('',#5134,1.);
#3135=VECTOR('',#5137,1.);
#3136=VECTOR('',#5142,1.);
#3137=VECTOR('',#5143,1.);
#3138=VECTOR('',#5144,1.);
#3139=VECTOR('',#5145,1.);
#3140=VECTOR('',#5146,1.);
#3141=VECTOR('',#5147,1.);
#3142=VECTOR('',#5148,1.);
#3143=VECTOR('',#5149,1.);
#3144=VECTOR('',#5150,1.);
#3145=VECTOR('',#5151,1.);
#3146=VECTOR('',#5152,1.);
#3147=VECTOR('',#5153,1.);
#3148=VECTOR('',#5156,1.);
#3149=VECTOR('',#5157,1.);
#3150=VECTOR('',#5160,1.);
#3151=VECTOR('',#5163,1.);
#3152=VECTOR('',#5166,1.);
#3153=VECTOR('',#5169,1.);
#3154=VECTOR('',#5172,1.);
#3155=VECTOR('',#5175,1.);
#3156=VECTOR('',#5178,1.);
#3157=VECTOR('',#5181,1.);
#3158=VECTOR('',#5184,1.);
#3159=VECTOR('',#5187,1.);
#3160=VECTOR('',#5196,1.);
#3161=VECTOR('',#5197,1.);
#3162=VECTOR('',#5198,1.);
#3163=VECTOR('',#5199,1.);
#3164=VECTOR('',#5204,1.);
#3165=VECTOR('',#5209,1.);
#3166=VECTOR('',#5210,1.);
#3167=VECTOR('',#5215,1.);
#3168=VECTOR('',#5216,1.);
#3169=VECTOR('',#5217,1.);
#3170=VECTOR('',#5218,1.);
#3171=VECTOR('',#5223,1.);
#3172=VECTOR('',#5228,1.);
#3173=VECTOR('',#5229,1.);
#3174=VECTOR('',#5234,1.);
#3175=VECTOR('',#5235,1.);
#3176=VECTOR('',#5236,1.);
#3177=VECTOR('',#5237,1.);
#3178=VECTOR('',#5240,1.);
#3179=VECTOR('',#5241,1.);
#3180=VECTOR('',#5242,1.);
#3181=VECTOR('',#5253,1.);
#3182=VECTOR('',#5254,1.);
#3183=VECTOR('',#5255,1.);
#3184=VECTOR('',#5256,1.);
#3185=VECTOR('',#5261,1.);
#3186=VECTOR('',#5266,1.);
#3187=VECTOR('',#5267,1.);
#3188=VECTOR('',#5268,1.);
#3189=VECTOR('',#5271,1.);
#3190=VECTOR('',#5272,1.);
#3191=VECTOR('',#5277,1.);
#3192=VECTOR('',#5280,1.);
#3193=VECTOR('',#5285,1.);
#3194=VECTOR('',#5286,1.);
#3195=VECTOR('',#5287,1.);
#3196=VECTOR('',#5292,1.);
#3197=VECTOR('',#5297,1.);
#3198=VECTOR('',#5298,1.);
#3199=VECTOR('',#5303,1.);
#3200=VECTOR('',#5306,1.);
#3201=VECTOR('',#5311,1.);
#3202=VECTOR('',#5312,1.);
#3203=VECTOR('',#5313,1.);
#3204=VECTOR('',#5318,1.);
#3205=VECTOR('',#5323,1.);
#3206=VECTOR('',#5324,1.);
#3207=VECTOR('',#5329,1.);
#3208=VECTOR('',#5332,1.);
#3209=VECTOR('',#5337,1.);
#3210=VECTOR('',#5338,1.);
#3211=VECTOR('',#5339,1.);
#3212=VECTOR('',#5344,1.);
#3213=VECTOR('',#5349,1.);
#3214=VECTOR('',#5350,1.);
#3215=VECTOR('',#5355,1.);
#3216=VECTOR('',#5358,1.);
#3217=VECTOR('',#5363,1.);
#3218=VECTOR('',#5364,1.);
#3219=VECTOR('',#5365,1.);
#3220=VECTOR('',#5370,1.);
#3221=VECTOR('',#5375,1.);
#3222=VECTOR('',#5376,1.);
#3223=VECTOR('',#5381,1.);
#3224=VECTOR('',#5382,1.);
#3225=VECTOR('',#5383,1.);
#3226=VECTOR('',#5384,1.);
#3227=VECTOR('',#5387,1.);
#3228=VECTOR('',#5388,1.);
#3229=VECTOR('',#5389,1.);
#3230=VECTOR('',#5390,1.);
#3231=VECTOR('',#5391,1.);
#3232=VECTOR('',#5392,1.);
#3233=VECTOR('',#5393,1.);
#3234=VECTOR('',#5394,1.);
#3235=VECTOR('',#5395,1.);
#3236=VECTOR('',#5396,1.);
#3237=VECTOR('',#5397,1.);
#3238=VECTOR('',#5398,1.);
#3239=VECTOR('',#5399,1.);
#3240=VECTOR('',#5400,1.);
#3241=VECTOR('',#5401,1.);
#3242=VECTOR('',#5402,1.);
#3243=VECTOR('',#5405,1.);
#3244=VECTOR('',#5406,1.);
#3245=VECTOR('',#5407,1.);
#3246=VECTOR('',#5408,1.);
#3247=VECTOR('',#5411,1.);
#3248=VECTOR('',#5412,1.);
#3249=VECTOR('',#5413,1.);
#3250=VECTOR('',#5416,1.);
#3251=VECTOR('',#5417,1.);
#3252=VECTOR('',#5418,1.);
#3253=VECTOR('',#5421,1.);
#3254=VECTOR('',#5422,1.);
#3255=VECTOR('',#5423,1.);
#3256=VECTOR('',#5424,1.);
#3257=VECTOR('',#5425,1.);
#3258=VECTOR('',#5432,1.);
#3259=VECTOR('',#5433,1.);
#3260=VECTOR('',#5436,1.);
#3261=VECTOR('',#5437,1.);
#3262=VECTOR('',#5444,1.);
#3263=VECTOR('',#5445,1.);
#3264=VECTOR('',#5446,1.);
#3265=VECTOR('',#5449,1.);
#3266=VECTOR('',#5450,1.);
#3267=VECTOR('',#5453,1.);
#3268=VECTOR('',#5454,1.);
#3269=VECTOR('',#5457,1.);
#3270=VECTOR('',#5458,1.);
#3271=VECTOR('',#5461,1.);
#3272=VECTOR('',#5462,1.);
#3273=VECTOR('',#5465,1.);
#3274=VECTOR('',#5466,1.);
#3275=VECTOR('',#5469,1.);
#3276=VECTOR('',#5470,1.);
#3277=VECTOR('',#5473,1.);
#3278=VECTOR('',#5474,1.);
#3279=VECTOR('',#5477,1.);
#3280=VECTOR('',#5478,1.);
#3281=VECTOR('',#5481,1.);
#3282=VECTOR('',#5482,1.);
#3283=VECTOR('',#5485,1.);
#3284=VECTOR('',#5486,1.);
#3285=VECTOR('',#5489,1.);
#3286=VECTOR('',#5490,1.);
#3287=VECTOR('',#5491,1.);
#3288=VECTOR('',#5492,1.);
#3289=VECTOR('',#5495,1.);
#3290=VECTOR('',#5496,1.);
#3291=VECTOR('',#5497,1.);
#3292=VECTOR('',#5500,1.);
#3293=VECTOR('',#5501,1.);
#3294=VECTOR('',#5502,1.);
#3295=VECTOR('',#5505,1.);
#3296=VECTOR('',#5506,1.);
#3297=VECTOR('',#5507,1.);
#3298=VECTOR('',#5510,1.);
#3299=VECTOR('',#5511,1.);
#3300=VECTOR('',#5512,1.);
#3301=VECTOR('',#5515,1.);
#3302=VECTOR('',#5516,1.);
#3303=VECTOR('',#5517,1.);
#3304=VECTOR('',#5520,1.);
#3305=VECTOR('',#5521,1.);
#3306=VECTOR('',#5522,1.);
#3307=VECTOR('',#5525,1.);
#3308=VECTOR('',#5526,1.);
#3309=VECTOR('',#5527,1.);
#3310=VECTOR('',#5530,1.);
#3311=VECTOR('',#5531,1.);
#3312=VECTOR('',#5532,1.);
#3313=VECTOR('',#5535,1.);
#3314=VECTOR('',#5536,1.);
#3315=VECTOR('',#5537,1.);
#3316=VECTOR('',#5540,1.);
#3317=VECTOR('',#5541,1.);
#3318=VECTOR('',#5542,1.);
#3319=VECTOR('',#5545,1.);
#3320=VECTOR('',#5546,1.);
#3321=VECTOR('',#5549,1.);
#3322=EDGE_LOOP('',(#94,#95,#96,#97));
#3323=EDGE_LOOP('',(#98,#99,#100,#101));
#3324=EDGE_LOOP('',(#102,#103,#104,#105));
#3325=EDGE_LOOP('',(#106,#107,#108,#109));
#3326=EDGE_LOOP('',(#110,#111,#112,#113));
#3327=EDGE_LOOP('',(#114,#115,#116,#117));
#3328=EDGE_LOOP('',(#118,#119,#120,#121));
#3329=EDGE_LOOP('',(#122,#123,#124,#125));
#3330=EDGE_LOOP('',(#126,#127,#128,#129));
#3331=EDGE_LOOP('',(#130,#131,#132,#133));
#3332=EDGE_LOOP('',(#134,#135,#136,#137));
#3333=EDGE_LOOP('',(#138,#139,#140,#141));
#3334=EDGE_LOOP('',(#142,#143,#144,#145));
#3335=EDGE_LOOP('',(#146,#147,#148,#149));
#3336=EDGE_LOOP('',(#150,#151,#152));
#3337=EDGE_LOOP('',(#153,#154,#155,#156,#157,#158,#159,#160,#161,#162,#163));
#3338=EDGE_LOOP('',(#164,#165,#166,#167,#168,#169,#170,#171,#172,#173,#174,#175));
#3339=EDGE_LOOP('',(#176,#177,#178,#179,#180,#181,#182,#183,#184,#185,#186,#187));
#3340=EDGE_LOOP('',(#188,#189,#190,#191,#192,#193,#194,#195,#196,#197,#198,#199));
#3341=EDGE_LOOP('',(#200,#201,#202,#203));
#3342=EDGE_LOOP('',(#204,#205,#206,#207));
#3343=EDGE_LOOP('',(#208,#209,#210,#211));
#3344=EDGE_LOOP('',(#212,#213,#214,#215));
#3345=EDGE_LOOP('',(#216,#217,#218,#219));
#3346=EDGE_LOOP('',(#220,#221,#222,#223));
#3347=EDGE_LOOP('',(#224,#225,#226,#227));
#3348=EDGE_LOOP('',(#228,#229,#230,#231));
#3349=EDGE_LOOP('',(#232,#233,#234,#235));
#3350=EDGE_LOOP('',(#236,#237,#238,#239));
#3351=EDGE_LOOP('',(#240,#241,#242,#243));
#3352=EDGE_LOOP('',(#244,#245,#246,#247));
#3353=EDGE_LOOP('',(#248,#249,#250,#251));
#3354=EDGE_LOOP('',(#252,#253,#254,#255));
#3355=EDGE_LOOP('',(#256,#257,#258,#259));
#3356=EDGE_LOOP('',(#260,#261,#262,#263));
#3357=EDGE_LOOP('',(#264,#265,#266,#267));
#3358=EDGE_LOOP('',(#268,#269,#270,#271));
#3359=EDGE_LOOP('',(#272,#273,#274,#275));
#3360=EDGE_LOOP('',(#276,#277,#278,#279));
#3361=EDGE_LOOP('',(#280,#281,#282,#283));
#3362=EDGE_LOOP('',(#284,#285,#286,#287));
#3363=EDGE_LOOP('',(#288,#289,#290,#291));
#3364=EDGE_LOOP('',(#292,#293,#294,#295));
#3365=EDGE_LOOP('',(#296,#297,#298,#299));
#3366=EDGE_LOOP('',(#300,#301,#302,#303));
#3367=EDGE_LOOP('',(#304,#305,#306,#307));
#3368=EDGE_LOOP('',(#308,#309,#310,#311));
#3369=EDGE_LOOP('',(#312,#313,#314,#315));
#3370=EDGE_LOOP('',(#316,#317,#318,#319));
#3371=EDGE_LOOP('',(#320,#321,#322,#323));
#3372=EDGE_LOOP('',(#324,#325,#326,#327));
#3373=EDGE_LOOP('',(#328,#329,#330,#331));
#3374=EDGE_LOOP('',(#332,#333,#334,#335));
#3375=EDGE_LOOP('',(#336,#337,#338,#339,#340,#341,#342,#343,#344,#345,#346));
#3376=EDGE_LOOP('',(#347,#348,#349,#350));
#3377=EDGE_LOOP('',(#351,#352,#353,#354));
#3378=EDGE_LOOP('',(#355,#356,#357,#358,#359,#360,#361,#362,#363,#364,#365,#366));
#3379=EDGE_LOOP('',(#367,#368,#369));
#3380=EDGE_LOOP('',(#370,#371,#372,#373));
#3381=EDGE_LOOP('',(#374,#375,#376,#377));
#3382=EDGE_LOOP('',(#378,#379,#380,#381));
#3383=EDGE_LOOP('',(#382,#383,#384,#385));
#3384=EDGE_LOOP('',(#386,#387,#388,#389));
#3385=EDGE_LOOP('',(#390,#391,#392,#393));
#3386=EDGE_LOOP('',(#394,#395,#396,#397));
#3387=EDGE_LOOP('',(#398,#399,#400,#401,#402,#403,#404));
#3388=EDGE_LOOP('',(#405,#406,#407,#408));
#3389=EDGE_LOOP('',(#409,#410,#411,#412));
#3390=EDGE_LOOP('',(#413,#414,#415,#416));
#3391=EDGE_LOOP('',(#417,#418,#419,#420));
#3392=EDGE_LOOP('',(#421,#422,#423,#424));
#3393=EDGE_LOOP('',(#425,#426,#427,#428));
#3394=EDGE_LOOP('',(#429,#430,#431,#432));
#3395=EDGE_LOOP('',(#433,#434,#435,#436));
#3396=EDGE_LOOP('',(#437,#438,#439,#440));
#3397=EDGE_LOOP('',(#441,#442,#443,#444));
#3398=EDGE_LOOP('',(#445,#446,#447,#448));
#3399=EDGE_LOOP('',(#449,#450,#451,#452));
#3400=EDGE_LOOP('',(#453,#454,#455,#456));
#3401=EDGE_LOOP('',(#457,#458,#459,#460));
#3402=EDGE_LOOP('',(#461,#462,#463,#464));
#3403=EDGE_LOOP('',(#465,#466,#467,#468,#469,#470,#471,#472));
#3404=EDGE_LOOP('',(#473,#474,#475,#476,#477,#478,#479));
#3405=EDGE_LOOP('',(#480,#481,#482,#483,#484,#485,#486,#487,#488,#489,#490,#491));
#3406=EDGE_LOOP('',(#492,#493,#494,#495,#496,#497,#498,#499,#500,#501,#502,#503));
#3407=EDGE_LOOP('',(#504,#505,#506,#507,#508,#509,#510,#511,#512,#513,#514,#515));
#3408=EDGE_LOOP('',(#516,#517,#518,#519));
#3409=EDGE_LOOP('',(#520,#521,#522,#523));
#3410=EDGE_LOOP('',(#524,#525,#526,#527));
#3411=EDGE_LOOP('',(#528,#529,#530,#531));
#3412=EDGE_LOOP('',(#532,#533,#534,#535));
#3413=EDGE_LOOP('',(#536,#537,#538,#539));
#3414=EDGE_LOOP('',(#540,#541,#542,#543));
#3415=EDGE_LOOP('',(#544,#545,#546,#547));
#3416=EDGE_LOOP('',(#548,#549,#550,#551));
#3417=EDGE_LOOP('',(#552,#553,#554,#555));
#3418=EDGE_LOOP('',(#556,#557,#558,#559));
#3419=EDGE_LOOP('',(#560,#561,#562,#563));
#3420=EDGE_LOOP('',(#564,#565,#566,#567));
#3421=EDGE_LOOP('',(#568,#569,#570,#571));
#3422=EDGE_LOOP('',(#572,#573,#574,#575));
#3423=EDGE_LOOP('',(#576,#577,#578,#579));
#3424=EDGE_LOOP('',(#580,#581,#582,#583));
#3425=EDGE_LOOP('',(#584,#585,#586,#587));
#3426=EDGE_LOOP('',(#588,#589,#590,#591));
#3427=EDGE_LOOP('',(#592,#593,#594,#595));
#3428=EDGE_LOOP('',(#596,#597,#598,#599));
#3429=EDGE_LOOP('',(#600,#601,#602,#603));
#3430=EDGE_LOOP('',(#604,#605,#606,#607));
#3431=EDGE_LOOP('',(#608,#609,#610,#611));
#3432=EDGE_LOOP('',(#612,#613,#614,#615));
#3433=EDGE_LOOP('',(#616,#617,#618,#619));
#3434=EDGE_LOOP('',(#620,#621,#622,#623));
#3435=EDGE_LOOP('',(#624,#625,#626,#627));
#3436=EDGE_LOOP('',(#628,#629,#630,#631));
#3437=EDGE_LOOP('',(#632,#633,#634,#635));
#3438=EDGE_LOOP('',(#636,#637,#638,#639));
#3439=EDGE_LOOP('',(#640,#641,#642,#643));
#3440=EDGE_LOOP('',(#644,#645,#646,#647,#648,#649,#650));
#3441=EDGE_LOOP('',(#651,#652,#653,#654,#655,#656,#657,#658));
#3442=EDGE_LOOP('',(#659,#660,#661,#662,#663,#664,#665,#666,#667,#668,#669,#670));
#3443=EDGE_LOOP('',(#671,#672,#673,#674,#675,#676,#677,#678,#679,#680,#681,#682));
#3444=EDGE_LOOP('',(#683,#684,#685,#686));
#3445=EDGE_LOOP('',(#687,#688,#689,#690,#691,#692));
#3446=EDGE_LOOP('',(#693,#694,#695,#696));
#3447=EDGE_LOOP('',(#697,#698,#699,#700));
#3448=EDGE_LOOP('',(#701,#702,#703,#704));
#3449=EDGE_LOOP('',(#705,#706,#707,#708));
#3450=EDGE_LOOP('',(#709,#710,#711,#712,#713,#714,#715,#716,#717,#718,#719,#720));
#3451=EDGE_LOOP('',(#721,#722,#723,#724,#725,#726));
#3452=EDGE_LOOP('',(#727,#728,#729,#730));
#3453=EDGE_LOOP('',(#731,#732,#733,#734));
#3454=EDGE_LOOP('',(#735,#736,#737,#738));
#3455=EDGE_LOOP('',(#739,#740,#741,#742));
#3456=EDGE_LOOP('',(#743,#744,#745,#746));
#3457=EDGE_LOOP('',(#747,#748,#749,#750));
#3458=EDGE_LOOP('',(#751,#752,#753,#754));
#3459=EDGE_LOOP('',(#755,#756,#757,#758));
#3460=EDGE_LOOP('',(#759,#760,#761,#762));
#3461=EDGE_LOOP('',(#763,#764,#765,#766));
#3462=EDGE_LOOP('',(#767,#768,#769,#770));
#3463=EDGE_LOOP('',(#771,#772,#773,#774,#775,#776,#777,#778,#779,#780,#781,#782));
#3464=EDGE_LOOP('',(#783,#784,#785,#786));
#3465=EDGE_LOOP('',(#787,#788,#789,#790));
#3466=EDGE_LOOP('',(#791,#792,#793,#794));
#3467=EDGE_LOOP('',(#795,#796,#797,#798));
#3468=EDGE_LOOP('',(#799,#800,#801,#802));
#3469=EDGE_LOOP('',(#803,#804,#805,#806));
#3470=EDGE_LOOP('',(#807,#808,#809,#810));
#3471=EDGE_LOOP('',(#811,#812,#813,#814));
#3472=EDGE_LOOP('',(#815,#816,#817,#818));
#3473=EDGE_LOOP('',(#819,#820,#821,#822));
#3474=EDGE_LOOP('',(#823,#824,#825,#826));
#3475=EDGE_LOOP('',(#827,#828,#829,#830));
#3476=EDGE_LOOP('',(#831,#832,#833,#834,#835,#836,#837,#838,#839,#840,#841,#842));
#3477=EDGE_LOOP('',(#843,#844,#845,#846));
#3478=EDGE_LOOP('',(#847,#848,#849,#850));
#3479=EDGE_LOOP('',(#851,#852,#853,#854));
#3480=EDGE_LOOP('',(#855,#856,#857,#858));
#3481=EDGE_LOOP('',(#859,#860,#861,#862));
#3482=EDGE_LOOP('',(#863,#864,#865,#866));
#3483=EDGE_LOOP('',(#867,#868,#869,#870));
#3484=EDGE_LOOP('',(#871,#872,#873,#874));
#3485=EDGE_LOOP('',(#875,#876,#877,#878));
#3486=EDGE_LOOP('',(#879,#880,#881,#882));
#3487=EDGE_LOOP('',(#883,#884,#885,#886));
#3488=EDGE_LOOP('',(#887,#888,#889,#890));
#3489=EDGE_LOOP('',(#891,#892,#893,#894,#895,#896,#897));
#3490=EDGE_LOOP('',(#898,#899,#900,#901));
#3491=EDGE_LOOP('',(#902,#903,#904,#905));
#3492=EDGE_LOOP('',(#906,#907,#908,#909));
#3493=EDGE_LOOP('',(#910,#911,#912));
#3494=EDGE_LOOP('',(#913,#914,#915,#916));
#3495=EDGE_LOOP('',(#917,#918,#919,#920));
#3496=EDGE_LOOP('',(#921,#922,#923,#924));
#3497=EDGE_LOOP('',(#925,#926,#927));
#3498=EDGE_LOOP('',(#928,#929,#930,#931));
#3499=EDGE_LOOP('',(#932,#933,#934,#935));
#3500=EDGE_LOOP('',(#936,#937,#938,#939));
#3501=EDGE_LOOP('',(#940,#941,#942));
#3502=EDGE_LOOP('',(#943,#944,#945,#946));
#3503=EDGE_LOOP('',(#947,#948,#949,#950));
#3504=EDGE_LOOP('',(#951,#952,#953,#954));
#3505=EDGE_LOOP('',(#955,#956,#957,#958));
#3506=EDGE_LOOP('',(#959,#960,#961,#962));
#3507=EDGE_LOOP('',(#963,#964,#965,#966));
#3508=EDGE_LOOP('',(#967,#968,#969,#970));
#3509=EDGE_LOOP('',(#971,#972,#973,#974));
#3510=EDGE_LOOP('',(#975,#976,#977,#978));
#3511=EDGE_LOOP('',(#979,#980,#981,#982));
#3512=EDGE_LOOP('',(#983,#984,#985,#986));
#3513=EDGE_LOOP('',(#987,#988,#989,#990));
#3514=EDGE_LOOP('',(#991,#992,#993,#994));
#3515=EDGE_LOOP('',(#995,#996,#997,#998));
#3516=EDGE_LOOP('',(#999,#1000,#1001,#1002));
#3517=EDGE_LOOP('',(#1003,#1004,#1005,#1006));
#3518=EDGE_LOOP('',(#1007,#1008,#1009,#1010));
#3519=EDGE_LOOP('',(#1011,#1012,#1013,#1014));
#3520=EDGE_LOOP('',(#1015,#1016,#1017,#1018));
#3521=EDGE_LOOP('',(#1019,#1020,#1021,#1022));
#3522=EDGE_LOOP('',(#1023,#1024,#1025,#1026));
#3523=EDGE_LOOP('',(#1027,#1028,#1029,#1030));
#3524=EDGE_LOOP('',(#1031,#1032,#1033,#1034));
#3525=EDGE_LOOP('',(#1035,#1036,#1037,#1038));
#3526=EDGE_LOOP('',(#1039,#1040,#1041,#1042));
#3527=EDGE_LOOP('',(#1043,#1044,#1045));
#3528=EDGE_LOOP('',(#1046,#1047,#1048));
#3529=EDGE_LOOP('',(#1049,#1050,#1051));
#3530=EDGE_LOOP('',(#1052,#1053,#1054,#1055));
#3531=EDGE_LOOP('',(#1056,#1057,#1058,#1059));
#3532=EDGE_LOOP('',(#1060,#1061,#1062,#1063));
#3533=EDGE_LOOP('',(#1064,#1065,#1066,#1067));
#3534=EDGE_LOOP('',(#1068,#1069,#1070,#1071));
#3535=EDGE_LOOP('',(#1072,#1073,#1074,#1075));
#3536=EDGE_LOOP('',(#1076,#1077,#1078,#1079));
#3537=EDGE_LOOP('',(#1080,#1081,#1082,#1083,#1084,#1085,#1086,#1087,#1088,#1089,#1090,#1091));
#3538=EDGE_LOOP('',(#1092,#1093,#1094,#1095));
#3539=EDGE_LOOP('',(#1096,#1097,#1098,#1099,#1100));
#3540=EDGE_LOOP('',(#1101,#1102,#1103,#1104,#1105));
#3541=EDGE_LOOP('',(#1106,#1107,#1108,#1109));
#3542=EDGE_LOOP('',(#1110,#1111,#1112,#1113));
#3543=EDGE_LOOP('',(#1114,#1115,#1116,#1117));
#3544=EDGE_LOOP('',(#1118,#1119,#1120,#1121));
#3545=EDGE_LOOP('',(#1122,#1123,#1124,#1125));
#3546=EDGE_LOOP('',(#1126,#1127,#1128,#1129));
#3547=EDGE_LOOP('',(#1130,#1131,#1132,#1133));
#3548=EDGE_LOOP('',(#1134,#1135,#1136,#1137));
#3549=EDGE_LOOP('',(#1138,#1139,#1140,#1141));
#3550=EDGE_LOOP('',(#1142,#1143,#1144,#1145));
#3551=EDGE_LOOP('',(#1146,#1147,#1148,#1149));
#3552=EDGE_LOOP('',(#1150,#1151,#1152,#1153));
#3553=EDGE_LOOP('',(#1154,#1155,#1156,#1157));
#3554=EDGE_LOOP('',(#1158,#1159,#1160,#1161));
#3555=EDGE_LOOP('',(#1162,#1163,#1164,#1165));
#3556=EDGE_LOOP('',(#1166,#1167,#1168,#1169));
#3557=EDGE_LOOP('',(#1170,#1171,#1172,#1173));
#3558=EDGE_LOOP('',(#1174,#1175,#1176,#1177));
#3559=EDGE_LOOP('',(#1178,#1179,#1180,#1181));
#3560=EDGE_LOOP('',(#1182,#1183,#1184,#1185));
#3561=EDGE_LOOP('',(#1186,#1187,#1188,#1189));
#3562=EDGE_LOOP('',(#1190,#1191,#1192,#1193));
#3563=EDGE_LOOP('',(#1194,#1195,#1196,#1197));
#3564=EDGE_LOOP('',(#1198,#1199,#1200,#1201));
#3565=EDGE_LOOP('',(#1202,#1203,#1204,#1205));
#3566=EDGE_LOOP('',(#1206,#1207,#1208,#1209));
#3567=EDGE_LOOP('',(#1210,#1211,#1212,#1213));
#3568=EDGE_LOOP('',(#1214,#1215,#1216,#1217));
#3569=EDGE_LOOP('',(#1218,#1219,#1220,#1221));
#3570=EDGE_LOOP('',(#1222,#1223,#1224,#1225));
#3571=EDGE_LOOP('',(#1226,#1227,#1228,#1229));
#3572=EDGE_LOOP('',(#1230,#1231,#1232,#1233));
#3573=EDGE_LOOP('',(#1234,#1235,#1236,#1237,#1238,#1239,#1240,#1241,#1242,#1243,#1244,#1245));
#3574=EDGE_LOOP('',(#1246,#1247,#1248,#1249,#1250,#1251,#1252,#1253,#1254,#1255,#1256,#1257));
#3575=EDGE_LOOP('',(#1258,#1259,#1260,#1261,#1262,#1263,#1264,#1265,#1266,#1267,#1268,#1269));
#3576=FACE_BOUND('',#3322,.T.);
#3577=FACE_BOUND('',#3323,.T.);
#3578=FACE_BOUND('',#3324,.T.);
#3579=FACE_BOUND('',#3325,.T.);
#3580=FACE_BOUND('',#3326,.T.);
#3581=FACE_BOUND('',#3327,.T.);
#3582=FACE_BOUND('',#3328,.T.);
#3583=FACE_BOUND('',#3329,.T.);
#3584=FACE_BOUND('',#3330,.T.);
#3585=FACE_BOUND('',#3331,.T.);
#3586=FACE_BOUND('',#3332,.T.);
#3587=FACE_BOUND('',#3333,.T.);
#3588=FACE_BOUND('',#3334,.T.);
#3589=FACE_BOUND('',#3335,.T.);
#3590=FACE_BOUND('',#3336,.T.);
#3591=FACE_BOUND('',#3337,.T.);
#3592=FACE_BOUND('',#3338,.T.);
#3593=FACE_BOUND('',#3339,.T.);
#3594=FACE_BOUND('',#3340,.T.);
#3595=FACE_BOUND('',#3341,.T.);
#3596=FACE_BOUND('',#3342,.T.);
#3597=FACE_BOUND('',#3343,.T.);
#3598=FACE_BOUND('',#3344,.T.);
#3599=FACE_BOUND('',#3345,.T.);
#3600=FACE_BOUND('',#3346,.T.);
#3601=FACE_BOUND('',#3347,.T.);
#3602=FACE_BOUND('',#3348,.T.);
#3603=FACE_BOUND('',#3349,.T.);
#3604=FACE_BOUND('',#3350,.T.);
#3605=FACE_BOUND('',#3351,.T.);
#3606=FACE_BOUND('',#3352,.T.);
#3607=FACE_BOUND('',#3353,.T.);
#3608=FACE_BOUND('',#3354,.T.);
#3609=FACE_BOUND('',#3355,.T.);
#3610=FACE_BOUND('',#3356,.T.);
#3611=FACE_BOUND('',#3357,.T.);
#3612=FACE_BOUND('',#3358,.T.);
#3613=FACE_BOUND('',#3359,.T.);
#3614=FACE_BOUND('',#3360,.T.);
#3615=FACE_BOUND('',#3361,.T.);
#3616=FACE_BOUND('',#3362,.T.);
#3617=FACE_BOUND('',#3363,.T.);
#3618=FACE_BOUND('',#3364,.T.);
#3619=FACE_BOUND('',#3365,.T.);
#3620=FACE_BOUND('',#3366,.T.);
#3621=FACE_BOUND('',#3367,.T.);
#3622=FACE_BOUND('',#3368,.T.);
#3623=FACE_BOUND('',#3369,.T.);
#3624=FACE_BOUND('',#3370,.T.);
#3625=FACE_BOUND('',#3371,.T.);
#3626=FACE_BOUND('',#3372,.T.);
#3627=FACE_BOUND('',#3373,.T.);
#3628=FACE_BOUND('',#3374,.T.);
#3629=FACE_BOUND('',#3375,.T.);
#3630=FACE_BOUND('',#3376,.T.);
#3631=FACE_BOUND('',#3377,.T.);
#3632=FACE_BOUND('',#3378,.T.);
#3633=FACE_BOUND('',#3379,.T.);
#3634=FACE_BOUND('',#3380,.T.);
#3635=FACE_BOUND('',#3381,.T.);
#3636=FACE_BOUND('',#3382,.T.);
#3637=FACE_BOUND('',#3383,.T.);
#3638=FACE_BOUND('',#3384,.T.);
#3639=FACE_BOUND('',#3385,.T.);
#3640=FACE_BOUND('',#3386,.T.);
#3641=FACE_BOUND('',#3387,.T.);
#3642=FACE_BOUND('',#3388,.T.);
#3643=FACE_BOUND('',#3389,.T.);
#3644=FACE_BOUND('',#3390,.T.);
#3645=FACE_BOUND('',#3391,.T.);
#3646=FACE_BOUND('',#3392,.T.);
#3647=FACE_BOUND('',#3393,.T.);
#3648=FACE_BOUND('',#3394,.T.);
#3649=FACE_BOUND('',#3395,.T.);
#3650=FACE_BOUND('',#3396,.T.);
#3651=FACE_BOUND('',#3397,.T.);
#3652=FACE_BOUND('',#3398,.T.);
#3653=FACE_BOUND('',#3399,.T.);
#3654=FACE_BOUND('',#3400,.T.);
#3655=FACE_BOUND('',#3401,.T.);
#3656=FACE_BOUND('',#3402,.T.);
#3657=FACE_BOUND('',#3403,.T.);
#3658=FACE_BOUND('',#3404,.T.);
#3659=FACE_BOUND('',#3405,.T.);
#3660=FACE_BOUND('',#3406,.T.);
#3661=FACE_BOUND('',#3407,.T.);
#3662=FACE_BOUND('',#3408,.T.);
#3663=FACE_BOUND('',#3409,.T.);
#3664=FACE_BOUND('',#3410,.T.);
#3665=FACE_BOUND('',#3411,.T.);
#3666=FACE_BOUND('',#3412,.T.);
#3667=FACE_BOUND('',#3413,.T.);
#3668=FACE_BOUND('',#3414,.T.);
#3669=FACE_BOUND('',#3415,.T.);
#3670=FACE_BOUND('',#3416,.T.);
#3671=FACE_BOUND('',#3417,.T.);
#3672=FACE_BOUND('',#3418,.T.);
#3673=FACE_BOUND('',#3419,.T.);
#3674=FACE_BOUND('',#3420,.T.);
#3675=FACE_BOUND('',#3421,.T.);
#3676=FACE_BOUND('',#3422,.T.);
#3677=FACE_BOUND('',#3423,.T.);
#3678=FACE_BOUND('',#3424,.T.);
#3679=FACE_BOUND('',#3425,.T.);
#3680=FACE_BOUND('',#3426,.T.);
#3681=FACE_BOUND('',#3427,.T.);
#3682=FACE_BOUND('',#3428,.T.);
#3683=FACE_BOUND('',#3429,.T.);
#3684=FACE_BOUND('',#3430,.T.);
#3685=FACE_BOUND('',#3431,.T.);
#3686=FACE_BOUND('',#3432,.T.);
#3687=FACE_BOUND('',#3433,.T.);
#3688=FACE_BOUND('',#3434,.T.);
#3689=FACE_BOUND('',#3435,.T.);
#3690=FACE_BOUND('',#3436,.T.);
#3691=FACE_BOUND('',#3437,.T.);
#3692=FACE_BOUND('',#3438,.T.);
#3693=FACE_BOUND('',#3439,.T.);
#3694=FACE_BOUND('',#3440,.T.);
#3695=FACE_BOUND('',#3441,.T.);
#3696=FACE_BOUND('',#3442,.T.);
#3697=FACE_BOUND('',#3443,.T.);
#3698=FACE_BOUND('',#3444,.T.);
#3699=FACE_BOUND('',#3445,.T.);
#3700=FACE_BOUND('',#3446,.T.);
#3701=FACE_BOUND('',#3447,.T.);
#3702=FACE_BOUND('',#3448,.T.);
#3703=FACE_BOUND('',#3449,.T.);
#3704=FACE_BOUND('',#3450,.T.);
#3705=FACE_BOUND('',#3451,.T.);
#3706=FACE_BOUND('',#3452,.T.);
#3707=FACE_BOUND('',#3453,.T.);
#3708=FACE_BOUND('',#3454,.T.);
#3709=FACE_BOUND('',#3455,.T.);
#3710=FACE_BOUND('',#3456,.T.);
#3711=FACE_BOUND('',#3457,.T.);
#3712=FACE_BOUND('',#3458,.T.);
#3713=FACE_BOUND('',#3459,.T.);
#3714=FACE_BOUND('',#3460,.T.);
#3715=FACE_BOUND('',#3461,.T.);
#3716=FACE_BOUND('',#3462,.T.);
#3717=FACE_BOUND('',#3463,.T.);
#3718=FACE_BOUND('',#3464,.T.);
#3719=FACE_BOUND('',#3465,.T.);
#3720=FACE_BOUND('',#3466,.T.);
#3721=FACE_BOUND('',#3467,.T.);
#3722=FACE_BOUND('',#3468,.T.);
#3723=FACE_BOUND('',#3469,.T.);
#3724=FACE_BOUND('',#3470,.T.);
#3725=FACE_BOUND('',#3471,.T.);
#3726=FACE_BOUND('',#3472,.T.);
#3727=FACE_BOUND('',#3473,.T.);
#3728=FACE_BOUND('',#3474,.T.);
#3729=FACE_BOUND('',#3475,.T.);
#3730=FACE_BOUND('',#3476,.T.);
#3731=FACE_BOUND('',#3477,.T.);
#3732=FACE_BOUND('',#3478,.T.);
#3733=FACE_BOUND('',#3479,.T.);
#3734=FACE_BOUND('',#3480,.T.);
#3735=FACE_BOUND('',#3481,.T.);
#3736=FACE_BOUND('',#3482,.T.);
#3737=FACE_BOUND('',#3483,.T.);
#3738=FACE_BOUND('',#3484,.T.);
#3739=FACE_BOUND('',#3485,.T.);
#3740=FACE_BOUND('',#3486,.T.);
#3741=FACE_BOUND('',#3487,.T.);
#3742=FACE_BOUND('',#3488,.T.);
#3743=FACE_BOUND('',#3489,.T.);
#3744=FACE_BOUND('',#3490,.T.);
#3745=FACE_BOUND('',#3491,.T.);
#3746=FACE_BOUND('',#3492,.T.);
#3747=FACE_BOUND('',#3493,.T.);
#3748=FACE_BOUND('',#3494,.T.);
#3749=FACE_BOUND('',#3495,.T.);
#3750=FACE_BOUND('',#3496,.T.);
#3751=FACE_BOUND('',#3497,.T.);
#3752=FACE_BOUND('',#3498,.T.);
#3753=FACE_BOUND('',#3499,.T.);
#3754=FACE_BOUND('',#3500,.T.);
#3755=FACE_BOUND('',#3501,.T.);
#3756=FACE_BOUND('',#3502,.T.);
#3757=FACE_BOUND('',#3503,.T.);
#3758=FACE_BOUND('',#3504,.T.);
#3759=FACE_BOUND('',#3505,.T.);
#3760=FACE_BOUND('',#3506,.T.);
#3761=FACE_BOUND('',#3507,.T.);
#3762=FACE_BOUND('',#3508,.T.);
#3763=FACE_BOUND('',#3509,.T.);
#3764=FACE_BOUND('',#3510,.T.);
#3765=FACE_BOUND('',#3511,.T.);
#3766=FACE_BOUND('',#3512,.T.);
#3767=FACE_BOUND('',#3513,.T.);
#3768=FACE_BOUND('',#3514,.T.);
#3769=FACE_BOUND('',#3515,.T.);
#3770=FACE_BOUND('',#3516,.T.);
#3771=FACE_BOUND('',#3517,.T.);
#3772=FACE_BOUND('',#3518,.T.);
#3773=FACE_BOUND('',#3519,.T.);
#3774=FACE_BOUND('',#3520,.T.);
#3775=FACE_BOUND('',#3521,.T.);
#3776=FACE_BOUND('',#3522,.T.);
#3777=FACE_BOUND('',#3523,.T.);
#3778=FACE_BOUND('',#3524,.T.);
#3779=FACE_BOUND('',#3525,.T.);
#3780=FACE_BOUND('',#3526,.T.);
#3781=FACE_BOUND('',#3527,.T.);
#3782=FACE_BOUND('',#3528,.T.);
#3783=FACE_BOUND('',#3529,.T.);
#3784=FACE_BOUND('',#3530,.T.);
#3785=FACE_BOUND('',#3531,.T.);
#3786=FACE_BOUND('',#3532,.T.);
#3787=FACE_BOUND('',#3533,.T.);
#3788=FACE_BOUND('',#3534,.T.);
#3789=FACE_BOUND('',#3535,.T.);
#3790=FACE_BOUND('',#3536,.T.);
#3791=FACE_BOUND('',#3537,.T.);
#3792=FACE_BOUND('',#3538,.T.);
#3793=FACE_BOUND('',#3539,.T.);
#3794=FACE_BOUND('',#3540,.T.);
#3795=FACE_BOUND('',#3541,.T.);
#3796=FACE_BOUND('',#3542,.T.);
#3797=FACE_BOUND('',#3543,.T.);
#3798=FACE_BOUND('',#3544,.T.);
#3799=FACE_BOUND('',#3545,.T.);
#3800=FACE_BOUND('',#3546,.T.);
#3801=FACE_BOUND('',#3547,.T.);
#3802=FACE_BOUND('',#3548,.T.);
#3803=FACE_BOUND('',#3549,.T.);
#3804=FACE_BOUND('',#3550,.T.);
#3805=FACE_BOUND('',#3551,.T.);
#3806=FACE_BOUND('',#3552,.T.);
#3807=FACE_BOUND('',#3553,.T.);
#3808=FACE_BOUND('',#3554,.T.);
#3809=FACE_BOUND('',#3555,.T.);
#3810=FACE_BOUND('',#3556,.T.);
#3811=FACE_BOUND('',#3557,.T.);
#3812=FACE_BOUND('',#3558,.T.);
#3813=FACE_BOUND('',#3559,.T.);
#3814=FACE_BOUND('',#3560,.T.);
#3815=FACE_BOUND('',#3561,.T.);
#3816=FACE_BOUND('',#3562,.T.);
#3817=FACE_BOUND('',#3563,.T.);
#3818=FACE_BOUND('',#3564,.T.);
#3819=FACE_BOUND('',#3565,.T.);
#3820=FACE_BOUND('',#3566,.T.);
#3821=FACE_BOUND('',#3567,.T.);
#3822=FACE_BOUND('',#3568,.T.);
#3823=FACE_BOUND('',#3569,.T.);
#3824=FACE_BOUND('',#3570,.T.);
#3825=FACE_BOUND('',#3571,.T.);
#3826=FACE_BOUND('',#3572,.T.);
#3827=FACE_BOUND('',#3573,.T.);
#3828=FACE_BOUND('',#3574,.T.);
#3829=FACE_BOUND('',#3575,.T.);
#3830=PLANE('',#4296);
#3831=PLANE('',#4297);
#3832=PLANE('',#4298);
#3833=PLANE('',#4299);
#3834=PLANE('',#4300);
#3835=PLANE('',#4301);
#3836=PLANE('',#4302);
#3837=PLANE('',#4303);
#3838=PLANE('',#4304);
#3839=PLANE('',#4305);
#3840=PLANE('',#4306);
#3841=PLANE('',#4307);
#3842=PLANE('',#4308);
#3843=PLANE('',#4309);
#3844=PLANE('',#4310);
#3845=PLANE('',#4311);
#3846=PLANE('',#4312);
#3847=PLANE('',#4313);
#3848=PLANE('',#4314);
#3849=PLANE('',#4315);
#3850=PLANE('',#4316);
#3851=PLANE('',#4317);
#3852=PLANE('',#4318);
#3853=PLANE('',#4319);
#3854=PLANE('',#4320);
#3855=PLANE('',#4321);
#3856=PLANE('',#4322);
#3857=PLANE('',#4323);
#3858=PLANE('',#4324);
#3859=PLANE('',#4325);
#3860=PLANE('',#4326);
#3861=PLANE('',#4327);
#3862=PLANE('',#4328);
#3863=PLANE('',#4329);
#3864=PLANE('',#4330);
#3865=PLANE('',#4331);
#3866=PLANE('',#4332);
#3867=PLANE('',#4333);
#3868=PLANE('',#4334);
#3869=PLANE('',#4335);
#3870=PLANE('',#4336);
#3871=PLANE('',#4337);
#3872=PLANE('',#4338);
#3873=PLANE('',#4339);
#3874=PLANE('',#4340);
#3875=PLANE('',#4341);
#3876=PLANE('',#4342);
#3877=PLANE('',#4343);
#3878=PLANE('',#4344);
#3879=PLANE('',#4345);
#3880=PLANE('',#4346);
#3881=PLANE('',#4347);
#3882=PLANE('',#4348);
#3883=PLANE('',#4350);
#3884=PLANE('',#4351);
#3885=PLANE('',#4352);
#3886=PLANE('',#4353);
#3887=PLANE('',#4354);
#3888=PLANE('',#4355);
#3889=PLANE('',#4356);
#3890=PLANE('',#4357);
#3891=PLANE('',#4358);
#3892=PLANE('',#4359);
#3893=PLANE('',#4360);
#3894=PLANE('',#4361);
#3895=PLANE('',#4362);
#3896=PLANE('',#4363);
#3897=PLANE('',#4364);
#3898=PLANE('',#4365);
#3899=PLANE('',#4366);
#3900=PLANE('',#4367);
#3901=PLANE('',#4368);
#3902=PLANE('',#4369);
#3903=PLANE('',#4370);
#3904=PLANE('',#4371);
#3905=PLANE('',#4372);
#3906=PLANE('',#4373);
#3907=PLANE('',#4374);
#3908=PLANE('',#4375);
#3909=PLANE('',#4376);
#3910=PLANE('',#4377);
#3911=PLANE('',#4378);
#3912=PLANE('',#4379);
#3913=PLANE('',#4380);
#3914=PLANE('',#4381);
#3915=PLANE('',#4382);
#3916=PLANE('',#4383);
#3917=PLANE('',#4384);
#3918=PLANE('',#4385);
#3919=PLANE('',#4386);
#3920=PLANE('',#4387);
#3921=PLANE('',#4388);
#3922=PLANE('',#4389);
#3923=PLANE('',#4390);
#3924=PLANE('',#4391);
#3925=PLANE('',#4392);
#3926=PLANE('',#4393);
#3927=PLANE('',#4394);
#3928=PLANE('',#4395);
#3929=PLANE('',#4396);
#3930=PLANE('',#4397);
#3931=PLANE('',#4398);
#3932=PLANE('',#4399);
#3933=PLANE('',#4400);
#3934=PLANE('',#4401);
#3935=PLANE('',#4402);
#3936=PLANE('',#4403);
#3937=PLANE('',#4404);
#3938=PLANE('',#4405);
#3939=PLANE('',#4406);
#3940=PLANE('',#4407);
#3941=PLANE('',#4408);
#3942=PLANE('',#4409);
#3943=PLANE('',#4410);
#3944=PLANE('',#4411);
#3945=PLANE('',#4412);
#3946=PLANE('',#4413);
#3947=PLANE('',#4414);
#3948=PLANE('',#4415);
#3949=PLANE('',#4416);
#3950=PLANE('',#4417);
#3951=PLANE('',#4418);
#3952=PLANE('',#4419);
#3953=PLANE('',#4420);
#3954=PLANE('',#4421);
#3955=PLANE('',#4422);
#3956=PLANE('',#4423);
#3957=PLANE('',#4424);
#3958=PLANE('',#4425);
#3959=PLANE('',#4426);
#3960=PLANE('',#4427);
#3961=PLANE('',#4428);
#3962=PLANE('',#4429);
#3963=PLANE('',#4430);
#3964=PLANE('',#4431);
#3965=PLANE('',#4432);
#3966=PLANE('',#4433);
#3967=PLANE('',#4434);
#3968=PLANE('',#4435);
#3969=PLANE('',#4437);
#3970=PLANE('',#4441);
#3971=PLANE('',#4442);
#3972=PLANE('',#4443);
#3973=PLANE('',#4447);
#3974=PLANE('',#4448);
#3975=PLANE('',#4449);
#3976=PLANE('',#4450);
#3977=PLANE('',#4454);
#3978=PLANE('',#4455);
#3979=PLANE('',#4459);
#3980=PLANE('',#4460);
#3981=PLANE('',#4461);
#3982=PLANE('',#4465);
#3983=PLANE('',#4469);
#3984=PLANE('',#4470);
#3985=PLANE('',#4474);
#3986=PLANE('',#4478);
#3987=PLANE('',#4479);
#3988=PLANE('',#4483);
#3989=PLANE('',#4487);
#3990=PLANE('',#4488);
#3991=PLANE('',#4492);
#3992=PLANE('',#4496);
#3993=PLANE('',#4497);
#3994=PLANE('',#4498);
#3995=PLANE('',#4499);
#3996=PLANE('',#4500);
#3997=PLANE('',#4501);
#3998=PLANE('',#4502);
#3999=PLANE('',#4503);
#4000=PLANE('',#4504);
#4001=PLANE('',#4505);
#4002=PLANE('',#4506);
#4003=PLANE('',#4507);
#4004=PLANE('',#4508);
#4005=PLANE('',#4509);
#4006=PLANE('',#4510);
#4007=PLANE('',#4511);
#4008=PLANE('',#4512);
#4009=PLANE('',#4513);
#4010=PLANE('',#4514);
#4011=PLANE('',#4515);
#4012=PLANE('',#4516);
#4013=PLANE('',#4517);
#4014=PLANE('',#4518);
#4015=PLANE('',#4519);
#4016=PLANE('',#4520);
#4017=PLANE('',#4521);
#4018=PLANE('',#4522);
#4019=PLANE('',#4523);
#4020=PLANE('',#4524);
#4021=PLANE('',#4525);
#4022=PLANE('',#4526);
#4023=PLANE('',#4527);
#4024=PLANE('',#4528);
#4025=PLANE('',#4529);
#4026=PLANE('',#4530);
#4027=PLANE('',#4531);
#4028=PLANE('',#4532);
#4029=PLANE('',#4533);
#4030=PLANE('',#4534);
#4031=PLANE('',#4535);
#4032=ADVANCED_FACE('',(#3576),#3830,.T.);
#4033=ADVANCED_FACE('',(#3577),#3831,.T.);
#4034=ADVANCED_FACE('',(#3578),#3832,.T.);
#4035=ADVANCED_FACE('',(#3579),#3833,.F.);
#4036=ADVANCED_FACE('',(#3580),#3834,.T.);
#4037=ADVANCED_FACE('',(#3581),#3835,.F.);
#4038=ADVANCED_FACE('',(#3582),#3836,.F.);
#4039=ADVANCED_FACE('',(#3583),#3837,.F.);
#4040=ADVANCED_FACE('',(#3584),#3838,.T.);
#4041=ADVANCED_FACE('',(#3585),#3839,.F.);
#4042=ADVANCED_FACE('',(#3586),#3840,.F.);
#4043=ADVANCED_FACE('',(#3587),#3841,.F.);
#4044=ADVANCED_FACE('',(#3588),#3842,.T.);
#4045=ADVANCED_FACE('',(#3589),#3843,.T.);
#4046=ADVANCED_FACE('',(#3590,#3591),#3844,.T.);
#4047=ADVANCED_FACE('',(#3592),#3845,.F.);
#4048=ADVANCED_FACE('',(#3593,#3594),#3846,.T.);
#4049=ADVANCED_FACE('',(#3595),#3847,.F.);
#4050=ADVANCED_FACE('',(#3596),#3848,.T.);
#4051=ADVANCED_FACE('',(#3597),#3849,.T.);
#4052=ADVANCED_FACE('',(#3598),#3850,.T.);
#4053=ADVANCED_FACE('',(#3599),#3851,.T.);
#4054=ADVANCED_FACE('',(#3600),#3852,.T.);
#4055=ADVANCED_FACE('',(#3601),#3853,.T.);
#4056=ADVANCED_FACE('',(#3602),#3854,.T.);
#4057=ADVANCED_FACE('',(#3603),#3855,.T.);
#4058=ADVANCED_FACE('',(#3604),#3856,.T.);
#4059=ADVANCED_FACE('',(#3605),#3857,.T.);
#4060=ADVANCED_FACE('',(#3606),#3858,.T.);
#4061=ADVANCED_FACE('',(#3607),#3859,.T.);
#4062=ADVANCED_FACE('',(#3608),#3860,.F.);
#4063=ADVANCED_FACE('',(#3609),#3861,.F.);
#4064=ADVANCED_FACE('',(#3610),#3862,.F.);
#4065=ADVANCED_FACE('',(#3611),#3863,.F.);
#4066=ADVANCED_FACE('',(#3612),#3864,.F.);
#4067=ADVANCED_FACE('',(#3613),#3865,.F.);
#4068=ADVANCED_FACE('',(#3614),#3866,.F.);
#4069=ADVANCED_FACE('',(#3615),#3867,.F.);
#4070=ADVANCED_FACE('',(#3616),#3868,.F.);
#4071=ADVANCED_FACE('',(#3617),#3869,.F.);
#4072=ADVANCED_FACE('',(#3618),#3870,.F.);
#4073=ADVANCED_FACE('',(#3619),#3871,.F.);
#4074=ADVANCED_FACE('',(#3620),#3872,.T.);
#4075=ADVANCED_FACE('',(#3621),#3873,.T.);
#4076=ADVANCED_FACE('',(#3622),#3874,.F.);
#4077=ADVANCED_FACE('',(#3623),#3875,.T.);
#4078=ADVANCED_FACE('',(#3624),#3876,.F.);
#4079=ADVANCED_FACE('',(#3625,#3626),#3877,.F.);
#4080=ADVANCED_FACE('',(#3627),#3878,.F.);
#4081=ADVANCED_FACE('',(#3628),#3879,.T.);
#4082=ADVANCED_FACE('',(#3629,#3630),#3880,.T.);
#4083=ADVANCED_FACE('',(#3631,#3632),#3881,.F.);
#4084=ADVANCED_FACE('',(#3633),#3882,.T.);
#4085=ADVANCED_FACE('',(#3634),#74,.F.);
#4086=ADVANCED_FACE('',(#3635),#75,.F.);
#4087=ADVANCED_FACE('',(#3636),#76,.F.);
#4088=ADVANCED_FACE('',(#3637),#77,.F.);
#4089=ADVANCED_FACE('',(#3638),#78,.F.);
#4090=ADVANCED_FACE('',(#3639),#79,.F.);
#4091=ADVANCED_FACE('',(#3640),#80,.F.);
#4092=ADVANCED_FACE('',(#3641),#3883,.T.);
#4093=ADVANCED_FACE('',(#3642),#3884,.F.);
#4094=ADVANCED_FACE('',(#3643),#81,.F.);
#4095=ADVANCED_FACE('',(#3644),#82,.F.);
#4096=ADVANCED_FACE('',(#3645),#83,.F.);
#4097=ADVANCED_FACE('',(#3646),#84,.F.);
#4098=ADVANCED_FACE('',(#3647),#3885,.F.);
#4099=ADVANCED_FACE('',(#3648),#3886,.F.);
#4100=ADVANCED_FACE('',(#3649),#3887,.F.);
#4101=ADVANCED_FACE('',(#3650),#3888,.F.);
#4102=ADVANCED_FACE('',(#3651),#3889,.F.);
#4103=ADVANCED_FACE('',(#3652),#3890,.F.);
#4104=ADVANCED_FACE('',(#3653),#85,.F.);
#4105=ADVANCED_FACE('',(#3654),#86,.F.);
#4106=ADVANCED_FACE('',(#3655),#3891,.F.);
#4107=ADVANCED_FACE('',(#3656),#87,.F.);
#4108=ADVANCED_FACE('',(#3657,#3658),#3892,.T.);
#4109=ADVANCED_FACE('',(#3659),#3893,.F.);
#4110=ADVANCED_FACE('',(#3660,#3661),#3894,.T.);
#4111=ADVANCED_FACE('',(#3662),#3895,.F.);
#4112=ADVANCED_FACE('',(#3663),#3896,.T.);
#4113=ADVANCED_FACE('',(#3664),#3897,.T.);
#4114=ADVANCED_FACE('',(#3665),#3898,.T.);
#4115=ADVANCED_FACE('',(#3666),#3899,.T.);
#4116=ADVANCED_FACE('',(#3667),#3900,.T.);
#4117=ADVANCED_FACE('',(#3668),#3901,.T.);
#4118=ADVANCED_FACE('',(#3669),#3902,.T.);
#4119=ADVANCED_FACE('',(#3670),#3903,.T.);
#4120=ADVANCED_FACE('',(#3671),#3904,.T.);
#4121=ADVANCED_FACE('',(#3672),#3905,.T.);
#4122=ADVANCED_FACE('',(#3673),#3906,.T.);
#4123=ADVANCED_FACE('',(#3674),#3907,.T.);
#4124=ADVANCED_FACE('',(#3675),#3908,.F.);
#4125=ADVANCED_FACE('',(#3676),#3909,.F.);
#4126=ADVANCED_FACE('',(#3677),#3910,.F.);
#4127=ADVANCED_FACE('',(#3678),#3911,.F.);
#4128=ADVANCED_FACE('',(#3679),#3912,.F.);
#4129=ADVANCED_FACE('',(#3680),#3913,.F.);
#4130=ADVANCED_FACE('',(#3681),#3914,.F.);
#4131=ADVANCED_FACE('',(#3682),#3915,.F.);
#4132=ADVANCED_FACE('',(#3683),#3916,.F.);
#4133=ADVANCED_FACE('',(#3684),#3917,.F.);
#4134=ADVANCED_FACE('',(#3685),#3918,.F.);
#4135=ADVANCED_FACE('',(#3686),#3919,.F.);
#4136=ADVANCED_FACE('',(#3687),#3920,.T.);
#4137=ADVANCED_FACE('',(#3688),#3921,.T.);
#4138=ADVANCED_FACE('',(#3689),#3922,.F.);
#4139=ADVANCED_FACE('',(#3690),#3923,.T.);
#4140=ADVANCED_FACE('',(#3691),#3924,.F.);
#4141=ADVANCED_FACE('',(#3692),#3925,.F.);
#4142=ADVANCED_FACE('',(#3693),#3926,.T.);
#4143=ADVANCED_FACE('',(#3694,#3695,#3696,#3697,#3698,#3699,#3700),#3927,.T.);
#4144=ADVANCED_FACE('',(#3701,#3702),#3928,.F.);
#4145=ADVANCED_FACE('',(#3703,#3704),#3929,.F.);
#4146=ADVANCED_FACE('',(#3705),#3930,.T.);
#4147=ADVANCED_FACE('',(#3706),#3931,.F.);
#4148=ADVANCED_FACE('',(#3707),#3932,.F.);
#4149=ADVANCED_FACE('',(#3708),#3933,.F.);
#4150=ADVANCED_FACE('',(#3709),#3934,.F.);
#4151=ADVANCED_FACE('',(#3710),#3935,.F.);
#4152=ADVANCED_FACE('',(#3711),#3936,.F.);
#4153=ADVANCED_FACE('',(#3712),#3937,.T.);
#4154=ADVANCED_FACE('',(#3713),#3938,.F.);
#4155=ADVANCED_FACE('',(#3714),#3939,.F.);
#4156=ADVANCED_FACE('',(#3715),#3940,.F.);
#4157=ADVANCED_FACE('',(#3716),#3941,.F.);
#4158=ADVANCED_FACE('',(#3717),#3942,.T.);
#4159=ADVANCED_FACE('',(#3718),#3943,.F.);
#4160=ADVANCED_FACE('',(#3719),#3944,.F.);
#4161=ADVANCED_FACE('',(#3720),#3945,.F.);
#4162=ADVANCED_FACE('',(#3721),#3946,.F.);
#4163=ADVANCED_FACE('',(#3722),#3947,.F.);
#4164=ADVANCED_FACE('',(#3723),#3948,.F.);
#4165=ADVANCED_FACE('',(#3724),#3949,.F.);
#4166=ADVANCED_FACE('',(#3725),#3950,.F.);
#4167=ADVANCED_FACE('',(#3726),#3951,.F.);
#4168=ADVANCED_FACE('',(#3727),#3952,.F.);
#4169=ADVANCED_FACE('',(#3728),#3953,.F.);
#4170=ADVANCED_FACE('',(#3729),#3954,.F.);
#4171=ADVANCED_FACE('',(#3730),#3955,.T.);
#4172=ADVANCED_FACE('',(#3731),#3956,.F.);
#4173=ADVANCED_FACE('',(#3732),#3957,.F.);
#4174=ADVANCED_FACE('',(#3733),#3958,.F.);
#4175=ADVANCED_FACE('',(#3734),#3959,.F.);
#4176=ADVANCED_FACE('',(#3735),#3960,.F.);
#4177=ADVANCED_FACE('',(#3736),#3961,.F.);
#4178=ADVANCED_FACE('',(#3737),#3962,.F.);
#4179=ADVANCED_FACE('',(#3738),#3963,.F.);
#4180=ADVANCED_FACE('',(#3739),#3964,.F.);
#4181=ADVANCED_FACE('',(#3740),#3965,.F.);
#4182=ADVANCED_FACE('',(#3741),#3966,.F.);
#4183=ADVANCED_FACE('',(#3742),#3967,.F.);
#4184=ADVANCED_FACE('',(#3743),#3968,.T.);
#4185=ADVANCED_FACE('',(#3744),#3969,.F.);
#4186=ADVANCED_FACE('',(#3745),#34,.T.);
#4187=ADVANCED_FACE('',(#3746),#3970,.T.);
#4188=ADVANCED_FACE('',(#3747),#3971,.T.);
#4189=ADVANCED_FACE('',(#3748),#3972,.F.);
#4190=ADVANCED_FACE('',(#3749),#35,.T.);
#4191=ADVANCED_FACE('',(#3750),#3973,.T.);
#4192=ADVANCED_FACE('',(#3751),#3974,.T.);
#4193=ADVANCED_FACE('',(#3752),#3975,.T.);
#4194=ADVANCED_FACE('',(#3753),#3976,.F.);
#4195=ADVANCED_FACE('',(#3754),#36,.T.);
#4196=ADVANCED_FACE('',(#3755),#3977,.T.);
#4197=ADVANCED_FACE('',(#3756),#3978,.F.);
#4198=ADVANCED_FACE('',(#3757),#37,.T.);
#4199=ADVANCED_FACE('',(#3758),#3979,.T.);
#4200=ADVANCED_FACE('',(#3759),#3980,.T.);
#4201=ADVANCED_FACE('',(#3760),#3981,.T.);
#4202=ADVANCED_FACE('',(#3761),#38,.T.);
#4203=ADVANCED_FACE('',(#3762),#3982,.F.);
#4204=ADVANCED_FACE('',(#3763),#39,.T.);
#4205=ADVANCED_FACE('',(#3764),#3983,.T.);
#4206=ADVANCED_FACE('',(#3765),#3984,.T.);
#4207=ADVANCED_FACE('',(#3766),#40,.T.);
#4208=ADVANCED_FACE('',(#3767),#3985,.F.);
#4209=ADVANCED_FACE('',(#3768),#41,.T.);
#4210=ADVANCED_FACE('',(#3769),#3986,.T.);
#4211=ADVANCED_FACE('',(#3770),#3987,.T.);
#4212=ADVANCED_FACE('',(#3771),#42,.T.);
#4213=ADVANCED_FACE('',(#3772),#3988,.F.);
#4214=ADVANCED_FACE('',(#3773),#43,.T.);
#4215=ADVANCED_FACE('',(#3774),#3989,.T.);
#4216=ADVANCED_FACE('',(#3775),#3990,.T.);
#4217=ADVANCED_FACE('',(#3776),#44,.T.);
#4218=ADVANCED_FACE('',(#3777),#3991,.T.);
#4219=ADVANCED_FACE('',(#3778),#45,.T.);
#4220=ADVANCED_FACE('',(#3779),#3992,.F.);
#4221=ADVANCED_FACE('',(#3780),#3993,.T.);
#4222=ADVANCED_FACE('',(#3781,#3782,#3783,#3784,#3785,#3786,#3787,#3788,#3789),#3994,.T.);
#4223=ADVANCED_FACE('',(#3790,#3791),#3995,.F.);
#4224=ADVANCED_FACE('',(#3792),#3996,.F.);
#4225=ADVANCED_FACE('',(#3793),#3997,.F.);
#4226=ADVANCED_FACE('',(#3794),#3998,.T.);
#4227=ADVANCED_FACE('',(#3795,#3796),#3999,.F.);
#4228=ADVANCED_FACE('',(#3797),#4000,.F.);
#4229=ADVANCED_FACE('',(#3798),#4001,.T.);
#4230=ADVANCED_FACE('',(#3799),#4002,.T.);
#4231=ADVANCED_FACE('',(#3800),#4003,.F.);
#4232=ADVANCED_FACE('',(#3801),#4004,.T.);
#4233=ADVANCED_FACE('',(#3802),#4005,.F.);
#4234=ADVANCED_FACE('',(#3803),#4006,.F.);
#4235=ADVANCED_FACE('',(#3804),#4007,.F.);
#4236=ADVANCED_FACE('',(#3805),#4008,.F.);
#4237=ADVANCED_FACE('',(#3806),#4009,.F.);
#4238=ADVANCED_FACE('',(#3807),#4010,.F.);
#4239=ADVANCED_FACE('',(#3808),#4011,.F.);
#4240=ADVANCED_FACE('',(#3809),#4012,.F.);
#4241=ADVANCED_FACE('',(#3810),#4013,.F.);
#4242=ADVANCED_FACE('',(#3811),#4014,.F.);
#4243=ADVANCED_FACE('',(#3812),#4015,.F.);
#4244=ADVANCED_FACE('',(#3813),#4016,.F.);
#4245=ADVANCED_FACE('',(#3814),#4017,.T.);
#4246=ADVANCED_FACE('',(#3815),#4018,.T.);
#4247=ADVANCED_FACE('',(#3816),#4019,.T.);
#4248=ADVANCED_FACE('',(#3817),#4020,.T.);
#4249=ADVANCED_FACE('',(#3818),#4021,.T.);
#4250=ADVANCED_FACE('',(#3819),#4022,.T.);
#4251=ADVANCED_FACE('',(#3820),#4023,.T.);
#4252=ADVANCED_FACE('',(#3821),#4024,.T.);
#4253=ADVANCED_FACE('',(#3822),#4025,.T.);
#4254=ADVANCED_FACE('',(#3823),#4026,.T.);
#4255=ADVANCED_FACE('',(#3824),#4027,.T.);
#4256=ADVANCED_FACE('',(#3825),#4028,.T.);
#4257=ADVANCED_FACE('',(#3826),#4029,.F.);
#4258=ADVANCED_FACE('',(#3827,#3828),#4030,.T.);
#4259=ADVANCED_FACE('',(#3829),#4031,.F.);
#4260=CLOSED_SHELL('',(#4032,#4033,#4034,#4035,#4036,#4037,#4038,#4039,#4040,#4041,#4042,#4043,#4044,#4045,#4046,#4047,#4048,#4049,#4050,#4051,#4052,#4053,#4054,#4055,#4056,#4057,#4058,#4059,#4060,#4061,#4062,#4063,#4064,#4065,#4066,#4067,#4068,#4069,#4070,#4071,#4072,#4073,#4074,#4075,#4076,#4077,#4078,#4079,#4080,#4081,#4082,#4083,#4084));
#4261=CLOSED_SHELL('',(#4085,#4086,#4087,#4088,#4089,#4090,#4091,#4092,#4093,#4094,#4095,#4096,#4097,#4098,#4099,#4100,#4101,#4102,#4103,#4104,#4105,#4106,#4107,#4108,#4109,#4110,#4111,#4112,#4113,#4114,#4115,#4116,#4117,#4118,#4119,#4120,#4121,#4122,#4123,#4124,#4125,#4126,#4127,#4128,#4129,#4130,#4131,#4132,#4133,#4134,#4135,#4136,#4137,#4138,#4139,#4140,#4141,#4142,#4143,#4144,#4145,#4146,#4147,#4148,#4149,#4150,#4151,#4152,#4153,#4154,#4155,#4156,#4157,#4158,#4159,#4160,#4161,#4162,#4163,#4164,#4165,#4166,#4167,#4168,#4169,#4170,#4171,#4172,#4173,#4174,#4175,#4176,#4177,#4178,#4179,#4180,#4181,#4182,#4183,#4184));
#4262=CLOSED_SHELL('',(#4185,#4186,#4187,#4188,#4189,#4190,#4191,#4192,#4193,#4194,#4195,#4196,#4197,#4198,#4199,#4200,#4201,#4202,#4203,#4204,#4205,#4206,#4207,#4208,#4209,#4210,#4211,#4212,#4213,#4214,#4215,#4216,#4217,#4218,#4219,#4220,#4221,#4222,#4223,#4224,#4225,#4226,#4227,#4228,#4229,#4230,#4231,#4232,#4233,#4234,#4235,#4236,#4237,#4238,#4239,#4240,#4241,#4242,#4243,#4244,#4245,#4246,#4247,#4248,#4249,#4250,#4251,#4252,#4253,#4254,#4255,#4256,#4257,#4258,#4259));
#4263=STYLED_ITEM('',(#4266),#4286);
#4264=STYLED_ITEM('',(#4267),#4287);
#4265=STYLED_ITEM('',(#4268),#4288);
#4266=PRESENTATION_STYLE_ASSIGNMENT((#4269));
#4267=PRESENTATION_STYLE_ASSIGNMENT((#4270));
#4268=PRESENTATION_STYLE_ASSIGNMENT((#4271));
#4269=SURFACE_STYLE_USAGE(.BOTH.,#4272);
#4270=SURFACE_STYLE_USAGE(.BOTH.,#4273);
#4271=SURFACE_STYLE_USAGE(.BOTH.,#4274);
#4272=SURFACE_SIDE_STYLE('',(#4275));
#4273=SURFACE_SIDE_STYLE('',(#4276));
#4274=SURFACE_SIDE_STYLE('',(#4277));
#4275=SURFACE_STYLE_FILL_AREA(#4278);
#4276=SURFACE_STYLE_FILL_AREA(#4279);
#4277=SURFACE_STYLE_FILL_AREA(#4280);
#4278=FILL_AREA_STYLE('',(#4281));
#4279=FILL_AREA_STYLE('',(#4282));
#4280=FILL_AREA_STYLE('',(#4283));
#4281=FILL_AREA_STYLE_COLOUR('',#4284);
#4282=FILL_AREA_STYLE_COLOUR('',#4285);
#4283=FILL_AREA_STYLE_COLOUR('',#4285);
#4284=COLOUR_RGB('',0.615686274509804,0.811764705882353,0.929411764705882);
#4285=COLOUR_RGB('',0.498039215686275,0.498039215686275,0.498039215686275);
#4286=MANIFOLD_SOLID_BREP('Part 2',#4260);
#4287=MANIFOLD_SOLID_BREP('Part 3',#4261);
#4288=MANIFOLD_SOLID_BREP('Part 1',#4262);
#4289=SHAPE_DEFINITION_REPRESENTATION(#6937,#4292);
#4290=SHAPE_DEFINITION_REPRESENTATION(#6938,#4293);
#4291=SHAPE_DEFINITION_REPRESENTATION(#6939,#4294);
#4292=SHAPE_REPRESENTATION('Part 2',(#4295),#6922);
#4293=SHAPE_REPRESENTATION('Part 3',(#4349),#6923);
#4294=SHAPE_REPRESENTATION('Part 1',(#4436),#6924);
#4295=AXIS2_PLACEMENT_3D('',#5554,#4536,#4537);
#4296=AXIS2_PLACEMENT_3D('',#5555,#4538,#4539);
#4297=AXIS2_PLACEMENT_3D('',#5564,#4544,#4545);
#4298=AXIS2_PLACEMENT_3D('',#5570,#4549,#4550);
#4299=AXIS2_PLACEMENT_3D('',#5576,#4554,#4555);
#4300=AXIS2_PLACEMENT_3D('',#5582,#4559,#4560);
#4301=AXIS2_PLACEMENT_3D('',#5588,#4564,#4565);
#4302=AXIS2_PLACEMENT_3D('',#5594,#4569,#4570);
#4303=AXIS2_PLACEMENT_3D('',#5600,#4574,#4575);
#4304=AXIS2_PLACEMENT_3D('',#5606,#4579,#4580);
#4305=AXIS2_PLACEMENT_3D('',#5612,#4584,#4585);
#4306=AXIS2_PLACEMENT_3D('',#5618,#4589,#4590);
#4307=AXIS2_PLACEMENT_3D('',#5627,#4595,#4596);
#4308=AXIS2_PLACEMENT_3D('',#5633,#4600,#4601);
#4309=AXIS2_PLACEMENT_3D('',#5636,#4604,#4605);
#4310=AXIS2_PLACEMENT_3D('',#5639,#4608,#4609);
#4311=AXIS2_PLACEMENT_3D('',#5640,#4610,#4611);
#4312=AXIS2_PLACEMENT_3D('',#5665,#4624,#4625);
#4313=AXIS2_PLACEMENT_3D('',#5714,#4650,#4651);
#4314=AXIS2_PLACEMENT_3D('',#5720,#4655,#4656);
#4315=AXIS2_PLACEMENT_3D('',#5723,#4659,#4660);
#4316=AXIS2_PLACEMENT_3D('',#5725,#4662,#4663);
#4317=AXIS2_PLACEMENT_3D('',#5727,#4665,#4666);
#4318=AXIS2_PLACEMENT_3D('',#5729,#4668,#4669);
#4319=AXIS2_PLACEMENT_3D('',#5731,#4671,#4672);
#4320=AXIS2_PLACEMENT_3D('',#5733,#4674,#4675);
#4321=AXIS2_PLACEMENT_3D('',#5735,#4677,#4678);
#4322=AXIS2_PLACEMENT_3D('',#5737,#4680,#4681);
#4323=AXIS2_PLACEMENT_3D('',#5739,#4683,#4684);
#4324=AXIS2_PLACEMENT_3D('',#5741,#4686,#4687);
#4325=AXIS2_PLACEMENT_3D('',#5743,#4689,#4690);
#4326=AXIS2_PLACEMENT_3D('',#5744,#4691,#4692);
#4327=AXIS2_PLACEMENT_3D('',#5748,#4695,#4696);
#4328=AXIS2_PLACEMENT_3D('',#5752,#4699,#4700);
#4329=AXIS2_PLACEMENT_3D('',#5756,#4703,#4704);
#4330=AXIS2_PLACEMENT_3D('',#5760,#4707,#4708);
#4331=AXIS2_PLACEMENT_3D('',#5764,#4711,#4712);
#4332=AXIS2_PLACEMENT_3D('',#5768,#4715,#4716);
#4333=AXIS2_PLACEMENT_3D('',#5772,#4719,#4720);
#4334=AXIS2_PLACEMENT_3D('',#5776,#4723,#4724);
#4335=AXIS2_PLACEMENT_3D('',#5780,#4727,#4728);
#4336=AXIS2_PLACEMENT_3D('',#5784,#4731,#4732);
#4337=AXIS2_PLACEMENT_3D('',#5786,#4734,#4735);
#4338=AXIS2_PLACEMENT_3D('',#5795,#4740,#4741);
#4339=AXIS2_PLACEMENT_3D('',#5804,#4746,#4747);
#4340=AXIS2_PLACEMENT_3D('',#5807,#4750,#4751);
#4341=AXIS2_PLACEMENT_3D('',#5810,#4754,#4755);
#4342=AXIS2_PLACEMENT_3D('',#5819,#4760,#4761);
#4343=AXIS2_PLACEMENT_3D('',#5828,#4766,#4767);
#4344=AXIS2_PLACEMENT_3D('',#5831,#4770,#4771);
#4345=AXIS2_PLACEMENT_3D('',#5833,#4773,#4774);
#4346=AXIS2_PLACEMENT_3D('',#5835,#4776,#4777);
#4347=AXIS2_PLACEMENT_3D('',#5836,#4778,#4779);
#4348=AXIS2_PLACEMENT_3D('',#5837,#4780,#4781);
#4349=AXIS2_PLACEMENT_3D('',#5838,#4782,#4783);
#4350=AXIS2_PLACEMENT_3D('',#5958,#4791,#4792);
#4351=AXIS2_PLACEMENT_3D('',#5959,#4793,#4794);
#4352=AXIS2_PLACEMENT_3D('',#6036,#4803,#4804);
#4353=AXIS2_PLACEMENT_3D('',#6042,#4808,#4809);
#4354=AXIS2_PLACEMENT_3D('',#6051,#4814,#4815);
#4355=AXIS2_PLACEMENT_3D('',#6057,#4819,#4820);
#4356=AXIS2_PLACEMENT_3D('',#6063,#4824,#4825);
#4357=AXIS2_PLACEMENT_3D('',#6069,#4829,#4830);
#4358=AXIS2_PLACEMENT_3D('',#6109,#4836,#4837);
#4359=AXIS2_PLACEMENT_3D('',#6126,#4840,#4841);
#4360=AXIS2_PLACEMENT_3D('',#6127,#4842,#4843);
#4361=AXIS2_PLACEMENT_3D('',#6152,#4856,#4857);
#4362=AXIS2_PLACEMENT_3D('',#6201,#4882,#4883);
#4363=AXIS2_PLACEMENT_3D('',#6207,#4887,#4888);
#4364=AXIS2_PLACEMENT_3D('',#6210,#4891,#4892);
#4365=AXIS2_PLACEMENT_3D('',#6212,#4894,#4895);
#4366=AXIS2_PLACEMENT_3D('',#6214,#4897,#4898);
#4367=AXIS2_PLACEMENT_3D('',#6216,#4900,#4901);
#4368=AXIS2_PLACEMENT_3D('',#6218,#4903,#4904);
#4369=AXIS2_PLACEMENT_3D('',#6220,#4906,#4907);
#4370=AXIS2_PLACEMENT_3D('',#6222,#4909,#4910);
#4371=AXIS2_PLACEMENT_3D('',#6224,#4912,#4913);
#4372=AXIS2_PLACEMENT_3D('',#6226,#4915,#4916);
#4373=AXIS2_PLACEMENT_3D('',#6228,#4918,#4919);
#4374=AXIS2_PLACEMENT_3D('',#6230,#4921,#4922);
#4375=AXIS2_PLACEMENT_3D('',#6231,#4923,#4924);
#4376=AXIS2_PLACEMENT_3D('',#6235,#4927,#4928);
#4377=AXIS2_PLACEMENT_3D('',#6239,#4931,#4932);
#4378=AXIS2_PLACEMENT_3D('',#6243,#4935,#4936);
#4379=AXIS2_PLACEMENT_3D('',#6247,#4939,#4940);
#4380=AXIS2_PLACEMENT_3D('',#6251,#4943,#4944);
#4381=AXIS2_PLACEMENT_3D('',#6255,#4947,#4948);
#4382=AXIS2_PLACEMENT_3D('',#6259,#4951,#4952);
#4383=AXIS2_PLACEMENT_3D('',#6263,#4955,#4956);
#4384=AXIS2_PLACEMENT_3D('',#6267,#4959,#4960);
#4385=AXIS2_PLACEMENT_3D('',#6271,#4963,#4964);
#4386=AXIS2_PLACEMENT_3D('',#6273,#4966,#4967);
#4387=AXIS2_PLACEMENT_3D('',#6282,#4972,#4973);
#4388=AXIS2_PLACEMENT_3D('',#6291,#4978,#4979);
#4389=AXIS2_PLACEMENT_3D('',#6294,#4982,#4983);
#4390=AXIS2_PLACEMENT_3D('',#6297,#4986,#4987);
#4391=AXIS2_PLACEMENT_3D('',#6306,#4992,#4993);
#4392=AXIS2_PLACEMENT_3D('',#6315,#4998,#4999);
#4393=AXIS2_PLACEMENT_3D('',#6318,#5002,#5003);
#4394=AXIS2_PLACEMENT_3D('',#6321,#5006,#5007);
#4395=AXIS2_PLACEMENT_3D('',#6390,#5042,#5043);
#4396=AXIS2_PLACEMENT_3D('',#6391,#5044,#5045);
#4397=AXIS2_PLACEMENT_3D('',#6392,#5046,#5047);
#4398=AXIS2_PLACEMENT_3D('',#6405,#5054,#5055);
#4399=AXIS2_PLACEMENT_3D('',#6408,#5058,#5059);
#4400=AXIS2_PLACEMENT_3D('',#6410,#5061,#5062);
#4401=AXIS2_PLACEMENT_3D('',#6412,#5064,#5065);
#4402=AXIS2_PLACEMENT_3D('',#6414,#5067,#5068);
#4403=AXIS2_PLACEMENT_3D('',#6416,#5070,#5071);
#4404=AXIS2_PLACEMENT_3D('',#6417,#5072,#5073);
#4405=AXIS2_PLACEMENT_3D('',#6426,#5078,#5079);
#4406=AXIS2_PLACEMENT_3D('',#6429,#5082,#5083);
#4407=AXIS2_PLACEMENT_3D('',#6431,#5085,#5086);
#4408=AXIS2_PLACEMENT_3D('',#6433,#5088,#5089);
#4409=AXIS2_PLACEMENT_3D('',#6434,#5090,#5091);
#4410=AXIS2_PLACEMENT_3D('',#6459,#5104,#5105);
#4411=AXIS2_PLACEMENT_3D('',#6462,#5108,#5109);
#4412=AXIS2_PLACEMENT_3D('',#6464,#5111,#5112);
#4413=AXIS2_PLACEMENT_3D('',#6466,#5114,#5115);
#4414=AXIS2_PLACEMENT_3D('',#6468,#5117,#5118);
#4415=AXIS2_PLACEMENT_3D('',#6470,#5120,#5121);
#4416=AXIS2_PLACEMENT_3D('',#6472,#5123,#5124);
#4417=AXIS2_PLACEMENT_3D('',#6474,#5126,#5127);
#4418=AXIS2_PLACEMENT_3D('',#6476,#5129,#5130);
#4419=AXIS2_PLACEMENT_3D('',#6478,#5132,#5133);
#4420=AXIS2_PLACEMENT_3D('',#6480,#5135,#5136);
#4421=AXIS2_PLACEMENT_3D('',#6482,#5138,#5139);
#4422=AXIS2_PLACEMENT_3D('',#6483,#5140,#5141);
#4423=AXIS2_PLACEMENT_3D('',#6508,#5154,#5155);
#4424=AXIS2_PLACEMENT_3D('',#6511,#5158,#5159);
#4425=AXIS2_PLACEMENT_3D('',#6513,#5161,#5162);
#4426=AXIS2_PLACEMENT_3D('',#6515,#5164,#5165);
#4427=AXIS2_PLACEMENT_3D('',#6517,#5167,#5168);
#4428=AXIS2_PLACEMENT_3D('',#6519,#5170,#5171);
#4429=AXIS2_PLACEMENT_3D('',#6521,#5173,#5174);
#4430=AXIS2_PLACEMENT_3D('',#6523,#5176,#5177);
#4431=AXIS2_PLACEMENT_3D('',#6525,#5179,#5180);
#4432=AXIS2_PLACEMENT_3D('',#6527,#5182,#5183);
#4433=AXIS2_PLACEMENT_3D('',#6529,#5185,#5186);
#4434=AXIS2_PLACEMENT_3D('',#6531,#5188,#5189);
#4435=AXIS2_PLACEMENT_3D('',#6532,#5190,#5191);
#4436=AXIS2_PLACEMENT_3D('',#6533,#5192,#5193);
#4437=AXIS2_PLACEMENT_3D('',#6534,#5194,#5195);
#4438=AXIS2_PLACEMENT_3D('',#6543,#5200,#5201);
#4439=AXIS2_PLACEMENT_3D('',#6544,#5202,#5203);
#4440=AXIS2_PLACEMENT_3D('',#6548,#5205,#5206);
#4441=AXIS2_PLACEMENT_3D('',#6549,#5207,#5208);
#4442=AXIS2_PLACEMENT_3D('',#6552,#5211,#5212);
#4443=AXIS2_PLACEMENT_3D('',#6553,#5213,#5214);
#4444=AXIS2_PLACEMENT_3D('',#6562,#5219,#5220);
#4445=AXIS2_PLACEMENT_3D('',#6563,#5221,#5222);
#4446=AXIS2_PLACEMENT_3D('',#6567,#5224,#5225);
#4447=AXIS2_PLACEMENT_3D('',#6568,#5226,#5227);
#4448=AXIS2_PLACEMENT_3D('',#6571,#5230,#5231);
#4449=AXIS2_PLACEMENT_3D('',#6572,#5232,#5233);
#4450=AXIS2_PLACEMENT_3D('',#6581,#5238,#5239);
#4451=AXIS2_PLACEMENT_3D('',#6587,#5243,#5244);
#4452=AXIS2_PLACEMENT_3D('',#6588,#5245,#5246);
#4453=AXIS2_PLACEMENT_3D('',#6589,#5247,#5248);
#4454=AXIS2_PLACEMENT_3D('',#6590,#5249,#5250);
#4455=AXIS2_PLACEMENT_3D('',#6591,#5251,#5252);
#4456=AXIS2_PLACEMENT_3D('',#6600,#5257,#5258);
#4457=AXIS2_PLACEMENT_3D('',#6601,#5259,#5260);
#4458=AXIS2_PLACEMENT_3D('',#6605,#5262,#5263);
#4459=AXIS2_PLACEMENT_3D('',#6606,#5264,#5265);
#4460=AXIS2_PLACEMENT_3D('',#6612,#5269,#5270);
#4461=AXIS2_PLACEMENT_3D('',#6615,#5273,#5274);
#4462=AXIS2_PLACEMENT_3D('',#6616,#5275,#5276);
#4463=AXIS2_PLACEMENT_3D('',#6620,#5278,#5279);
#4464=AXIS2_PLACEMENT_3D('',#6624,#5281,#5282);
#4465=AXIS2_PLACEMENT_3D('',#6625,#5283,#5284);
#4466=AXIS2_PLACEMENT_3D('',#6631,#5288,#5289);
#4467=AXIS2_PLACEMENT_3D('',#6632,#5290,#5291);
#4468=AXIS2_PLACEMENT_3D('',#6636,#5293,#5294);
#4469=AXIS2_PLACEMENT_3D('',#6637,#5295,#5296);
#4470=AXIS2_PLACEMENT_3D('',#6640,#5299,#5300);
#4471=AXIS2_PLACEMENT_3D('',#6641,#5301,#5302);
#4472=AXIS2_PLACEMENT_3D('',#6645,#5304,#5305);
#4473=AXIS2_PLACEMENT_3D('',#6649,#5307,#5308);
#4474=AXIS2_PLACEMENT_3D('',#6650,#5309,#5310);
#4475=AXIS2_PLACEMENT_3D('',#6656,#5314,#5315);
#4476=AXIS2_PLACEMENT_3D('',#6657,#5316,#5317);
#4477=AXIS2_PLACEMENT_3D('',#6661,#5319,#5320);
#4478=AXIS2_PLACEMENT_3D('',#6662,#5321,#5322);
#4479=AXIS2_PLACEMENT_3D('',#6665,#5325,#5326);
#4480=AXIS2_PLACEMENT_3D('',#6666,#5327,#5328);
#4481=AXIS2_PLACEMENT_3D('',#6670,#5330,#5331);
#4482=AXIS2_PLACEMENT_3D('',#6674,#5333,#5334);
#4483=AXIS2_PLACEMENT_3D('',#6675,#5335,#5336);
#4484=AXIS2_PLACEMENT_3D('',#6681,#5340,#5341);
#4485=AXIS2_PLACEMENT_3D('',#6682,#5342,#5343);
#4486=AXIS2_PLACEMENT_3D('',#6686,#5345,#5346);
#4487=AXIS2_PLACEMENT_3D('',#6687,#5347,#5348);
#4488=AXIS2_PLACEMENT_3D('',#6690,#5351,#5352);
#4489=AXIS2_PLACEMENT_3D('',#6691,#5353,#5354);
#4490=AXIS2_PLACEMENT_3D('',#6695,#5356,#5357);
#4491=AXIS2_PLACEMENT_3D('',#6699,#5359,#5360);
#4492=AXIS2_PLACEMENT_3D('',#6700,#5361,#5362);
#4493=AXIS2_PLACEMENT_3D('',#6706,#5366,#5367);
#4494=AXIS2_PLACEMENT_3D('',#6707,#5368,#5369);
#4495=AXIS2_PLACEMENT_3D('',#6711,#5371,#5372);
#4496=AXIS2_PLACEMENT_3D('',#6712,#5373,#5374);
#4497=AXIS2_PLACEMENT_3D('',#6715,#5377,#5378);
#4498=AXIS2_PLACEMENT_3D('',#6716,#5379,#5380);
#4499=AXIS2_PLACEMENT_3D('',#6725,#5385,#5386);
#4500=AXIS2_PLACEMENT_3D('',#6758,#5403,#5404);
#4501=AXIS2_PLACEMENT_3D('',#6767,#5409,#5410);
#4502=AXIS2_PLACEMENT_3D('',#6772,#5414,#5415);
#4503=AXIS2_PLACEMENT_3D('',#6777,#5419,#5420);
#4504=AXIS2_PLACEMENT_3D('',#6787,#5426,#5427);
#4505=AXIS2_PLACEMENT_3D('',#6788,#5428,#5429);
#4506=AXIS2_PLACEMENT_3D('',#6789,#5430,#5431);
#4507=AXIS2_PLACEMENT_3D('',#6792,#5434,#5435);
#4508=AXIS2_PLACEMENT_3D('',#6795,#5438,#5439);
#4509=AXIS2_PLACEMENT_3D('',#6796,#5440,#5441);
#4510=AXIS2_PLACEMENT_3D('',#6797,#5442,#5443);
#4511=AXIS2_PLACEMENT_3D('',#6803,#5447,#5448);
#4512=AXIS2_PLACEMENT_3D('',#6807,#5451,#5452);
#4513=AXIS2_PLACEMENT_3D('',#6811,#5455,#5456);
#4514=AXIS2_PLACEMENT_3D('',#6815,#5459,#5460);
#4515=AXIS2_PLACEMENT_3D('',#6819,#5463,#5464);
#4516=AXIS2_PLACEMENT_3D('',#6823,#5467,#5468);
#4517=AXIS2_PLACEMENT_3D('',#6827,#5471,#5472);
#4518=AXIS2_PLACEMENT_3D('',#6831,#5475,#5476);
#4519=AXIS2_PLACEMENT_3D('',#6835,#5479,#5480);
#4520=AXIS2_PLACEMENT_3D('',#6839,#5483,#5484);
#4521=AXIS2_PLACEMENT_3D('',#6843,#5487,#5488);
#4522=AXIS2_PLACEMENT_3D('',#6852,#5493,#5494);
#4523=AXIS2_PLACEMENT_3D('',#6858,#5498,#5499);
#4524=AXIS2_PLACEMENT_3D('',#6864,#5503,#5504);
#4525=AXIS2_PLACEMENT_3D('',#6870,#5508,#5509);
#4526=AXIS2_PLACEMENT_3D('',#6876,#5513,#5514);
#4527=AXIS2_PLACEMENT_3D('',#6882,#5518,#5519);
#4528=AXIS2_PLACEMENT_3D('',#6888,#5523,#5524);
#4529=AXIS2_PLACEMENT_3D('',#6894,#5528,#5529);
#4530=AXIS2_PLACEMENT_3D('',#6900,#5533,#5534);
#4531=AXIS2_PLACEMENT_3D('',#6906,#5538,#5539);
#4532=AXIS2_PLACEMENT_3D('',#6912,#5543,#5544);
#4533=AXIS2_PLACEMENT_3D('',#6915,#5547,#5548);
#4534=AXIS2_PLACEMENT_3D('',#6917,#5550,#5551);
#4535=AXIS2_PLACEMENT_3D('',#6918,#5552,#5553);
#4536=DIRECTION('',(0.,0.,1.));
#4537=DIRECTION('',(1.,0.,0.));
#4538=DIRECTION('',(-0.61373484393178,-0.789512217349443,0.));
#4539=DIRECTION('',(0.789512217349443,-0.61373484393178,0.));
#4540=DIRECTION('',(0.,0.,1.));
#4541=DIRECTION('',(0.789512217349443,-0.61373484393178,0.));
#4542=DIRECTION('',(0.,0.,1.));
#4543=DIRECTION('',(0.789512217349443,-0.61373484393178,0.));
#4544=DIRECTION('',(-0.613734843931913,0.78951221734934,0.));
#4545=DIRECTION('',(-0.78951221734934,-0.613734843931913,0.));
#4546=DIRECTION('',(-0.78951221734934,-0.613734843931913,0.));
#4547=DIRECTION('',(0.,0.,1.));
#4548=DIRECTION('',(-0.78951221734934,-0.613734843931913,0.));
#4549=DIRECTION('',(-0.789512217349339,-0.613734843931913,0.));
#4550=DIRECTION('',(0.613734843931913,-0.789512217349339,0.));
#4551=DIRECTION('',(0.613734843931913,-0.789512217349339,0.));
#4552=DIRECTION('',(0.,0.,1.));
#4553=DIRECTION('',(0.613734843931913,-0.789512217349339,0.));
#4554=DIRECTION('',(-0.613734843931913,0.78951221734934,0.));
#4555=DIRECTION('',(-0.78951221734934,-0.613734843931913,0.));
#4556=DIRECTION('',(-0.78951221734934,-0.613734843931913,0.));
#4557=DIRECTION('',(0.,0.,1.));
#4558=DIRECTION('',(-0.78951221734934,-0.613734843931913,0.));
#4559=DIRECTION('',(-0.460122046025444,-0.887855676763605,0.));
#4560=DIRECTION('',(0.887855676763605,-0.460122046025444,0.));
#4561=DIRECTION('',(0.887855676763605,-0.460122046025444,0.));
#4562=DIRECTION('',(0.,0.,1.));
#4563=DIRECTION('',(0.887855676763605,-0.460122046025444,0.));
#4564=DIRECTION('',(-0.813478095890974,0.581595553203079,0.));
#4565=DIRECTION('',(-0.581595553203079,-0.813478095890974,0.));
#4566=DIRECTION('',(-0.581595553203079,-0.813478095890974,0.));
#4567=DIRECTION('',(0.,0.,1.));
#4568=DIRECTION('',(-0.581595553203079,-0.813478095890974,0.));
#4569=DIRECTION('',(-1.,0.,0.));
#4570=DIRECTION('',(0.,-1.,0.));
#4571=DIRECTION('',(0.,-1.,0.));
#4572=DIRECTION('',(0.,0.,1.));
#4573=DIRECTION('',(0.,1.,0.));
#4574=DIRECTION('',(-0.813478095890595,-0.581595553203609,0.));
#4575=DIRECTION('',(0.581595553203609,-0.813478095890595,0.));
#4576=DIRECTION('',(0.581595553203609,-0.813478095890595,0.));
#4577=DIRECTION('',(0.,0.,1.));
#4578=DIRECTION('',(0.581595553203609,-0.813478095890595,0.));
#4579=DIRECTION('',(-0.460122046024359,0.887855676764167,0.));
#4580=DIRECTION('',(-0.887855676764167,-0.460122046024359,0.));
#4581=DIRECTION('',(-0.887855676764167,-0.460122046024359,0.));
#4582=DIRECTION('',(0.,0.,1.));
#4583=DIRECTION('',(-0.887855676764167,-0.460122046024359,0.));
#4584=DIRECTION('',(-0.61373484393178,-0.789512217349443,0.));
#4585=DIRECTION('',(0.789512217349443,-0.61373484393178,0.));
#4586=DIRECTION('',(0.789512217349443,-0.61373484393178,0.));
#4587=DIRECTION('',(0.,0.,1.));
#4588=DIRECTION('',(0.789512217349443,-0.61373484393178,0.));
#4589=DIRECTION('',(-0.460122046025444,-0.887855676763605,0.));
#4590=DIRECTION('',(0.887855676763605,-0.460122046025444,0.));
#4591=DIRECTION('',(0.,0.,1.));
#4592=DIRECTION('',(0.887855676763605,-0.460122046025444,0.));
#4593=DIRECTION('',(0.,0.,1.));
#4594=DIRECTION('',(0.887855676763605,-0.460122046025444,0.));
#4595=DIRECTION('',(-0.460122046024359,0.887855676764167,0.));
#4596=DIRECTION('',(-0.887855676764167,-0.460122046024359,0.));
#4597=DIRECTION('',(-0.887855676764167,-0.460122046024359,0.));
#4598=DIRECTION('',(0.,0.,1.));
#4599=DIRECTION('',(-0.887855676764167,-0.460122046024359,0.));
#4600=DIRECTION('',(-1.,0.,0.));
#4601=DIRECTION('',(0.,-1.,0.));
#4602=DIRECTION('',(0.,-1.,0.));
#4603=DIRECTION('',(0.,1.,0.));
#4604=DIRECTION('',(-0.789512217349443,0.61373484393178,0.));
#4605=DIRECTION('',(-0.61373484393178,-0.789512217349443,0.));
#4606=DIRECTION('',(-0.61373484393178,-0.789512217349443,0.));
#4607=DIRECTION('',(-0.61373484393178,-0.789512217349443,0.));
#4608=DIRECTION('',(0.,0.,1.));
#4609=DIRECTION('',(1.,0.,0.));
#4610=DIRECTION('',(0.,0.,1.));
#4611=DIRECTION('',(1.,0.,0.));
#4612=DIRECTION('',(-1.,0.,0.));
#4613=DIRECTION('',(0.,1.,0.));
#4614=DIRECTION('',(-1.,0.,0.));
#4615=DIRECTION('',(0.,1.,0.));
#4616=DIRECTION('',(1.,0.,0.));
#4617=DIRECTION('',(0.,1.,0.));
#4618=DIRECTION('',(1.,0.,0.));
#4619=DIRECTION('',(0.,-1.,0.));
#4620=DIRECTION('',(1.,1.57695156901904E-16,0.));
#4621=DIRECTION('',(0.,-1.,0.));
#4622=DIRECTION('',(-1.,0.,0.));
#4623=DIRECTION('',(0.,-1.,0.));
#4624=DIRECTION('',(0.,0.,-1.));
#4625=DIRECTION('',(1.,0.,0.));
#4626=DIRECTION('',(0.,1.,0.));
#4627=DIRECTION('',(-1.,0.,0.));
#4628=DIRECTION('',(0.,-1.,0.));
#4629=DIRECTION('',(-1.,0.,0.));
#4630=DIRECTION('',(0.,-1.,0.));
#4631=DIRECTION('',(1.,1.57695156901904E-16,0.));
#4632=DIRECTION('',(0.,-1.,0.));
#4633=DIRECTION('',(1.,0.,0.));
#4634=DIRECTION('',(0.,1.,0.));
#4635=DIRECTION('',(1.,0.,0.));
#4636=DIRECTION('',(0.,1.,0.));
#4637=DIRECTION('',(-1.,0.,0.));
#4638=DIRECTION('',(-1.,0.,0.));
#4639=DIRECTION('',(-1.57698276474162E-16,1.,0.));
#4640=DIRECTION('',(-1.,-1.57664626991965E-16,0.));
#4641=DIRECTION('',(0.,1.,0.));
#4642=DIRECTION('',(1.,-1.57664626991965E-16,0.));
#4643=DIRECTION('',(0.,1.,0.));
#4644=DIRECTION('',(1.,0.,0.));
#4645=DIRECTION('',(1.57661508750854E-16,-1.,0.));
#4646=DIRECTION('',(1.,1.57695156901904E-16,0.));
#4647=DIRECTION('',(0.,-1.,0.));
#4648=DIRECTION('',(-1.,-1.57695156901904E-16,0.));
#4649=DIRECTION('',(0.,-1.,0.));
#4650=DIRECTION('',(-1.,0.,0.));
#4651=DIRECTION('',(0.,0.,1.));
#4652=DIRECTION('',(0.,-1.,0.));
#4653=DIRECTION('',(0.,0.,1.));
#4654=DIRECTION('',(0.,0.,1.));
#4655=DIRECTION('',(0.,1.,0.));
#4656=DIRECTION('',(0.,0.,1.));
#4657=DIRECTION('',(0.,0.,1.));
#4658=DIRECTION('',(0.,0.,1.));
#4659=DIRECTION('',(1.,0.,0.));
#4660=DIRECTION('',(0.,0.,-1.));
#4661=DIRECTION('',(0.,0.,1.));
#4662=DIRECTION('',(0.,-1.,0.));
#4663=DIRECTION('',(0.,0.,-1.));
#4664=DIRECTION('',(0.,0.,1.));
#4665=DIRECTION('',(1.,0.,0.));
#4666=DIRECTION('',(0.,0.,-1.));
#4667=DIRECTION('',(0.,0.,1.));
#4668=DIRECTION('',(0.,-1.,0.));
#4669=DIRECTION('',(0.,0.,-1.));
#4670=DIRECTION('',(0.,0.,1.));
#4671=DIRECTION('',(-1.,0.,0.));
#4672=DIRECTION('',(0.,0.,1.));
#4673=DIRECTION('',(0.,0.,1.));
#4674=DIRECTION('',(1.57695156901904E-16,-1.,0.));
#4675=DIRECTION('',(1.,1.57695156901904E-16,0.));
#4676=DIRECTION('',(0.,0.,1.));
#4677=DIRECTION('',(-1.,0.,0.));
#4678=DIRECTION('',(0.,0.,1.));
#4679=DIRECTION('',(0.,0.,1.));
#4680=DIRECTION('',(0.,1.,0.));
#4681=DIRECTION('',(0.,0.,1.));
#4682=DIRECTION('',(0.,0.,1.));
#4683=DIRECTION('',(-1.,0.,0.));
#4684=DIRECTION('',(0.,0.,1.));
#4685=DIRECTION('',(0.,0.,1.));
#4686=DIRECTION('',(0.,1.,0.));
#4687=DIRECTION('',(0.,0.,1.));
#4688=DIRECTION('',(0.,0.,1.));
#4689=DIRECTION('',(1.,0.,0.));
#4690=DIRECTION('',(0.,0.,-1.));
#4691=DIRECTION('',(-1.57695156901904E-16,1.,0.));
#4692=DIRECTION('',(-1.,-1.57695156901904E-16,0.));
#4693=DIRECTION('',(-1.,-1.57695156901904E-16,0.));
#4694=DIRECTION('',(0.,0.,1.));
#4695=DIRECTION('',(-1.,0.,0.));
#4696=DIRECTION('',(0.,0.,1.));
#4697=DIRECTION('',(0.,-1.,0.));
#4698=DIRECTION('',(0.,0.,1.));
#4699=DIRECTION('',(1.57695156901904E-16,-1.,0.));
#4700=DIRECTION('',(1.,1.57695156901904E-16,0.));
#4701=DIRECTION('',(1.,1.57695156901904E-16,0.));
#4702=DIRECTION('',(0.,0.,1.));
#4703=DIRECTION('',(-1.,-1.57661508750854E-16,0.));
#4704=DIRECTION('',(1.57661508750854E-16,-1.,0.));
#4705=DIRECTION('',(1.57661508750854E-16,-1.,0.));
#4706=DIRECTION('',(0.,0.,1.));
#4707=DIRECTION('',(0.,-1.,0.));
#4708=DIRECTION('',(0.,0.,-1.));
#4709=DIRECTION('',(1.,0.,0.));
#4710=DIRECTION('',(0.,0.,1.));
#4711=DIRECTION('',(1.,0.,0.));
#4712=DIRECTION('',(0.,0.,-1.));
#4713=DIRECTION('',(0.,1.,0.));
#4714=DIRECTION('',(0.,0.,1.));
#4715=DIRECTION('',(-1.57664626991965E-16,-1.,0.));
#4716=DIRECTION('',(1.,-1.57664626991965E-16,0.));
#4717=DIRECTION('',(1.,-1.57664626991965E-16,0.));
#4718=DIRECTION('',(0.,0.,1.));
#4719=DIRECTION('',(1.,0.,0.));
#4720=DIRECTION('',(0.,0.,-1.));
#4721=DIRECTION('',(0.,1.,0.));
#4722=DIRECTION('',(0.,0.,1.));
#4723=DIRECTION('',(-1.57664626991965E-16,1.,0.));
#4724=DIRECTION('',(-1.,-1.57664626991965E-16,0.));
#4725=DIRECTION('',(-1.,-1.57664626991965E-16,0.));
#4726=DIRECTION('',(0.,0.,1.));
#4727=DIRECTION('',(1.,1.57698276474162E-16,0.));
#4728=DIRECTION('',(-1.57698276474162E-16,1.,0.));
#4729=DIRECTION('',(-1.57698276474162E-16,1.,0.));
#4730=DIRECTION('',(0.,0.,1.));
#4731=DIRECTION('',(0.,1.,0.));
#4732=DIRECTION('',(0.,0.,1.));
#4733=DIRECTION('',(-1.,0.,0.));
#4734=DIRECTION('',(-0.98058067569092,7.60136438461705E-13,0.196116135138184));
#4735=DIRECTION('',(0.196116135138184,0.,0.98058067569092));
#4736=DIRECTION('',(-7.7519010654183E-13,-1.,0.));
#4737=DIRECTION('',(-0.192433005368952,-0.192893752005952,-0.962165026844012));
#4738=DIRECTION('',(-7.7519010654183E-13,-1.,0.));
#4739=DIRECTION('',(-0.192433005368664,0.192893752005963,-0.962165026844068));
#4740=DIRECTION('',(-0.98058067569092,7.60136438461705E-13,-0.196116135138184));
#4741=DIRECTION('',(-0.196116135138184,0.,0.98058067569092));
#4742=DIRECTION('',(0.192433005368664,-0.192893752005963,-0.962165026844068));
#4743=DIRECTION('',(-7.7519010654183E-13,-1.,0.));
#4744=DIRECTION('',(0.192433005368952,0.192893752005952,-0.962165026844013));
#4745=DIRECTION('',(7.7519010654183E-13,1.,0.));
#4746=DIRECTION('',(0.,-0.980490279080564,-0.1965675777653));
#4747=DIRECTION('',(0.,0.1965675777653,-0.980490279080564));
#4748=DIRECTION('',(-1.,0.,0.));
#4749=DIRECTION('',(-1.,0.,0.));
#4750=DIRECTION('',(0.,-0.980490279080564,0.1965675777653));
#4751=DIRECTION('',(0.,-0.1965675777653,-0.980490279080564));
#4752=DIRECTION('',(-1.,0.,0.));
#4753=DIRECTION('',(1.,0.,0.));
#4754=DIRECTION('',(-0.98058067569092,7.60136438461705E-13,0.196116135138184));
#4755=DIRECTION('',(0.196116135138184,0.,0.98058067569092));
#4756=DIRECTION('',(-7.75190106541831E-13,-1.,0.));
#4757=DIRECTION('',(-0.192433005368664,0.192893752005963,-0.962165026844068));
#4758=DIRECTION('',(0.,-1.,0.));
#4759=DIRECTION('',(-0.192433005368952,-0.192893752005952,-0.962165026844012));
#4760=DIRECTION('',(-0.98058067569092,7.60136438461705E-13,-0.196116135138184));
#4761=DIRECTION('',(-0.196116135138184,0.,0.98058067569092));
#4762=DIRECTION('',(0.192433005368664,-0.192893752005963,-0.962165026844068));
#4763=DIRECTION('',(0.,1.,0.));
#4764=DIRECTION('',(0.192433005368952,0.192893752005952,-0.962165026844013));
#4765=DIRECTION('',(-7.75190106541831E-13,-1.,0.));
#4766=DIRECTION('',(0.,0.,1.));
#4767=DIRECTION('',(1.,0.,0.));
#4768=DIRECTION('',(-1.,0.,0.));
#4769=DIRECTION('',(1.,-7.7519010654183E-13,0.));
#4770=DIRECTION('',(0.,-0.980490279080564,-0.1965675777653));
#4771=DIRECTION('',(0.,0.1965675777653,-0.980490279080564));
#4772=DIRECTION('',(-1.,0.,0.));
#4773=DIRECTION('',(0.,-0.980490279080564,0.1965675777653));
#4774=DIRECTION('',(0.,-0.1965675777653,-0.980490279080564));
#4775=DIRECTION('',(-1.,0.,0.));
#4776=DIRECTION('',(0.,0.,1.));
#4777=DIRECTION('',(1.,0.,0.));
#4778=DIRECTION('',(0.,0.,1.));
#4779=DIRECTION('',(1.,0.,0.));
#4780=DIRECTION('',(0.,0.,1.));
#4781=DIRECTION('',(1.,0.,0.));
#4782=DIRECTION('',(0.,0.,1.));
#4783=DIRECTION('',(1.,0.,0.));
#4784=DIRECTION('',(0.,0.,1.));
#4785=DIRECTION('',(0.,0.,1.));
#4786=DIRECTION('',(0.,0.,1.));
#4787=DIRECTION('',(0.,0.,1.));
#4788=DIRECTION('',(0.,0.,1.));
#4789=DIRECTION('',(0.,0.,1.));
#4790=DIRECTION('',(0.,0.,1.));
#4791=DIRECTION('',(0.,0.,1.));
#4792=DIRECTION('',(1.,0.,0.));
#4793=DIRECTION('',(0.,1.,0.));
#4794=DIRECTION('',(-1.,0.,0.));
#4795=DIRECTION('',(0.,0.,1.));
#4796=DIRECTION('',(-1.,0.,0.));
#4797=DIRECTION('',(0.,0.,1.));
#4798=DIRECTION('',(1.,0.,0.));
#4799=DIRECTION('',(0.,0.,1.));
#4800=DIRECTION('',(0.,0.,1.));
#4801=DIRECTION('',(0.,0.,1.));
#4802=DIRECTION('',(0.,0.,1.));
#4803=DIRECTION('',(0.,-1.,0.));
#4804=DIRECTION('',(1.,0.,0.));
#4805=DIRECTION('',(1.,0.,0.));
#4806=DIRECTION('',(0.,0.,1.));
#4807=DIRECTION('',(1.,0.,0.));
#4808=DIRECTION('',(0.,-1.,0.));
#4809=DIRECTION('',(1.,0.,0.));
#4810=DIRECTION('',(0.,0.,1.));
#4811=DIRECTION('',(1.,0.,0.));
#4812=DIRECTION('',(0.,0.,1.));
#4813=DIRECTION('',(1.,0.,0.));
#4814=DIRECTION('',(1.,0.,0.));
#4815=DIRECTION('',(0.,1.,0.));
#4816=DIRECTION('',(0.,1.,0.));
#4817=DIRECTION('',(0.,0.,1.));
#4818=DIRECTION('',(0.,1.,0.));
#4819=DIRECTION('',(0.,1.,0.));
#4820=DIRECTION('',(-1.,0.,0.));
#4821=DIRECTION('',(-1.,0.,0.));
#4822=DIRECTION('',(0.,0.,1.));
#4823=DIRECTION('',(1.,0.,0.));
#4824=DIRECTION('',(-1.,0.,0.));
#4825=DIRECTION('',(0.,-1.,0.));
#4826=DIRECTION('',(0.,-1.,0.));
#4827=DIRECTION('',(0.,0.,1.));
#4828=DIRECTION('',(0.,1.,0.));
#4829=DIRECTION('',(0.,1.,0.));
#4830=DIRECTION('',(-1.,0.,0.));
#4831=DIRECTION('',(-1.,0.,0.));
#4832=DIRECTION('',(0.,0.,1.));
#4833=DIRECTION('',(1.,0.,0.));
#4834=DIRECTION('',(0.,0.,1.));
#4835=DIRECTION('',(0.,0.,1.));
#4836=DIRECTION('',(-1.,0.,0.));
#4837=DIRECTION('',(0.,-1.,0.));
#4838=DIRECTION('',(0.,-1.,0.));
#4839=DIRECTION('',(0.,1.,0.));
#4840=DIRECTION('',(0.,0.,1.));
#4841=DIRECTION('',(1.,0.,0.));
#4842=DIRECTION('',(0.,0.,1.));
#4843=DIRECTION('',(1.,0.,0.));
#4844=DIRECTION('',(-1.,0.,0.));
#4845=DIRECTION('',(0.,1.,0.));
#4846=DIRECTION('',(-1.,0.,0.));
#4847=DIRECTION('',(0.,1.,0.));
#4848=DIRECTION('',(1.,0.,0.));
#4849=DIRECTION('',(0.,1.,0.));
#4850=DIRECTION('',(1.,0.,0.));
#4851=DIRECTION('',(0.,-1.,0.));
#4852=DIRECTION('',(1.,1.57695156901904E-16,0.));
#4853=DIRECTION('',(0.,-1.,0.));
#4854=DIRECTION('',(-1.,0.,0.));
#4855=DIRECTION('',(0.,-1.,0.));
#4856=DIRECTION('',(0.,0.,-1.));
#4857=DIRECTION('',(1.,0.,0.));
#4858=DIRECTION('',(0.,1.,0.));
#4859=DIRECTION('',(-1.,0.,0.));
#4860=DIRECTION('',(0.,-1.,0.));
#4861=DIRECTION('',(-1.,0.,0.));
#4862=DIRECTION('',(0.,-1.,0.));
#4863=DIRECTION('',(1.,1.57695156901904E-16,0.));
#4864=DIRECTION('',(0.,-1.,0.));
#4865=DIRECTION('',(1.,0.,0.));
#4866=DIRECTION('',(0.,1.,0.));
#4867=DIRECTION('',(1.,0.,0.));
#4868=DIRECTION('',(0.,1.,0.));
#4869=DIRECTION('',(-1.,0.,0.));
#4870=DIRECTION('',(-1.,0.,0.));
#4871=DIRECTION('',(-1.57698276474162E-16,1.,0.));
#4872=DIRECTION('',(-1.,-1.57664626991965E-16,0.));
#4873=DIRECTION('',(0.,1.,0.));
#4874=DIRECTION('',(1.,-1.57664626991965E-16,0.));
#4875=DIRECTION('',(0.,1.,0.));
#4876=DIRECTION('',(1.,0.,0.));
#4877=DIRECTION('',(1.57661508750854E-16,-1.,0.));
#4878=DIRECTION('',(1.,1.57695156901904E-16,0.));
#4879=DIRECTION('',(0.,-1.,0.));
#4880=DIRECTION('',(-1.,-1.57695156901904E-16,0.));
#4881=DIRECTION('',(0.,-1.,0.));
#4882=DIRECTION('',(-1.,0.,0.));
#4883=DIRECTION('',(0.,0.,1.));
#4884=DIRECTION('',(0.,-1.,0.));
#4885=DIRECTION('',(0.,0.,1.));
#4886=DIRECTION('',(0.,0.,1.));
#4887=DIRECTION('',(0.,1.,0.));
#4888=DIRECTION('',(0.,0.,1.));
#4889=DIRECTION('',(0.,0.,1.));
#4890=DIRECTION('',(0.,0.,1.));
#4891=DIRECTION('',(1.,0.,0.));
#4892=DIRECTION('',(0.,0.,-1.));
#4893=DIRECTION('',(0.,0.,1.));
#4894=DIRECTION('',(0.,-1.,0.));
#4895=DIRECTION('',(0.,0.,-1.));
#4896=DIRECTION('',(0.,0.,1.));
#4897=DIRECTION('',(1.,0.,0.));
#4898=DIRECTION('',(0.,0.,-1.));
#4899=DIRECTION('',(0.,0.,1.));
#4900=DIRECTION('',(0.,-1.,0.));
#4901=DIRECTION('',(0.,0.,-1.));
#4902=DIRECTION('',(0.,0.,1.));
#4903=DIRECTION('',(-1.,0.,0.));
#4904=DIRECTION('',(0.,0.,1.));
#4905=DIRECTION('',(0.,0.,1.));
#4906=DIRECTION('',(1.57695156901904E-16,-1.,0.));
#4907=DIRECTION('',(1.,1.57695156901904E-16,0.));
#4908=DIRECTION('',(0.,0.,1.));
#4909=DIRECTION('',(-1.,0.,0.));
#4910=DIRECTION('',(0.,0.,1.));
#4911=DIRECTION('',(0.,0.,1.));
#4912=DIRECTION('',(0.,1.,0.));
#4913=DIRECTION('',(0.,0.,1.));
#4914=DIRECTION('',(0.,0.,1.));
#4915=DIRECTION('',(-1.,0.,0.));
#4916=DIRECTION('',(0.,0.,1.));
#4917=DIRECTION('',(0.,0.,1.));
#4918=DIRECTION('',(0.,1.,0.));
#4919=DIRECTION('',(0.,0.,1.));
#4920=DIRECTION('',(0.,0.,1.));
#4921=DIRECTION('',(1.,0.,0.));
#4922=DIRECTION('',(0.,0.,-1.));
#4923=DIRECTION('',(-1.57695156901904E-16,1.,0.));
#4924=DIRECTION('',(-1.,-1.57695156901904E-16,0.));
#4925=DIRECTION('',(-1.,-1.57695156901904E-16,0.));
#4926=DIRECTION('',(0.,0.,1.));
#4927=DIRECTION('',(-1.,0.,0.));
#4928=DIRECTION('',(0.,0.,1.));
#4929=DIRECTION('',(0.,-1.,0.));
#4930=DIRECTION('',(0.,0.,1.));
#4931=DIRECTION('',(1.57695156901904E-16,-1.,0.));
#4932=DIRECTION('',(1.,1.57695156901904E-16,0.));
#4933=DIRECTION('',(1.,1.57695156901904E-16,0.));
#4934=DIRECTION('',(0.,0.,1.));
#4935=DIRECTION('',(-1.,-1.57661508750854E-16,0.));
#4936=DIRECTION('',(1.57661508750854E-16,-1.,0.));
#4937=DIRECTION('',(1.57661508750854E-16,-1.,0.));
#4938=DIRECTION('',(0.,0.,1.));
#4939=DIRECTION('',(0.,-1.,0.));
#4940=DIRECTION('',(0.,0.,-1.));
#4941=DIRECTION('',(1.,0.,0.));
#4942=DIRECTION('',(0.,0.,1.));
#4943=DIRECTION('',(1.,0.,0.));
#4944=DIRECTION('',(0.,0.,-1.));
#4945=DIRECTION('',(0.,1.,0.));
#4946=DIRECTION('',(0.,0.,1.));
#4947=DIRECTION('',(-1.57664626991965E-16,-1.,0.));
#4948=DIRECTION('',(1.,-1.57664626991965E-16,0.));
#4949=DIRECTION('',(1.,-1.57664626991965E-16,0.));
#4950=DIRECTION('',(0.,0.,1.));
#4951=DIRECTION('',(1.,0.,0.));
#4952=DIRECTION('',(0.,0.,-1.));
#4953=DIRECTION('',(0.,1.,0.));
#4954=DIRECTION('',(0.,0.,1.));
#4955=DIRECTION('',(-1.57664626991965E-16,1.,0.));
#4956=DIRECTION('',(-1.,-1.57664626991965E-16,0.));
#4957=DIRECTION('',(-1.,-1.57664626991965E-16,0.));
#4958=DIRECTION('',(0.,0.,1.));
#4959=DIRECTION('',(1.,1.57698276474162E-16,0.));
#4960=DIRECTION('',(-1.57698276474162E-16,1.,0.));
#4961=DIRECTION('',(-1.57698276474162E-16,1.,0.));
#4962=DIRECTION('',(0.,0.,1.));
#4963=DIRECTION('',(0.,1.,0.));
#4964=DIRECTION('',(0.,0.,1.));
#4965=DIRECTION('',(-1.,0.,0.));
#4966=DIRECTION('',(-0.98058067569092,0.,0.196116135138185));
#4967=DIRECTION('',(0.196116135138185,0.,0.98058067569092));
#4968=DIRECTION('',(0.,-1.,0.));
#4969=DIRECTION('',(-0.192454714375516,-0.192329809911528,-0.962273571877579));
#4970=DIRECTION('',(0.,1.,0.));
#4971=DIRECTION('',(-0.192454714375516,0.192329809911528,-0.962273571877579));
#4972=DIRECTION('',(-0.98058067569092,0.,-0.196116135138185));
#4973=DIRECTION('',(-0.196116135138185,0.,0.98058067569092));
#4974=DIRECTION('',(0.192454714375516,-0.192329809911528,-0.962273571877579));
#4975=DIRECTION('',(0.,-1.,0.));
#4976=DIRECTION('',(0.192454714375516,0.192329809911528,-0.962273571877579));
#4977=DIRECTION('',(0.,1.,0.));
#4978=DIRECTION('',(0.,-0.980605145731616,-0.195993745218249));
#4979=DIRECTION('',(0.,0.195993745218249,-0.980605145731616));
#4980=DIRECTION('',(1.,0.,0.));
#4981=DIRECTION('',(-1.,0.,0.));
#4982=DIRECTION('',(0.,-0.980605145731616,0.195993745218249));
#4983=DIRECTION('',(0.,-0.195993745218249,-0.980605145731616));
#4984=DIRECTION('',(-1.,0.,0.));
#4985=DIRECTION('',(1.,0.,0.));
#4986=DIRECTION('',(-0.98058067569092,0.,0.196116135138185));
#4987=DIRECTION('',(0.196116135138185,0.,0.98058067569092));
#4988=DIRECTION('',(0.,-1.,0.));
#4989=DIRECTION('',(-0.192454714375516,0.192329809911528,-0.962273571877579));
#4990=DIRECTION('',(0.,1.,0.));
#4991=DIRECTION('',(-0.192454714375516,-0.192329809911528,-0.962273571877579));
#4992=DIRECTION('',(-0.98058067569092,0.,-0.196116135138185));
#4993=DIRECTION('',(-0.196116135138185,0.,0.98058067569092));
#4994=DIRECTION('',(0.192454714375516,-0.192329809911528,-0.962273571877579));
#4995=DIRECTION('',(0.,1.,0.));
#4996=DIRECTION('',(0.192454714375516,0.192329809911528,-0.962273571877579));
#4997=DIRECTION('',(0.,-1.,0.));
#4998=DIRECTION('',(0.,-0.980605145731616,-0.195993745218249));
#4999=DIRECTION('',(0.,0.195993745218249,-0.980605145731616));
#5000=DIRECTION('',(-1.,0.,0.));
#5001=DIRECTION('',(1.,0.,0.));
#5002=DIRECTION('',(0.,-0.980605145731616,0.195993745218249));
#5003=DIRECTION('',(0.,-0.195993745218249,-0.980605145731616));
#5004=DIRECTION('',(-1.,0.,0.));
#5005=DIRECTION('',(1.,0.,0.));
#5006=DIRECTION('',(0.,0.,1.));
#5007=DIRECTION('',(1.,0.,0.));
#5008=DIRECTION('',(0.,-1.,0.));
#5009=DIRECTION('',(1.,0.,0.));
#5010=DIRECTION('',(0.,-1.,0.));
#5011=DIRECTION('',(-1.,0.,0.));
#5012=DIRECTION('',(0.,1.,0.));
#5013=DIRECTION('',(1.,0.,0.));
#5014=DIRECTION('',(0.,-1.,0.));
#5015=DIRECTION('',(-1.,0.,0.));
#5016=DIRECTION('',(0.,-1.,0.));
#5017=DIRECTION('',(1.,0.,0.));
#5018=DIRECTION('',(0.,-1.,0.));
#5019=DIRECTION('',(-1.,0.,0.));
#5020=DIRECTION('',(0.,1.,0.));
#5021=DIRECTION('',(1.,0.,0.));
#5022=DIRECTION('',(0.,-1.,0.));
#5023=DIRECTION('',(-1.,0.,0.));
#5024=DIRECTION('',(0.,1.,0.));
#5025=DIRECTION('',(-1.,0.,0.));
#5026=DIRECTION('',(0.,-1.,0.));
#5027=DIRECTION('',(-1.,0.,0.));
#5028=DIRECTION('',(0.,1.,0.));
#5029=DIRECTION('',(1.,0.,0.));
#5030=DIRECTION('',(0.,-1.,0.));
#5031=DIRECTION('',(1.,0.,0.));
#5032=DIRECTION('',(-0.0482819936902314,0.998833744466664,0.));
#5033=DIRECTION('',(1.,0.,0.));
#5034=DIRECTION('',(-0.0479809281175457,-0.99884825200677,0.));
#5035=DIRECTION('',(-1.,0.,0.));
#5036=DIRECTION('',(-1.,0.,0.));
#5037=DIRECTION('',(0.,1.,0.));
#5038=DIRECTION('',(1.,0.,0.));
#5039=DIRECTION('',(0.,-1.,0.));
#5040=DIRECTION('',(1.,0.,0.));
#5041=DIRECTION('',(0.,-1.,0.));
#5042=DIRECTION('',(0.,0.,1.));
#5043=DIRECTION('',(1.,0.,0.));
#5044=DIRECTION('',(0.,0.,1.));
#5045=DIRECTION('',(1.,0.,0.));
#5046=DIRECTION('',(0.,0.,1.));
#5047=DIRECTION('',(1.,0.,0.));
#5048=DIRECTION('',(0.,1.,0.));
#5049=DIRECTION('',(1.,0.,0.));
#5050=DIRECTION('',(0.,1.,0.));
#5051=DIRECTION('',(1.,0.,0.));
#5052=DIRECTION('',(0.,1.,0.));
#5053=DIRECTION('',(1.,0.,0.));
#5054=DIRECTION('',(0.,1.,0.));
#5055=DIRECTION('',(-1.,0.,0.));
#5056=DIRECTION('',(0.,0.,1.));
#5057=DIRECTION('',(0.,0.,1.));
#5058=DIRECTION('',(1.,0.,0.));
#5059=DIRECTION('',(0.,1.,0.));
#5060=DIRECTION('',(0.,0.,1.));
#5061=DIRECTION('',(0.,-1.,0.));
#5062=DIRECTION('',(1.,0.,0.));
#5063=DIRECTION('',(0.,0.,1.));
#5064=DIRECTION('',(-1.,0.,0.));
#5065=DIRECTION('',(0.,-1.,0.));
#5066=DIRECTION('',(0.,0.,1.));
#5067=DIRECTION('',(0.,-1.,0.));
#5068=DIRECTION('',(1.,0.,0.));
#5069=DIRECTION('',(0.,0.,1.));
#5070=DIRECTION('',(-1.,0.,0.));
#5071=DIRECTION('',(0.,-1.,0.));
#5072=DIRECTION('',(0.,0.,1.));
#5073=DIRECTION('',(1.,0.,0.));
#5074=DIRECTION('',(1.,0.,0.));
#5075=DIRECTION('',(-0.0479809281175457,-0.99884825200677,0.));
#5076=DIRECTION('',(1.,0.,0.));
#5077=DIRECTION('',(-0.0482819936902314,0.998833744466664,0.));
#5078=DIRECTION('',(-0.99884825200677,0.0479809281175457,0.));
#5079=DIRECTION('',(-0.0479809281175457,-0.99884825200677,0.));
#5080=DIRECTION('',(0.,0.,1.));
#5081=DIRECTION('',(0.,0.,1.));
#5082=DIRECTION('',(0.,1.,0.));
#5083=DIRECTION('',(-1.,0.,0.));
#5084=DIRECTION('',(0.,0.,1.));
#5085=DIRECTION('',(0.998833744466664,0.0482819936902314,0.));
#5086=DIRECTION('',(-0.0482819936902314,0.998833744466664,0.));
#5087=DIRECTION('',(0.,0.,1.));
#5088=DIRECTION('',(0.,-1.,0.));
#5089=DIRECTION('',(1.,0.,0.));
#5090=DIRECTION('',(0.,0.,1.));
#5091=DIRECTION('',(1.,0.,0.));
#5092=DIRECTION('',(1.,0.,0.));
#5093=DIRECTION('',(0.,1.,0.));
#5094=DIRECTION('',(1.,0.,0.));
#5095=DIRECTION('',(0.,1.,0.));
#5096=DIRECTION('',(1.,0.,0.));
#5097=DIRECTION('',(0.,1.,0.));
#5098=DIRECTION('',(1.,0.,0.));
#5099=DIRECTION('',(0.,1.,0.));
#5100=DIRECTION('',(1.,0.,0.));
#5101=DIRECTION('',(0.,1.,0.));
#5102=DIRECTION('',(1.,0.,0.));
#5103=DIRECTION('',(0.,1.,0.));
#5104=DIRECTION('',(-1.,0.,0.));
#5105=DIRECTION('',(0.,-1.,0.));
#5106=DIRECTION('',(0.,0.,1.));
#5107=DIRECTION('',(0.,0.,1.));
#5108=DIRECTION('',(0.,1.,0.));
#5109=DIRECTION('',(-1.,0.,0.));
#5110=DIRECTION('',(0.,0.,1.));
#5111=DIRECTION('',(1.,0.,0.));
#5112=DIRECTION('',(0.,1.,0.));
#5113=DIRECTION('',(0.,0.,1.));
#5114=DIRECTION('',(0.,1.,0.));
#5115=DIRECTION('',(-1.,0.,0.));
#5116=DIRECTION('',(0.,0.,1.));
#5117=DIRECTION('',(-1.,0.,0.));
#5118=DIRECTION('',(0.,-1.,0.));
#5119=DIRECTION('',(0.,0.,1.));
#5120=DIRECTION('',(0.,1.,0.));
#5121=DIRECTION('',(-1.,0.,0.));
#5122=DIRECTION('',(0.,0.,1.));
#5123=DIRECTION('',(1.,0.,0.));
#5124=DIRECTION('',(0.,1.,0.));
#5125=DIRECTION('',(0.,0.,1.));
#5126=DIRECTION('',(0.,-1.,0.));
#5127=DIRECTION('',(1.,0.,0.));
#5128=DIRECTION('',(0.,0.,1.));
#5129=DIRECTION('',(-1.,0.,0.));
#5130=DIRECTION('',(0.,-1.,0.));
#5131=DIRECTION('',(0.,0.,1.));
#5132=DIRECTION('',(0.,-1.,0.));
#5133=DIRECTION('',(1.,0.,0.));
#5134=DIRECTION('',(0.,0.,1.));
#5135=DIRECTION('',(1.,0.,0.));
#5136=DIRECTION('',(0.,1.,0.));
#5137=DIRECTION('',(0.,0.,1.));
#5138=DIRECTION('',(0.,-1.,0.));
#5139=DIRECTION('',(1.,0.,0.));
#5140=DIRECTION('',(0.,0.,1.));
#5141=DIRECTION('',(1.,0.,0.));
#5142=DIRECTION('',(1.,0.,0.));
#5143=DIRECTION('',(0.,1.,0.));
#5144=DIRECTION('',(1.,0.,0.));
#5145=DIRECTION('',(0.,1.,0.));
#5146=DIRECTION('',(1.,0.,0.));
#5147=DIRECTION('',(0.,1.,0.));
#5148=DIRECTION('',(1.,0.,0.));
#5149=DIRECTION('',(0.,1.,0.));
#5150=DIRECTION('',(1.,0.,0.));
#5151=DIRECTION('',(0.,1.,0.));
#5152=DIRECTION('',(1.,0.,0.));
#5153=DIRECTION('',(0.,1.,0.));
#5154=DIRECTION('',(-1.,0.,0.));
#5155=DIRECTION('',(0.,-1.,0.));
#5156=DIRECTION('',(0.,0.,1.));
#5157=DIRECTION('',(0.,0.,1.));
#5158=DIRECTION('',(0.,1.,0.));
#5159=DIRECTION('',(-1.,0.,0.));
#5160=DIRECTION('',(0.,0.,1.));
#5161=DIRECTION('',(1.,0.,0.));
#5162=DIRECTION('',(0.,1.,0.));
#5163=DIRECTION('',(0.,0.,1.));
#5164=DIRECTION('',(0.,-1.,0.));
#5165=DIRECTION('',(1.,0.,0.));
#5166=DIRECTION('',(0.,0.,1.));
#5167=DIRECTION('',(-1.,0.,0.));
#5168=DIRECTION('',(0.,-1.,0.));
#5169=DIRECTION('',(0.,0.,1.));
#5170=DIRECTION('',(0.,1.,0.));
#5171=DIRECTION('',(-1.,0.,0.));
#5172=DIRECTION('',(0.,0.,1.));
#5173=DIRECTION('',(-1.,0.,0.));
#5174=DIRECTION('',(0.,-1.,0.));
#5175=DIRECTION('',(0.,0.,1.));
#5176=DIRECTION('',(0.,-1.,0.));
#5177=DIRECTION('',(1.,0.,0.));
#5178=DIRECTION('',(0.,0.,1.));
#5179=DIRECTION('',(-1.,0.,0.));
#5180=DIRECTION('',(0.,-1.,0.));
#5181=DIRECTION('',(0.,0.,1.));
#5182=DIRECTION('',(0.,1.,0.));
#5183=DIRECTION('',(-1.,0.,0.));
#5184=DIRECTION('',(0.,0.,1.));
#5185=DIRECTION('',(-1.,0.,0.));
#5186=DIRECTION('',(0.,-1.,0.));
#5187=DIRECTION('',(0.,0.,1.));
#5188=DIRECTION('',(0.,-1.,0.));
#5189=DIRECTION('',(1.,0.,0.));
#5190=DIRECTION('',(0.,0.,1.));
#5191=DIRECTION('',(1.,0.,0.));
#5192=DIRECTION('',(0.,0.,1.));
#5193=DIRECTION('',(1.,0.,0.));
#5194=DIRECTION('',(1.,0.,0.));
#5195=DIRECTION('',(0.,1.,0.));
#5196=DIRECTION('',(0.,0.,1.));
#5197=DIRECTION('',(0.,1.,0.));
#5198=DIRECTION('',(0.,0.,1.));
#5199=DIRECTION('',(0.,1.,0.));
#5200=DIRECTION('',(0.,0.,1.));
#5201=DIRECTION('',(1.,0.,0.));
#5202=DIRECTION('',(0.,0.,-1.));
#5203=DIRECTION('',(1.,0.,0.));
#5204=DIRECTION('',(0.,0.,1.));
#5205=DIRECTION('',(0.,0.,-1.));
#5206=DIRECTION('',(-1.,0.,0.));
#5207=DIRECTION('',(0.,1.,0.));
#5208=DIRECTION('',(-1.,0.,0.));
#5209=DIRECTION('',(-1.,0.,0.));
#5210=DIRECTION('',(1.,0.,0.));
#5211=DIRECTION('',(0.,0.,1.));
#5212=DIRECTION('',(1.,0.,0.));
#5213=DIRECTION('',(-1.,0.,0.));
#5214=DIRECTION('',(0.,-1.,0.));
#5215=DIRECTION('',(0.,0.,1.));
#5216=DIRECTION('',(0.,-1.,0.));
#5217=DIRECTION('',(0.,0.,1.));
#5218=DIRECTION('',(0.,1.,0.));
#5219=DIRECTION('',(0.,0.,1.));
#5220=DIRECTION('',(1.,0.,0.));
#5221=DIRECTION('',(0.,0.,-1.));
#5222=DIRECTION('',(1.,0.,0.));
#5223=DIRECTION('',(0.,0.,1.));
#5224=DIRECTION('',(0.,0.,-1.));
#5225=DIRECTION('',(-1.,0.,0.));
#5226=DIRECTION('',(0.,-1.,0.));
#5227=DIRECTION('',(1.,0.,0.));
#5228=DIRECTION('',(1.,0.,0.));
#5229=DIRECTION('',(1.,0.,0.));
#5230=DIRECTION('',(0.,0.,1.));
#5231=DIRECTION('',(1.,0.,0.));
#5232=DIRECTION('',(-1.,0.,0.));
#5233=DIRECTION('',(0.,-1.,0.));
#5234=DIRECTION('',(0.,0.,1.));
#5235=DIRECTION('',(0.,-1.,0.));
#5236=DIRECTION('',(0.,0.,1.));
#5237=DIRECTION('',(0.,1.,0.));
#5238=DIRECTION('',(0.,1.,0.));
#5239=DIRECTION('',(-1.,0.,0.));
#5240=DIRECTION('',(-1.,0.,0.));
#5241=DIRECTION('',(0.,0.,1.));
#5242=DIRECTION('',(1.,0.,0.));
#5243=DIRECTION('',(0.,0.,1.));
#5244=DIRECTION('',(1.,0.,0.));
#5245=DIRECTION('',(0.,0.,1.));
#5246=DIRECTION('',(1.,0.,0.));
#5247=DIRECTION('',(0.,0.,1.));
#5248=DIRECTION('',(1.,0.,0.));
#5249=DIRECTION('',(0.,0.,1.));
#5250=DIRECTION('',(1.,0.,0.));
#5251=DIRECTION('',(0.,-1.,0.));
#5252=DIRECTION('',(1.,0.,0.));
#5253=DIRECTION('',(0.,0.,1.));
#5254=DIRECTION('',(1.,0.,0.));
#5255=DIRECTION('',(0.,0.,1.));
#5256=DIRECTION('',(1.,0.,0.));
#5257=DIRECTION('',(0.,0.,1.));
#5258=DIRECTION('',(1.,0.,0.));
#5259=DIRECTION('',(0.,0.,1.));
#5260=DIRECTION('',(1.,0.,0.));
#5261=DIRECTION('',(0.,0.,1.));
#5262=DIRECTION('',(0.,0.,1.));
#5263=DIRECTION('',(1.,0.,0.));
#5264=DIRECTION('',(0.,-1.,0.));
#5265=DIRECTION('',(1.,0.,0.));
#5266=DIRECTION('',(1.,0.,0.));
#5267=DIRECTION('',(0.,0.,1.));
#5268=DIRECTION('',(1.,0.,0.));
#5269=DIRECTION('',(1.,0.,0.));
#5270=DIRECTION('',(0.,1.,0.));
#5271=DIRECTION('',(0.,1.,0.));
#5272=DIRECTION('',(0.,1.,0.));
#5273=DIRECTION('',(0.,0.,1.));
#5274=DIRECTION('',(1.,0.,0.));
#5275=DIRECTION('',(0.,0.,1.));
#5276=DIRECTION('',(1.,0.,0.));
#5277=DIRECTION('',(0.,0.,1.));
#5278=DIRECTION('',(0.,0.,1.));
#5279=DIRECTION('',(1.,0.,0.));
#5280=DIRECTION('',(0.,0.,1.));
#5281=DIRECTION('',(0.,0.,1.));
#5282=DIRECTION('',(1.,0.,0.));
#5283=DIRECTION('',(0.00188527204566924,-0.999998222873078,0.));
#5284=DIRECTION('',(0.999998222873078,0.00188527204566924,0.));
#5285=DIRECTION('',(0.999998222873078,0.00188527204566924,0.));
#5286=DIRECTION('',(0.,0.,1.));
#5287=DIRECTION('',(0.999998222873078,0.00188527204566924,0.));
#5288=DIRECTION('',(0.,0.,1.));
#5289=DIRECTION('',(1.,0.,0.));
#5290=DIRECTION('',(0.,0.,-1.));
#5291=DIRECTION('',(1.,0.,0.));
#5292=DIRECTION('',(0.,0.,1.));
#5293=DIRECTION('',(0.,0.,-1.));
#5294=DIRECTION('',(-1.,0.,0.));
#5295=DIRECTION('',(0.00188400092529206,-0.999998225268682,0.));
#5296=DIRECTION('',(0.999998225268682,0.00188400092529206,0.));
#5297=DIRECTION('',(0.999998225268682,0.00188400092529206,0.));
#5298=DIRECTION('',(0.999998225268682,0.00188400092529206,0.));
#5299=DIRECTION('',(0.,0.,1.));
#5300=DIRECTION('',(1.,0.,0.));
#5301=DIRECTION('',(0.,0.,1.));
#5302=DIRECTION('',(1.,0.,0.));
#5303=DIRECTION('',(0.,0.,1.));
#5304=DIRECTION('',(0.,0.,-1.));
#5305=DIRECTION('',(1.,0.,0.));
#5306=DIRECTION('',(0.,0.,1.));
#5307=DIRECTION('',(0.,0.,-1.));
#5308=DIRECTION('',(-1.,0.,0.));
#5309=DIRECTION('',(-1.,-2.47835179403301E-16,0.));
#5310=DIRECTION('',(2.47835179403301E-16,-1.,0.));
#5311=DIRECTION('',(2.47835179403301E-16,-1.,0.));
#5312=DIRECTION('',(0.,0.,1.));
#5313=DIRECTION('',(0.,1.,0.));
#5314=DIRECTION('',(0.,0.,1.));
#5315=DIRECTION('',(1.,0.,0.));
#5316=DIRECTION('',(0.,0.,1.));
#5317=DIRECTION('',(1.,0.,0.));
#5318=DIRECTION('',(0.,0.,1.));
#5319=DIRECTION('',(0.,0.,1.));
#5320=DIRECTION('',(1.,0.,0.));
#5321=DIRECTION('',(-1.,0.,0.));
#5322=DIRECTION('',(0.,-1.,0.));
#5323=DIRECTION('',(0.,-1.,0.));
#5324=DIRECTION('',(0.,1.,0.));
#5325=DIRECTION('',(0.,0.,1.));
#5326=DIRECTION('',(1.,0.,0.));
#5327=DIRECTION('',(0.,0.,1.));
#5328=DIRECTION('',(1.,0.,0.));
#5329=DIRECTION('',(0.,0.,1.));
#5330=DIRECTION('',(0.,0.,-1.));
#5331=DIRECTION('',(1.,0.,0.));
#5332=DIRECTION('',(0.,0.,1.));
#5333=DIRECTION('',(0.,0.,-1.));
#5334=DIRECTION('',(-1.,0.,0.));
#5335=DIRECTION('',(1.,2.46904526778141E-16,0.));
#5336=DIRECTION('',(-2.46904526778141E-16,1.,0.));
#5337=DIRECTION('',(-2.46904526778141E-16,1.,0.));
#5338=DIRECTION('',(0.,0.,1.));
#5339=DIRECTION('',(0.,1.,0.));
#5340=DIRECTION('',(0.,0.,1.));
#5341=DIRECTION('',(1.,0.,0.));
#5342=DIRECTION('',(0.,0.,1.));
#5343=DIRECTION('',(1.,0.,0.));
#5344=DIRECTION('',(0.,0.,1.));
#5345=DIRECTION('',(0.,0.,1.));
#5346=DIRECTION('',(1.,0.,0.));
#5347=DIRECTION('',(1.,0.,0.));
#5348=DIRECTION('',(0.,1.,0.));
#5349=DIRECTION('',(0.,1.,0.));
#5350=DIRECTION('',(0.,1.,0.));
#5351=DIRECTION('',(0.,0.,1.));
#5352=DIRECTION('',(1.,0.,0.));
#5353=DIRECTION('',(0.,0.,1.));
#5354=DIRECTION('',(1.,0.,0.));
#5355=DIRECTION('',(0.,0.,1.));
#5356=DIRECTION('',(0.,0.,-1.));
#5357=DIRECTION('',(1.,0.,0.));
#5358=DIRECTION('',(0.,0.,1.));
#5359=DIRECTION('',(0.,0.,-1.));
#5360=DIRECTION('',(-1.,0.,0.));
#5361=DIRECTION('',(0.,1.,0.));
#5362=DIRECTION('',(-1.,0.,0.));
#5363=DIRECTION('',(-1.,0.,0.));
#5364=DIRECTION('',(0.,0.,1.));
#5365=DIRECTION('',(1.,0.,0.));
#5366=DIRECTION('',(0.,0.,1.));
#5367=DIRECTION('',(1.,0.,0.));
#5368=DIRECTION('',(0.,0.,1.));
#5369=DIRECTION('',(1.,0.,0.));
#5370=DIRECTION('',(0.,0.,1.));
#5371=DIRECTION('',(0.,0.,1.));
#5372=DIRECTION('',(1.,0.,0.));
#5373=DIRECTION('',(2.46671973346641E-16,1.,0.));
#5374=DIRECTION('',(-1.,2.46671973346641E-16,0.));
#5375=DIRECTION('',(-1.,2.46671973346641E-16,0.));
#5376=DIRECTION('',(1.,0.,0.));
#5377=DIRECTION('',(0.,0.,1.));
#5378=DIRECTION('',(1.,0.,0.));
#5379=DIRECTION('',(0.,0.,1.));
#5380=DIRECTION('',(1.,0.,0.));
#5381=DIRECTION('',(-1.,0.,0.));
#5382=DIRECTION('',(0.,-1.,0.));
#5383=DIRECTION('',(-1.,0.,0.));
#5384=DIRECTION('',(0.,-1.,0.));
#5385=DIRECTION('',(0.,0.,1.));
#5386=DIRECTION('',(1.,0.,0.));
#5387=DIRECTION('',(-1.,0.,0.));
#5388=DIRECTION('',(0.,-1.,0.));
#5389=DIRECTION('',(-1.,0.,0.));
#5390=DIRECTION('',(0.,-1.,0.));
#5391=DIRECTION('',(-1.,0.,0.));
#5392=DIRECTION('',(0.,-1.,0.));
#5393=DIRECTION('',(-1.,-1.57695156901904E-16,0.));
#5394=DIRECTION('',(0.,-1.,0.));
#5395=DIRECTION('',(1.,1.57695156901904E-16,0.));
#5396=DIRECTION('',(1.57661508750854E-16,-1.,0.));
#5397=DIRECTION('',(1.,0.,0.));
#5398=DIRECTION('',(0.,1.,0.));
#5399=DIRECTION('',(1.,-1.57664626991965E-16,0.));
#5400=DIRECTION('',(0.,1.,0.));
#5401=DIRECTION('',(-1.,-1.57664626991965E-16,0.));
#5402=DIRECTION('',(-1.57698276474162E-16,1.,0.));
#5403=DIRECTION('',(-1.,-1.92747052886312E-16,0.));
#5404=DIRECTION('',(1.92747052886312E-16,-1.,0.));
#5405=DIRECTION('',(-3.78068877522201E-17,0.196147682603063,-0.980574365670166));
#5406=DIRECTION('',(0.,-1.,0.));
#5407=DIRECTION('',(3.78068877522201E-17,-0.196147682603063,-0.980574365670166));
#5408=DIRECTION('',(1.92747052886312E-16,-1.,0.));
#5409=DIRECTION('',(0.,0.980574365670166,-0.196147682603063));
#5410=DIRECTION('',(0.,0.196147682603063,0.980574365670166));
#5411=DIRECTION('',(0.192476972870014,0.192480013262254,0.96223908640699));
#5412=DIRECTION('',(-1.,0.,0.));
#5413=DIRECTION('',(-0.192476972870014,0.192480013262254,0.96223908640699));
#5414=DIRECTION('',(0.,0.980574365670166,0.196147682603063));
#5415=DIRECTION('',(0.,-0.196147682603063,0.980574365670166));
#5416=DIRECTION('',(-1.,0.,0.));
#5417=DIRECTION('',(0.192476972870014,-0.192480013262254,0.96223908640699));
#5418=DIRECTION('',(-0.192476972870014,-0.192480013262254,0.96223908640699));
#5419=DIRECTION('',(0.,0.,1.));
#5420=DIRECTION('',(1.,0.,0.));
#5421=DIRECTION('',(0.,-1.,0.));
#5422=DIRECTION('',(-1.,0.,0.));
#5423=DIRECTION('',(0.,1.,0.));
#5424=DIRECTION('',(-1.,0.,0.));
#5425=DIRECTION('',(0.,1.,0.));
#5426=DIRECTION('',(-0.980574961589999,0.,-0.196144703478762));
#5427=DIRECTION('',(-0.196144703478762,0.,0.980574961589999));
#5428=DIRECTION('',(-0.980574961589999,0.,0.196144703478762));
#5429=DIRECTION('',(0.196144703478762,0.,0.980574961589999));
#5430=DIRECTION('',(0.,0.980574365670166,-0.196147682603063));
#5431=DIRECTION('',(0.,0.196147682603063,0.980574365670166));
#5432=DIRECTION('',(0.192476972870014,0.192480013262254,0.96223908640699));
#5433=DIRECTION('',(-0.192476972870014,0.192480013262254,0.96223908640699));
#5434=DIRECTION('',(0.,0.980574365670166,0.196147682603063));
#5435=DIRECTION('',(0.,-0.196147682603063,0.980574365670166));
#5436=DIRECTION('',(-0.192476972870014,-0.192480013262254,0.96223908640699));
#5437=DIRECTION('',(0.192476972870014,-0.192480013262254,0.96223908640699));
#5438=DIRECTION('',(-0.980574961589999,0.,-0.196144703478762));
#5439=DIRECTION('',(-0.196144703478762,0.,0.980574961589999));
#5440=DIRECTION('',(-0.980574961589999,0.,0.196144703478762));
#5441=DIRECTION('',(0.196144703478762,0.,0.980574961589999));
#5442=DIRECTION('',(0.,1.,0.));
#5443=DIRECTION('',(0.,0.,1.));
#5444=DIRECTION('',(0.,0.,1.));
#5445=DIRECTION('',(-1.,0.,0.));
#5446=DIRECTION('',(0.,0.,1.));
#5447=DIRECTION('',(1.,1.57698276474162E-16,0.));
#5448=DIRECTION('',(-1.57698276474162E-16,1.,0.));
#5449=DIRECTION('',(0.,0.,1.));
#5450=DIRECTION('',(-1.57698276474162E-16,1.,0.));
#5451=DIRECTION('',(-1.57664626991965E-16,1.,0.));
#5452=DIRECTION('',(-1.,-1.57664626991965E-16,0.));
#5453=DIRECTION('',(0.,0.,1.));
#5454=DIRECTION('',(-1.,-1.57664626991965E-16,0.));
#5455=DIRECTION('',(1.,0.,0.));
#5456=DIRECTION('',(0.,0.,-1.));
#5457=DIRECTION('',(0.,0.,1.));
#5458=DIRECTION('',(0.,1.,0.));
#5459=DIRECTION('',(-1.57664626991965E-16,-1.,0.));
#5460=DIRECTION('',(1.,-1.57664626991965E-16,0.));
#5461=DIRECTION('',(0.,0.,1.));
#5462=DIRECTION('',(1.,-1.57664626991965E-16,0.));
#5463=DIRECTION('',(1.,0.,0.));
#5464=DIRECTION('',(0.,0.,-1.));
#5465=DIRECTION('',(0.,0.,1.));
#5466=DIRECTION('',(0.,1.,0.));
#5467=DIRECTION('',(0.,-1.,0.));
#5468=DIRECTION('',(0.,0.,-1.));
#5469=DIRECTION('',(0.,0.,1.));
#5470=DIRECTION('',(1.,0.,0.));
#5471=DIRECTION('',(-1.,-1.57661508750854E-16,0.));
#5472=DIRECTION('',(1.57661508750854E-16,-1.,0.));
#5473=DIRECTION('',(0.,0.,1.));
#5474=DIRECTION('',(1.57661508750854E-16,-1.,0.));
#5475=DIRECTION('',(1.57695156901904E-16,-1.,0.));
#5476=DIRECTION('',(1.,1.57695156901904E-16,0.));
#5477=DIRECTION('',(0.,0.,1.));
#5478=DIRECTION('',(1.,1.57695156901904E-16,0.));
#5479=DIRECTION('',(-1.,0.,0.));
#5480=DIRECTION('',(0.,0.,1.));
#5481=DIRECTION('',(0.,0.,1.));
#5482=DIRECTION('',(0.,-1.,0.));
#5483=DIRECTION('',(-1.57695156901904E-16,1.,0.));
#5484=DIRECTION('',(-1.,-1.57695156901904E-16,0.));
#5485=DIRECTION('',(0.,0.,1.));
#5486=DIRECTION('',(-1.,-1.57695156901904E-16,0.));
#5487=DIRECTION('',(1.,0.,0.));
#5488=DIRECTION('',(0.,0.,-1.));
#5489=DIRECTION('',(0.,1.,0.));
#5490=DIRECTION('',(0.,0.,1.));
#5491=DIRECTION('',(0.,1.,0.));
#5492=DIRECTION('',(0.,0.,1.));
#5493=DIRECTION('',(0.,1.,0.));
#5494=DIRECTION('',(0.,0.,1.));
#5495=DIRECTION('',(-1.,0.,0.));
#5496=DIRECTION('',(0.,0.,1.));
#5497=DIRECTION('',(-1.,0.,0.));
#5498=DIRECTION('',(-1.,0.,0.));
#5499=DIRECTION('',(0.,0.,1.));
#5500=DIRECTION('',(0.,-1.,0.));
#5501=DIRECTION('',(0.,0.,1.));
#5502=DIRECTION('',(0.,-1.,0.));
#5503=DIRECTION('',(0.,1.,0.));
#5504=DIRECTION('',(0.,0.,1.));
#5505=DIRECTION('',(-1.,0.,0.));
#5506=DIRECTION('',(0.,0.,1.));
#5507=DIRECTION('',(-1.,0.,0.));
#5508=DIRECTION('',(-1.,0.,0.));
#5509=DIRECTION('',(0.,0.,1.));
#5510=DIRECTION('',(0.,-1.,0.));
#5511=DIRECTION('',(0.,0.,1.));
#5512=DIRECTION('',(0.,-1.,0.));
#5513=DIRECTION('',(1.57695156901904E-16,-1.,0.));
#5514=DIRECTION('',(1.,1.57695156901904E-16,0.));
#5515=DIRECTION('',(1.,1.57695156901904E-16,0.));
#5516=DIRECTION('',(0.,0.,1.));
#5517=DIRECTION('',(1.,1.57695156901904E-16,0.));
#5518=DIRECTION('',(-1.,0.,0.));
#5519=DIRECTION('',(0.,0.,1.));
#5520=DIRECTION('',(0.,-1.,0.));
#5521=DIRECTION('',(0.,0.,1.));
#5522=DIRECTION('',(0.,-1.,0.));
#5523=DIRECTION('',(0.,-1.,0.));
#5524=DIRECTION('',(0.,0.,-1.));
#5525=DIRECTION('',(1.,0.,0.));
#5526=DIRECTION('',(0.,0.,1.));
#5527=DIRECTION('',(1.,0.,0.));
#5528=DIRECTION('',(1.,0.,0.));
#5529=DIRECTION('',(0.,0.,-1.));
#5530=DIRECTION('',(0.,1.,0.));
#5531=DIRECTION('',(0.,0.,1.));
#5532=DIRECTION('',(0.,1.,0.));
#5533=DIRECTION('',(0.,-1.,0.));
#5534=DIRECTION('',(0.,0.,-1.));
#5535=DIRECTION('',(1.,0.,0.));
#5536=DIRECTION('',(0.,0.,1.));
#5537=DIRECTION('',(1.,0.,0.));
#5538=DIRECTION('',(1.,0.,0.));
#5539=DIRECTION('',(0.,0.,-1.));
#5540=DIRECTION('',(0.,1.,0.));
#5541=DIRECTION('',(0.,0.,1.));
#5542=DIRECTION('',(0.,1.,0.));
#5543=DIRECTION('',(0.,1.,0.));
#5544=DIRECTION('',(0.,0.,1.));
#5545=DIRECTION('',(-1.,0.,0.));
#5546=DIRECTION('',(-1.,0.,0.));
#5547=DIRECTION('',(-1.,0.,0.));
#5548=DIRECTION('',(0.,0.,1.));
#5549=DIRECTION('',(0.,-1.,0.));
#5550=DIRECTION('',(0.,0.,-1.));
#5551=DIRECTION('',(1.,0.,0.));
#5552=DIRECTION('',(0.,0.,1.));
#5553=DIRECTION('',(1.,0.,0.));
#5554=CARTESIAN_POINT('',(0.,0.,0.));
#5555=CARTESIAN_POINT('',(-0.042638035530191,0.000874420744371398,0.01));
#5556=CARTESIAN_POINT('',(-0.0437628956674431,0.00174884148873834,0.01));
#5557=CARTESIAN_POINT('',(-0.0437628956674431,0.00174884148873834,0.01));
#5558=CARTESIAN_POINT('',(-0.0437628956674431,0.00174884148873834,0.0105));
#5559=CARTESIAN_POINT('',(-0.042638035530191,0.000874420744371398,0.01));
#5560=CARTESIAN_POINT('',(-0.041513175392939,4.45455304587395E-15,0.01));
#5561=CARTESIAN_POINT('',(-0.041513175392939,4.45455304587395E-15,0.01));
#5562=CARTESIAN_POINT('',(-0.041513175392939,4.45455304587395E-15,0.0105));
#5563=CARTESIAN_POINT('',(-0.042638035530191,0.000874420744371398,0.0105));
#5564=CARTESIAN_POINT('',(-0.0426380355301924,-0.000874420744363845,0.01));
#5565=CARTESIAN_POINT('',(-0.0426380355301924,-0.000874420744363845,0.01));
#5566=CARTESIAN_POINT('',(-0.0437628956674458,-0.00174884148873214,0.01));
#5567=CARTESIAN_POINT('',(-0.0437628956674458,-0.00174884148873214,0.01));
#5568=CARTESIAN_POINT('',(-0.0437628956674458,-0.00174884148873214,0.0105));
#5569=CARTESIAN_POINT('',(-0.0426380355301924,-0.000874420744363845,0.0105));
#5570=CARTESIAN_POINT('',(-0.0434560282454799,-0.00214359759740682,0.01));
#5571=CARTESIAN_POINT('',(-0.0434560282454799,-0.00214359759740682,0.01));
#5572=CARTESIAN_POINT('',(-0.0431491608235139,-0.00253835370608149,0.01));
#5573=CARTESIAN_POINT('',(-0.0431491608235139,-0.00253835370608149,0.01));
#5574=CARTESIAN_POINT('',(-0.0431491608235139,-0.00253835370608149,0.0105));
#5575=CARTESIAN_POINT('',(-0.0434560282454799,-0.00214359759740682,0.0105));
#5576=CARTESIAN_POINT('',(-0.0422770249506517,-0.00186039057637133,0.01));
#5577=CARTESIAN_POINT('',(-0.0422770249506517,-0.00186039057637133,0.01));
#5578=CARTESIAN_POINT('',(-0.0414048890777894,-0.00118242744666118,0.01));
#5579=CARTESIAN_POINT('',(-0.0414048890777894,-0.00118242744666118,0.01));
#5580=CARTESIAN_POINT('',(-0.0414048890777894,-0.00118242744666118,0.0105));
#5581=CARTESIAN_POINT('',(-0.0422770249506517,-0.00186039057637133,0.0105));
#5582=CARTESIAN_POINT('',(-0.0375844518236059,-0.00316232964485909,0.01));
#5583=CARTESIAN_POINT('',(-0.0375844518236059,-0.00316232964485909,0.01));
#5584=CARTESIAN_POINT('',(-0.0337640145694223,-0.005142231843057,0.01));
#5585=CARTESIAN_POINT('',(-0.0337640145694223,-0.005142231843057,0.01));
#5586=CARTESIAN_POINT('',(-0.0337640145694223,-0.005142231843057,0.0105));
#5587=CARTESIAN_POINT('',(-0.0375844518236059,-0.00316232964485909,0.0105));
#5588=CARTESIAN_POINT('',(-0.033176130081763,-0.00431995741026414,0.01));
#5589=CARTESIAN_POINT('',(-0.033176130081763,-0.00431995741026414,0.01));
#5590=CARTESIAN_POINT('',(-0.0325882455941038,-0.00349768297747126,0.01));
#5591=CARTESIAN_POINT('',(-0.0325882455941038,-0.00349768297747126,0.01));
#5592=CARTESIAN_POINT('',(-0.0325882455941038,-0.00349768297747126,0.0105));
#5593=CARTESIAN_POINT('',(-0.033176130081763,-0.00431995741026414,0.0105));
#5594=CARTESIAN_POINT('',(-0.0325882455941038,-7.76288755499621E-16,0.01));
#5595=CARTESIAN_POINT('',(-0.0325882455941038,-7.76288755499621E-16,0.01));
#5596=CARTESIAN_POINT('',(-0.0325882455941038,0.00349768297746971,0.01));
#5597=CARTESIAN_POINT('',(-0.0325882455941038,0.00349768297746971,0.01));
#5598=CARTESIAN_POINT('',(-0.0325882455941038,0.00349768297746971,0.0105));
#5599=CARTESIAN_POINT('',(-0.0325882455941038,1.7347234759768E-18,0.0105));
#5600=CARTESIAN_POINT('',(-0.033176130081763,0.00431995741026145,0.01));
#5601=CARTESIAN_POINT('',(-0.033176130081763,0.00431995741026145,0.01));
#5602=CARTESIAN_POINT('',(-0.0337640145694223,0.00514223184305319,0.01));
#5603=CARTESIAN_POINT('',(-0.0337640145694223,0.00514223184305319,0.01));
#5604=CARTESIAN_POINT('',(-0.0337640145694223,0.00514223184305319,0.0105));
#5605=CARTESIAN_POINT('',(-0.033176130081763,0.00431995741026145,0.0105));
#5606=CARTESIAN_POINT('',(-0.0375844518236055,0.00316232964486135,0.01));
#5607=CARTESIAN_POINT('',(-0.0375844518236055,0.00316232964486135,0.01));
#5608=CARTESIAN_POINT('',(-0.0414048890777888,0.00118242744666951,0.01));
#5609=CARTESIAN_POINT('',(-0.0414048890777888,0.00118242744666951,0.01));
#5610=CARTESIAN_POINT('',(-0.0414048890777888,0.00118242744666951,0.0105));
#5611=CARTESIAN_POINT('',(-0.0375844518236055,0.00316232964486135,0.0105));
#5612=CARTESIAN_POINT('',(-0.04227702495065,0.00186039057637865,0.01));
#5613=CARTESIAN_POINT('',(-0.04227702495065,0.00186039057637865,0.01));
#5614=CARTESIAN_POINT('',(-0.0431491608235114,0.00253835370608778,0.01));
#5615=CARTESIAN_POINT('',(-0.0431491608235114,0.00253835370608778,0.01));
#5616=CARTESIAN_POINT('',(-0.0431491608235114,0.00253835370608778,0.0105));
#5617=CARTESIAN_POINT('',(-0.04227702495065,0.00186039057637865,0.0105));
#5618=CARTESIAN_POINT('',(-0.0375603086660305,-0.0017488414887334,0.01));
#5619=CARTESIAN_POINT('',(-0.0341857282542722,-0.00349768297747126,0.01));
#5620=CARTESIAN_POINT('',(-0.0341857282542722,-0.00349768297747126,0.01));
#5621=CARTESIAN_POINT('',(-0.0341857282542722,-0.00349768297747126,0.0105));
#5622=CARTESIAN_POINT('',(-0.0375603086660305,-0.0017488414887334,0.01));
#5623=CARTESIAN_POINT('',(-0.0409348890777888,4.45520356717744E-15,0.01));
#5624=CARTESIAN_POINT('',(-0.0409348890777888,4.45520356717744E-15,0.01));
#5625=CARTESIAN_POINT('',(-0.0409348890777888,4.45520356717744E-15,0.0105));
#5626=CARTESIAN_POINT('',(-0.0375603086660305,-0.0017488414887334,0.0105));
#5627=CARTESIAN_POINT('',(-0.0375603086660305,0.00174884148873708,0.01));
#5628=CARTESIAN_POINT('',(-0.0375603086660305,0.00174884148873708,0.01));
#5629=CARTESIAN_POINT('',(-0.0341857282542722,0.00349768297746971,0.01));
#5630=CARTESIAN_POINT('',(-0.0341857282542722,0.00349768297746971,0.01));
#5631=CARTESIAN_POINT('',(-0.0341857282542722,0.00349768297746971,0.0105));
#5632=CARTESIAN_POINT('',(-0.0375603086660305,0.00174884148873708,0.0105));
#5633=CARTESIAN_POINT('',(-0.0341857282542722,-7.76722436368615E-16,0.01));
#5634=CARTESIAN_POINT('',(-0.0341857282542722,-7.76722436368615E-16,0.01));
#5635=CARTESIAN_POINT('',(-0.0341857282542722,1.7347234759768E-18,0.0105));
#5636=CARTESIAN_POINT('',(-0.0434560282454773,0.00214359759741306,0.01));
#5637=CARTESIAN_POINT('',(-0.0434560282454773,0.00214359759741306,0.01));
#5638=CARTESIAN_POINT('',(-0.0434560282454773,0.00214359759741306,0.0105));
#5639=CARTESIAN_POINT('',(-0.038099999999993,1.7347234759768E-18,0.0105));
#5640=CARTESIAN_POINT('',(-0.0381,0.,0.009));
#5641=CARTESIAN_POINT('',(-0.0380997274426277,-0.00200012559071183,0.009));
#5642=CARTESIAN_POINT('',(-0.0374747958214953,-0.00200012559071183,0.009));
#5643=CARTESIAN_POINT('',(-0.0387246590637602,-0.00200012559071183,0.009));
#5644=CARTESIAN_POINT('',(-0.0387246590637602,-0.00131260877269312,0.009));
#5645=CARTESIAN_POINT('',(-0.0387246590637602,-0.000625091954674417,0.009));
#5646=CARTESIAN_POINT('',(-0.0394123226146598,-0.000625091954674417,0.009));
#5647=CARTESIAN_POINT('',(-0.0400999861655593,-0.000625091954674417,0.009));
#5648=CARTESIAN_POINT('',(-0.0400999861655593,-1.60333541998625E-07,0.009));
#5649=CARTESIAN_POINT('',(-0.0400999861655593,0.00062477128759042,0.009));
#5650=CARTESIAN_POINT('',(-0.0394123226146598,0.00062477128759042,0.009));
#5651=CARTESIAN_POINT('',(-0.0387246590637602,0.00062477128759042,0.009));
#5652=CARTESIAN_POINT('',(-0.0387246590637602,0.00131244843915113,0.009));
#5653=CARTESIAN_POINT('',(-0.0387246590637602,0.00200012559071183,0.009));
#5654=CARTESIAN_POINT('',(-0.0380997274426277,0.00200012559071183,0.009));
#5655=CARTESIAN_POINT('',(-0.0374747958214953,0.00200012559071183,0.009));
#5656=CARTESIAN_POINT('',(-0.0374747958214953,0.00131244843915113,0.009));
#5657=CARTESIAN_POINT('',(-0.0374747958214953,0.00062477128759042,0.009));
#5658=CARTESIAN_POINT('',(-0.0367872654028155,0.00062477128759042,0.009));
#5659=CARTESIAN_POINT('',(-0.0360997349841356,0.00062477128759042,0.009));
#5660=CARTESIAN_POINT('',(-0.0360997349841356,-1.60333541998408E-07,0.009));
#5661=CARTESIAN_POINT('',(-0.0360997349841356,-0.000625091954674417,0.009));
#5662=CARTESIAN_POINT('',(-0.0367872654028155,-0.000625091954674417,0.009));
#5663=CARTESIAN_POINT('',(-0.0374747958214953,-0.000625091954674417,0.009));
#5664=CARTESIAN_POINT('',(-0.0374747958214953,-0.00131260877269312,0.009));
#5665=CARTESIAN_POINT('',(-0.0381,0.,-0.001));
#5666=CARTESIAN_POINT('',(-0.0387246590637602,-0.00131260877269312,-0.001));
#5667=CARTESIAN_POINT('',(-0.0387246590637602,-0.00200012559071183,-0.001));
#5668=CARTESIAN_POINT('',(-0.0387246590637602,-0.000625091954674417,-0.001));
#5669=CARTESIAN_POINT('',(-0.0380997274426277,-0.00200012559071183,-0.001));
#5670=CARTESIAN_POINT('',(-0.0374747958214953,-0.00200012559071183,-0.001));
#5671=CARTESIAN_POINT('',(-0.0374747958214953,-0.00131260877269312,-0.001));
#5672=CARTESIAN_POINT('',(-0.0374747958214953,-0.000625091954674417,-0.001));
#5673=CARTESIAN_POINT('',(-0.0367872654028155,-0.000625091954674417,-0.001));
#5674=CARTESIAN_POINT('',(-0.0360997349841356,-0.000625091954674417,-0.001));
#5675=CARTESIAN_POINT('',(-0.0360997349841356,-1.60333541998408E-07,-0.001));
#5676=CARTESIAN_POINT('',(-0.0360997349841356,0.00062477128759042,-0.001));
#5677=CARTESIAN_POINT('',(-0.0367872654028155,0.00062477128759042,-0.001));
#5678=CARTESIAN_POINT('',(-0.0374747958214953,0.00062477128759042,-0.001));
#5679=CARTESIAN_POINT('',(-0.0374747958214953,0.00131244843915113,-0.001));
#5680=CARTESIAN_POINT('',(-0.0374747958214953,0.00200012559071183,-0.001));
#5681=CARTESIAN_POINT('',(-0.0380997274426277,0.00200012559071183,-0.001));
#5682=CARTESIAN_POINT('',(-0.0387246590637602,0.00200012559071183,-0.001));
#5683=CARTESIAN_POINT('',(-0.0387246590637602,0.00131244843915113,-0.001));
#5684=CARTESIAN_POINT('',(-0.0387246590637602,0.00062477128759042,-0.001));
#5685=CARTESIAN_POINT('',(-0.0394123226146598,0.00062477128759042,-0.001));
#5686=CARTESIAN_POINT('',(-0.0400999861655593,0.00062477128759042,-0.001));
#5687=CARTESIAN_POINT('',(-0.0400999861655593,-1.60333541998625E-07,-0.001));
#5688=CARTESIAN_POINT('',(-0.0400999861655593,-0.000625091954674417,-0.001));
#5689=CARTESIAN_POINT('',(-0.0394123226146598,-0.000625091954674417,-0.001));
#5690=CARTESIAN_POINT('',(-0.0380997274426277,-0.00300012559071183,-0.001));
#5691=CARTESIAN_POINT('',(-0.0364747958214953,-0.00300012559071183,-0.001));
#5692=CARTESIAN_POINT('',(-0.0397246590637602,-0.00300012559071183,-0.001));
#5693=CARTESIAN_POINT('',(-0.0397246590637602,-0.00231260877269312,-0.001));
#5694=CARTESIAN_POINT('',(-0.0397246590637602,-0.00162509195467441,-0.001));
#5695=CARTESIAN_POINT('',(-0.0404123226146598,-0.00162509195467441,-0.001));
#5696=CARTESIAN_POINT('',(-0.0410999861655593,-0.00162509195467442,-0.001));
#5697=CARTESIAN_POINT('',(-0.0410999861655593,-1.60333541998625E-07,-0.001));
#5698=CARTESIAN_POINT('',(-0.0410999861655593,0.00162477128759042,-0.001));
#5699=CARTESIAN_POINT('',(-0.0404123226146598,0.00162477128759042,-0.001));
#5700=CARTESIAN_POINT('',(-0.0397246590637602,0.00162477128759042,-0.001));
#5701=CARTESIAN_POINT('',(-0.0397246590637602,0.00231244843915113,-0.001));
#5702=CARTESIAN_POINT('',(-0.0397246590637602,0.00300012559071183,-0.001));
#5703=CARTESIAN_POINT('',(-0.0380997274426277,0.00300012559071183,-0.001));
#5704=CARTESIAN_POINT('',(-0.0364747958214953,0.00300012559071183,-0.001));
#5705=CARTESIAN_POINT('',(-0.0364747958214953,0.00231244843915113,-0.001));
#5706=CARTESIAN_POINT('',(-0.0364747958214953,0.00162477128759042,-0.001));
#5707=CARTESIAN_POINT('',(-0.0357872654028155,0.00162477128759042,-0.001));
#5708=CARTESIAN_POINT('',(-0.0350997349841356,0.00162477128759042,-0.001));
#5709=CARTESIAN_POINT('',(-0.0350997349841356,-1.60333541998408E-07,-0.001));
#5710=CARTESIAN_POINT('',(-0.0350997349841356,-0.00162509195467441,-0.001));
#5711=CARTESIAN_POINT('',(-0.0357872654028155,-0.00162509195467441,-0.001));
#5712=CARTESIAN_POINT('',(-0.0364747958214953,-0.00162509195467441,-0.001));
#5713=CARTESIAN_POINT('',(-0.0364747958214953,-0.00231260877269312,-0.001));
#5714=CARTESIAN_POINT('',(-0.0364747958214953,-0.00231260877269312,-0.001));
#5715=CARTESIAN_POINT('',(-0.0364747958214953,-0.00231260877269312,0.009));
#5716=CARTESIAN_POINT('',(-0.0364747958214953,-0.00162509195467441,0.009));
#5717=CARTESIAN_POINT('',(-0.0364747958214953,-0.00300012559071183,0.009));
#5718=CARTESIAN_POINT('',(-0.0364747958214953,-0.00300012559071183,-0.001));
#5719=CARTESIAN_POINT('',(-0.0364747958214953,-0.00162509195467441,-0.001));
#5720=CARTESIAN_POINT('',(-0.0394123226146598,-0.000625091954674417,-0.001));
#5721=CARTESIAN_POINT('',(-0.0387246590637602,-0.000625091954674417,-0.001));
#5722=CARTESIAN_POINT('',(-0.0400999861655593,-0.000625091954674417,-0.001));
#5723=CARTESIAN_POINT('',(-0.0400999861655593,-1.60333541998625E-07,-0.001));
#5724=CARTESIAN_POINT('',(-0.0400999861655593,0.00062477128759042,-0.001));
#5725=CARTESIAN_POINT('',(-0.0394123226146598,0.00062477128759042,-0.001));
#5726=CARTESIAN_POINT('',(-0.0387246590637602,0.00062477128759042,-0.001));
#5727=CARTESIAN_POINT('',(-0.0387246590637602,0.00131244843915113,-0.001));
#5728=CARTESIAN_POINT('',(-0.0387246590637602,0.00200012559071183,-0.001));
#5729=CARTESIAN_POINT('',(-0.0380997274426277,0.00200012559071183,-0.001));
#5730=CARTESIAN_POINT('',(-0.0374747958214953,0.00200012559071183,-0.001));
#5731=CARTESIAN_POINT('',(-0.0374747958214953,0.00131244843915113,-0.001));
#5732=CARTESIAN_POINT('',(-0.0374747958214953,0.00062477128759042,-0.001));
#5733=CARTESIAN_POINT('',(-0.0367872654028155,0.00062477128759042,-0.001));
#5734=CARTESIAN_POINT('',(-0.0360997349841356,0.00062477128759042,-0.001));
#5735=CARTESIAN_POINT('',(-0.0360997349841356,-1.60333541998408E-07,-0.001));
#5736=CARTESIAN_POINT('',(-0.0360997349841356,-0.000625091954674417,-0.001));
#5737=CARTESIAN_POINT('',(-0.0367872654028155,-0.000625091954674417,-0.001));
#5738=CARTESIAN_POINT('',(-0.0374747958214953,-0.000625091954674417,-0.001));
#5739=CARTESIAN_POINT('',(-0.0374747958214953,-0.00131260877269312,-0.001));
#5740=CARTESIAN_POINT('',(-0.0374747958214953,-0.00200012559071183,-0.001));
#5741=CARTESIAN_POINT('',(-0.0380997274426277,-0.00200012559071183,-0.001));
#5742=CARTESIAN_POINT('',(-0.0387246590637602,-0.00200012559071183,-0.001));
#5743=CARTESIAN_POINT('',(-0.0387246590637602,-0.00131260877269312,-0.001));
#5744=CARTESIAN_POINT('',(-0.0357872654028155,-0.00162509195467441,-0.001));
#5745=CARTESIAN_POINT('',(-0.0357872654028155,-0.00162509195467441,0.009));
#5746=CARTESIAN_POINT('',(-0.0350997349841356,-0.00162509195467441,0.009));
#5747=CARTESIAN_POINT('',(-0.0350997349841356,-0.00162509195467441,-0.001));
#5748=CARTESIAN_POINT('',(-0.0350997349841356,-1.60333541998408E-07,-0.001));
#5749=CARTESIAN_POINT('',(-0.0350997349841356,-1.60333541998408E-07,0.009));
#5750=CARTESIAN_POINT('',(-0.0350997349841356,0.00162477128759042,0.009));
#5751=CARTESIAN_POINT('',(-0.0350997349841356,0.00162477128759042,-0.001));
#5752=CARTESIAN_POINT('',(-0.0357872654028155,0.00162477128759042,-0.001));
#5753=CARTESIAN_POINT('',(-0.0357872654028155,0.00162477128759042,0.009));
#5754=CARTESIAN_POINT('',(-0.0364747958214953,0.00162477128759042,0.009));
#5755=CARTESIAN_POINT('',(-0.0364747958214953,0.00162477128759042,-0.001));
#5756=CARTESIAN_POINT('',(-0.0364747958214953,0.00231244843915113,-0.001));
#5757=CARTESIAN_POINT('',(-0.0364747958214953,0.00231244843915113,0.009));
#5758=CARTESIAN_POINT('',(-0.0364747958214953,0.00300012559071183,0.009));
#5759=CARTESIAN_POINT('',(-0.0364747958214953,0.00300012559071183,-0.001));
#5760=CARTESIAN_POINT('',(-0.0380997274426277,0.00300012559071183,-0.001));
#5761=CARTESIAN_POINT('',(-0.0380997274426277,0.00300012559071183,0.009));
#5762=CARTESIAN_POINT('',(-0.0397246590637602,0.00300012559071183,0.009));
#5763=CARTESIAN_POINT('',(-0.0397246590637602,0.00300012559071183,-0.001));
#5764=CARTESIAN_POINT('',(-0.0397246590637602,0.00231244843915113,-0.001));
#5765=CARTESIAN_POINT('',(-0.0397246590637602,0.00231244843915113,0.009));
#5766=CARTESIAN_POINT('',(-0.0397246590637602,0.00162477128759042,0.009));
#5767=CARTESIAN_POINT('',(-0.0397246590637602,0.00162477128759042,-0.001));
#5768=CARTESIAN_POINT('',(-0.0404123226146598,0.00162477128759042,-0.001));
#5769=CARTESIAN_POINT('',(-0.0404123226146598,0.00162477128759042,0.009));
#5770=CARTESIAN_POINT('',(-0.0410999861655593,0.00162477128759042,0.009));
#5771=CARTESIAN_POINT('',(-0.0410999861655593,0.00162477128759042,-0.001));
#5772=CARTESIAN_POINT('',(-0.0410999861655593,-1.60333541998625E-07,-0.001));
#5773=CARTESIAN_POINT('',(-0.0410999861655593,-1.60333541998625E-07,0.009));
#5774=CARTESIAN_POINT('',(-0.0410999861655593,-0.00162509195467442,0.009));
#5775=CARTESIAN_POINT('',(-0.0410999861655593,-0.00162509195467442,-0.001));
#5776=CARTESIAN_POINT('',(-0.0404123226146598,-0.00162509195467441,-0.001));
#5777=CARTESIAN_POINT('',(-0.0404123226146598,-0.00162509195467441,0.009));
#5778=CARTESIAN_POINT('',(-0.0397246590637602,-0.00162509195467441,0.009));
#5779=CARTESIAN_POINT('',(-0.0397246590637602,-0.00162509195467441,-0.001));
#5780=CARTESIAN_POINT('',(-0.0397246590637602,-0.00231260877269312,-0.001));
#5781=CARTESIAN_POINT('',(-0.0397246590637602,-0.00231260877269312,0.009));
#5782=CARTESIAN_POINT('',(-0.0397246590637602,-0.00300012559071183,0.009));
#5783=CARTESIAN_POINT('',(-0.0397246590637602,-0.00300012559071183,-0.001));
#5784=CARTESIAN_POINT('',(-0.0380997274426277,-0.00300012559071183,-0.001));
#5785=CARTESIAN_POINT('',(-0.0380997274426277,-0.00300012559071183,0.009));
#5786=CARTESIAN_POINT('',(-0.0471183004223189,0.0159998454004596,0.00480388386486182));
#5787=CARTESIAN_POINT('',(-0.0462790771953036,6.34033972244127E-15,0.009));
#5788=CARTESIAN_POINT('',(-0.0462790771952988,0.0061759468955359,0.009));
#5789=CARTESIAN_POINT('',(-0.0462790771953084,-0.0061759468955359,0.009));
#5790=CARTESIAN_POINT('',(-0.0462659676451216,-0.00616280595686069,0.00906554775093386));
#5791=CARTESIAN_POINT('',(-0.0480790771953098,-0.00798025667568655,0.));
#5792=CARTESIAN_POINT('',(-0.0480790771953036,7.73568191421656E-15,0.));
#5793=CARTESIAN_POINT('',(-0.0480790771952974,0.00798025667568655,0.));
#5794=CARTESIAN_POINT('',(-0.0462659676451137,0.00616280595686233,0.00906554775092571));
#5795=CARTESIAN_POINT('',(-0.0290816995776424,0.0159998454004456,0.00480388386486182));
#5796=CARTESIAN_POINT('',(-0.028897096564414,-0.0072022245058144,0.00388086879862983));
#5797=CARTESIAN_POINT('',(-0.0299209228046872,-0.0061759468955359,0.009));
#5798=CARTESIAN_POINT('',(-0.0281209228046886,-0.00798025667568655,0.));
#5799=CARTESIAN_POINT('',(-0.0299209228046824,-6.34033972245209E-15,0.009));
#5800=CARTESIAN_POINT('',(-0.0299209228046777,0.0061759468955359,0.009));
#5801=CARTESIAN_POINT('',(-0.028897096564403,0.00720222450581427,0.00388086879863052));
#5802=CARTESIAN_POINT('',(-0.0281209228046762,0.00798025667568655,0.));
#5803=CARTESIAN_POINT('',(-0.02812092280467,0.0159998454004449,0.));
#5804=CARTESIAN_POINT('',(-0.0240988810980291,0.0070172699981609,0.0048034324222347));
#5805=CARTESIAN_POINT('',(-0.0240988810980291,0.00798025667568655,0.));
#5806=CARTESIAN_POINT('',(-0.0240988810980291,0.0061759468955359,0.009));
#5807=CARTESIAN_POINT('',(-0.0240988810980291,-0.0070172699981609,0.0048034324222347));
#5808=CARTESIAN_POINT('',(-0.0240988810980291,-0.0061759468955359,0.009));
#5809=CARTESIAN_POINT('',(-0.0381,-0.00798025667568655,0.));
#5810=CARTESIAN_POINT('',(-0.0480988810980098,0.0159998454004604,0.005));
#5811=CARTESIAN_POINT('',(-0.0470988810980098,0.0159998454004561,0.01));
#5812=CARTESIAN_POINT('',(-0.0470988810980168,0.00699536595493555,0.01));
#5813=CARTESIAN_POINT('',(-0.0470988810980276,-0.00699536595493555,0.01));
#5814=CARTESIAN_POINT('',(-0.0472101500206913,0.00710690129127367,0.00944365538662697));
#5815=CARTESIAN_POINT('',(-0.0490988810980152,0.00900015459954739,8.67361737988404E-19));
#5816=CARTESIAN_POINT('',(-0.0490988810980292,0.,0.));
#5817=CARTESIAN_POINT('',(-0.0490988810980292,-0.00900015459954739,0.));
#5818=CARTESIAN_POINT('',(-0.0472101500207006,-0.00710690129127193,0.00944365538663566));
#5819=CARTESIAN_POINT('',(-0.0281011189019514,0.0159998454004448,0.005));
#5820=CARTESIAN_POINT('',(-0.0279529141888364,-0.00814631984022575,0.00425897643433109));
#5821=CARTESIAN_POINT('',(-0.0291011189019693,-0.00699536595493555,0.01));
#5822=CARTESIAN_POINT('',(-0.0271011189019708,-0.00900015459954739,0.));
#5823=CARTESIAN_POINT('',(-0.0271011189019708,0.,0.));
#5824=CARTESIAN_POINT('',(-0.0271011189019708,0.00900015459954739,0.));
#5825=CARTESIAN_POINT('',(-0.027952914188824,0.0081463198402255,0.00425897643433232));
#5826=CARTESIAN_POINT('',(-0.0291011189019585,0.00699536595493555,0.01));
#5827=CARTESIAN_POINT('',(-0.0291011189019514,0.0159998454004492,0.01));
#5828=CARTESIAN_POINT('',(-0.0381,0.,0.));
#5829=CARTESIAN_POINT('',(-0.0436,0.00900015459954739,0.));
#5830=CARTESIAN_POINT('',(-0.0381,-0.00900015459954739,0.));
#5831=CARTESIAN_POINT('',(-0.0240988810980291,0.00799776027724147,0.005));
#5832=CARTESIAN_POINT('',(-0.0240988810980291,0.00699536595493555,0.01));
#5833=CARTESIAN_POINT('',(-0.0240988810980291,-0.00799776027724147,0.005));
#5834=CARTESIAN_POINT('',(-0.0240988810980291,-0.00699536595493555,0.01));
#5835=CARTESIAN_POINT('',(-0.0381,0.,0.01));
#5836=CARTESIAN_POINT('',(-0.0381,0.,0.009));
#5837=CARTESIAN_POINT('',(-0.0381,0.,0.01));
#5838=CARTESIAN_POINT('',(0.,0.,0.));
#5839=CARTESIAN_POINT('',(0.0424044176931615,-0.0054584892609455,0.01));
#5840=CARTESIAN_POINT('',(0.0424044176931615,-0.0054584892609455,0.0105));
#5841=CARTESIAN_POINT('',(0.0421582728747138,-0.0054584892609455,0.01));
#5842=CARTESIAN_POINT('',(0.0421582728747138,-0.0054584892609455,0.0105));
#5843=CARTESIAN_POINT('',(0.0419542917520187,-0.00538365819731249,0.01));
#5844=CARTESIAN_POINT('',(0.0419542917520187,-0.00538365819731249,0.0105));
#5845=CARTESIAN_POINT('',(0.0417924743250763,-0.00523399607004648,0.01));
#5846=CARTESIAN_POINT('',(0.0417924743250763,-0.00523399607004648,0.0105));
#5847=CARTESIAN_POINT('',(0.0417924743250763,-0.00523399607004648,0.01));
#5848=CARTESIAN_POINT('',(0.0417924743250763,-0.00523399607004648,0.01));
#5849=CARTESIAN_POINT('',(0.0417924743250763,-0.00523399607004648,0.0105));
#5850=CARTESIAN_POINT('',(0.0424044176931615,-0.0054584892609455,0.01));
#5851=CARTESIAN_POINT('',(0.0420352004654899,-0.0054584892609455,0.01));
#5852=CARTESIAN_POINT('',(0.0417924743250763,-0.00523399607004648,0.01));
#5853=CARTESIAN_POINT('',(0.0424044176931615,-0.0054584892609455,0.01));
#5854=CARTESIAN_POINT('',(0.0424044176931615,-0.0054584892609455,0.01));
#5855=CARTESIAN_POINT('',(0.0424044176931615,-0.0054584892609455,0.0105));
#5856=CARTESIAN_POINT('',(0.0424044176931615,-0.0054584892609455,0.0105));
#5857=CARTESIAN_POINT('',(0.0420352004654899,-0.0054584892609455,0.0105));
#5858=CARTESIAN_POINT('',(0.0417924743250763,-0.00523399607004648,0.0105));
#5859=CARTESIAN_POINT('',(0.0430380126887952,-0.00520550708642986,0.01));
#5860=CARTESIAN_POINT('',(0.0430380126887952,-0.00520550708642986,0.0105));
#5861=CARTESIAN_POINT('',(0.0428860714428399,-0.00537416186944029,0.01));
#5862=CARTESIAN_POINT('',(0.0428860714428399,-0.00537416186944029,0.0105));
#5863=CARTESIAN_POINT('',(0.042674873110962,-0.0054584892609455,0.01));
#5864=CARTESIAN_POINT('',(0.042674873110962,-0.0054584892609455,0.0105));
#5865=CARTESIAN_POINT('',(0.0424044176931615,-0.0054584892609455,0.01));
#5866=CARTESIAN_POINT('',(0.0424044176931615,-0.0054584892609455,0.0105));
#5867=CARTESIAN_POINT('',(0.0430380126887952,-0.00520550708642986,0.01));
#5868=CARTESIAN_POINT('',(0.0428101008198622,-0.0054584892609455,0.01));
#5869=CARTESIAN_POINT('',(0.0424044176931615,-0.0054584892609455,0.01));
#5870=CARTESIAN_POINT('',(0.0430380126887952,-0.00520550708642986,0.01));
#5871=CARTESIAN_POINT('',(0.0430380126887952,-0.00520550708642986,0.01));
#5872=CARTESIAN_POINT('',(0.0430380126887952,-0.00520550708642986,0.0105));
#5873=CARTESIAN_POINT('',(0.0430380126887952,-0.00520550708642986,0.0105));
#5874=CARTESIAN_POINT('',(0.0428101008198622,-0.0054584892609455,0.0105));
#5875=CARTESIAN_POINT('',(0.0424044176931615,-0.0054584892609455,0.0105));
#5876=CARTESIAN_POINT('',(0.0432659245577282,-0.00449670117404821,0.01));
#5877=CARTESIAN_POINT('',(0.0432659245577282,-0.00449670117404821,0.0105));
#5878=CARTESIAN_POINT('',(0.0432659245577282,-0.00480058366595888,0.01));
#5879=CARTESIAN_POINT('',(0.0432659245577282,-0.00480058366595888,0.0105));
#5880=CARTESIAN_POINT('',(0.0431899539347505,-0.00503685230341943,0.01));
#5881=CARTESIAN_POINT('',(0.0431899539347505,-0.00503685230341943,0.0105));
#5882=CARTESIAN_POINT('',(0.0430380126887952,-0.00520550708642986,0.01));
#5883=CARTESIAN_POINT('',(0.0430380126887952,-0.00520550708642986,0.0105));
#5884=CARTESIAN_POINT('',(0.0432659245577282,-0.00449670117404821,0.01));
#5885=CARTESIAN_POINT('',(0.0432659245577282,-0.00495252491191422,0.01));
#5886=CARTESIAN_POINT('',(0.0430380126887952,-0.00520550708642986,0.01));
#5887=CARTESIAN_POINT('',(0.0432659245577282,-0.00449670117404821,0.01));
#5888=CARTESIAN_POINT('',(0.0432659245577282,-0.00449670117404821,0.01));
#5889=CARTESIAN_POINT('',(0.0432659245577282,-0.00449670117404821,0.0105));
#5890=CARTESIAN_POINT('',(0.0432659245577282,-0.00449670117404821,0.0105));
#5891=CARTESIAN_POINT('',(0.0432659245577282,-0.00495252491191422,0.0105));
#5892=CARTESIAN_POINT('',(0.0430380126887952,-0.00520550708642986,0.0105));
#5893=CARTESIAN_POINT('',(0.0430414313668292,-0.00377649966821991,0.01));
#5894=CARTESIAN_POINT('',(0.0430414313668292,-0.00377649966821991,0.0105));
#5895=CARTESIAN_POINT('',(0.0431910934940952,-0.00394211562631123,0.01));
#5896=CARTESIAN_POINT('',(0.0431910934940952,-0.00394211562631123,0.0105));
#5897=CARTESIAN_POINT('',(0.0432659245577282,-0.00418218279492066,0.01));
#5898=CARTESIAN_POINT('',(0.0432659245577282,-0.00418218279492066,0.0105));
#5899=CARTESIAN_POINT('',(0.0432659245577282,-0.00449670117404821,0.01));
#5900=CARTESIAN_POINT('',(0.0432659245577282,-0.00449670117404821,0.0105));
#5901=CARTESIAN_POINT('',(0.0430414313668292,-0.00377649966821991,0.01));
#5902=CARTESIAN_POINT('',(0.0432659245577282,-0.00402492360535688,0.01));
#5903=CARTESIAN_POINT('',(0.0432659245577282,-0.00449670117404821,0.01));
#5904=CARTESIAN_POINT('',(0.0430414313668292,-0.00377649966821991,0.01));
#5905=CARTESIAN_POINT('',(0.0430414313668292,-0.00377649966821991,0.01));
#5906=CARTESIAN_POINT('',(0.0430414313668292,-0.00377649966821991,0.0105));
#5907=CARTESIAN_POINT('',(0.0430414313668292,-0.00377649966821991,0.0105));
#5908=CARTESIAN_POINT('',(0.0432659245577282,-0.00402492360535688,0.0105));
#5909=CARTESIAN_POINT('',(0.0432659245577282,-0.00449670117404821,0.0105));
#5910=CARTESIAN_POINT('',(0.0424044176931615,-0.00352807573108293,0.01));
#5911=CARTESIAN_POINT('',(0.0424044176931615,-0.00352807573108293,0.0105));
#5912=CARTESIAN_POINT('',(0.0426794313483406,-0.00352807573108293,0.01));
#5913=CARTESIAN_POINT('',(0.0426794313483406,-0.00352807573108293,0.0105));
#5914=CARTESIAN_POINT('',(0.0428917692395632,-0.00361088371012859,0.01));
#5915=CARTESIAN_POINT('',(0.0428917692395632,-0.00361088371012859,0.0105));
#5916=CARTESIAN_POINT('',(0.0430414313668292,-0.00377649966821991,0.01));
#5917=CARTESIAN_POINT('',(0.0430414313668292,-0.00377649966821991,0.0105));
#5918=CARTESIAN_POINT('',(0.0424044176931615,-0.00352807573108293,0.01));
#5919=CARTESIAN_POINT('',(0.0428169381759302,-0.00352807573108293,0.01));
#5920=CARTESIAN_POINT('',(0.0430414313668292,-0.00377649966821991,0.01));
#5921=CARTESIAN_POINT('',(0.0424044176931615,-0.00352807573108293,0.01));
#5922=CARTESIAN_POINT('',(0.0424044176931615,-0.00352807573108293,0.01));
#5923=CARTESIAN_POINT('',(0.0424044176931615,-0.00352807573108293,0.0105));
#5924=CARTESIAN_POINT('',(0.0424044176931615,-0.00352807573108293,0.0105));
#5925=CARTESIAN_POINT('',(0.0428169381759302,-0.00352807573108293,0.0105));
#5926=CARTESIAN_POINT('',(0.0430414313668292,-0.00377649966821991,0.0105));
#5927=CARTESIAN_POINT('',(0.0415497481846627,-0.00449670117404821,0.01));
#5928=CARTESIAN_POINT('',(0.0415497481846627,-0.00449670117404821,0.0105));
#5929=CARTESIAN_POINT('',(0.0415497481846627,-0.00385095087873803,0.01));
#5930=CARTESIAN_POINT('',(0.0415497481846627,-0.00385095087873803,0.0105));
#5931=CARTESIAN_POINT('',(0.0418346380208289,-0.00352807573108293,0.01));
#5932=CARTESIAN_POINT('',(0.0418346380208289,-0.00352807573108293,0.0105));
#5933=CARTESIAN_POINT('',(0.0424044176931615,-0.00352807573108293,0.01));
#5934=CARTESIAN_POINT('',(0.0424044176931615,-0.00352807573108293,0.0105));
#5935=CARTESIAN_POINT('',(0.0415497481846627,-0.00449670117404821,0.01));
#5936=CARTESIAN_POINT('',(0.0415497481846627,-0.00352807573108293,0.01));
#5937=CARTESIAN_POINT('',(0.0424044176931615,-0.00352807573108293,0.01));
#5938=CARTESIAN_POINT('',(0.0415497481846627,-0.00449670117404821,0.01));
#5939=CARTESIAN_POINT('',(0.0415497481846627,-0.00449670117404821,0.01));
#5940=CARTESIAN_POINT('',(0.0415497481846627,-0.00449670117404821,0.0105));
#5941=CARTESIAN_POINT('',(0.0415497481846627,-0.00449670117404821,0.0105));
#5942=CARTESIAN_POINT('',(0.0415497481846627,-0.00352807573108293,0.0105));
#5943=CARTESIAN_POINT('',(0.0424044176931615,-0.00352807573108293,0.0105));
#5944=CARTESIAN_POINT('',(0.0417924743250763,-0.00523399607004648,0.01));
#5945=CARTESIAN_POINT('',(0.0417924743250763,-0.00523399607004648,0.0105));
#5946=CARTESIAN_POINT('',(0.0416306568981339,-0.00508433394278047,0.01));
#5947=CARTESIAN_POINT('',(0.0416306568981339,-0.00508433394278047,0.0105));
#5948=CARTESIAN_POINT('',(0.0415497481846627,-0.00483856897744772,0.01));
#5949=CARTESIAN_POINT('',(0.0415497481846627,-0.00483856897744772,0.0105));
#5950=CARTESIAN_POINT('',(0.0415497481846627,-0.00449670117404821,0.01));
#5951=CARTESIAN_POINT('',(0.0415497481846627,-0.00449670117404821,0.0105));
#5952=CARTESIAN_POINT('',(0.0417924743250763,-0.00523399607004648,0.01));
#5953=CARTESIAN_POINT('',(0.0415497481846627,-0.00500950287914747,0.01));
#5954=CARTESIAN_POINT('',(0.0415497481846627,-0.00449670117404821,0.01));
#5955=CARTESIAN_POINT('',(0.0417924743250763,-0.00523399607004648,0.0105));
#5956=CARTESIAN_POINT('',(0.0415497481846627,-0.00500950287914747,0.0105));
#5957=CARTESIAN_POINT('',(0.0415497481846627,-0.00449670117404821,0.0105));
#5958=CARTESIAN_POINT('',(0.0243,0.,0.0105));
#5959=CARTESIAN_POINT('',(0.0350041193089067,0.00411380923424077,0.01));
#5960=CARTESIAN_POINT('',(0.0343272210581757,0.00411380923424077,0.01));
#5961=CARTESIAN_POINT('',(0.0343272210581757,0.00411380923424077,0.01));
#5962=CARTESIAN_POINT('',(0.0343272210581757,0.00411380923424077,0.0105));
#5963=CARTESIAN_POINT('',(0.0350041193089067,0.00411380923424077,0.01));
#5964=CARTESIAN_POINT('',(0.0356810175596378,0.00411380923424077,0.01));
#5965=CARTESIAN_POINT('',(0.0356810175596378,0.00411380923424077,0.01));
#5966=CARTESIAN_POINT('',(0.0356810175596378,0.00411380923424077,0.0105));
#5967=CARTESIAN_POINT('',(0.0243,0.00411380923424077,0.0105));
#5968=CARTESIAN_POINT('',(0.037789202347268,0.00360898444455415,0.01));
#5969=CARTESIAN_POINT('',(0.037789202347268,0.00360898444455415,0.0105));
#5970=CARTESIAN_POINT('',(0.0373379368467807,0.00394553430434523,0.01));
#5971=CARTESIAN_POINT('',(0.0373379368467807,0.00394553430434523,0.0105));
#5972=CARTESIAN_POINT('',(0.0366352085842373,0.00411380923424077,0.01));
#5973=CARTESIAN_POINT('',(0.0366352085842373,0.00411380923424077,0.0105));
#5974=CARTESIAN_POINT('',(0.0356810175596378,0.00411380923424077,0.01));
#5975=CARTESIAN_POINT('',(0.0356810175596378,0.00411380923424077,0.0105));
#5976=CARTESIAN_POINT('',(0.037789202347268,0.00360898444455415,0.01));
#5977=CARTESIAN_POINT('',(0.037112304096537,0.00411380923424077,0.01));
#5978=CARTESIAN_POINT('',(0.0356810175596378,0.00411380923424077,0.01));
#5979=CARTESIAN_POINT('',(0.037789202347268,0.00360898444455415,0.01));
#5980=CARTESIAN_POINT('',(0.037789202347268,0.00360898444455415,0.01));
#5981=CARTESIAN_POINT('',(0.037789202347268,0.00360898444455415,0.0105));
#5982=CARTESIAN_POINT('',(0.037789202347268,0.00360898444455415,0.0105));
#5983=CARTESIAN_POINT('',(0.037112304096537,0.00411380923424077,0.0105));
#5984=CARTESIAN_POINT('',(0.0356810175596378,0.00411380923424077,0.0105));
#5985=CARTESIAN_POINT('',(0.0384661005979991,0.00207171888860103,0.01));
#5986=CARTESIAN_POINT('',(0.0384661005979991,0.00207171888860103,0.0105));
#5987=CARTESIAN_POINT('',(0.0384661005979991,0.00276001273277871,0.01));
#5988=CARTESIAN_POINT('',(0.0384661005979991,0.00276001273277871,0.0105));
#5989=CARTESIAN_POINT('',(0.0382404678477554,0.00327243458476308,0.01));
#5990=CARTESIAN_POINT('',(0.0382404678477554,0.00327243458476308,0.0105));
#5991=CARTESIAN_POINT('',(0.037789202347268,0.00360898444455415,0.01));
#5992=CARTESIAN_POINT('',(0.037789202347268,0.00360898444455415,0.0105));
#5993=CARTESIAN_POINT('',(0.0384661005979991,0.00207171888860103,0.01));
#5994=CARTESIAN_POINT('',(0.0384661005979991,0.00310415965486755,0.01));
#5995=CARTESIAN_POINT('',(0.037789202347268,0.00360898444455415,0.01));
#5996=CARTESIAN_POINT('',(0.0384661005979991,0.00207171888860103,0.01));
#5997=CARTESIAN_POINT('',(0.0384661005979991,0.00207171888860103,0.01));
#5998=CARTESIAN_POINT('',(0.0384661005979991,0.00207171888860103,0.0105));
#5999=CARTESIAN_POINT('',(0.0384661005979991,0.00207171888860103,0.0105));
#6000=CARTESIAN_POINT('',(0.0384661005979991,0.00310415965486755,0.0105));
#6001=CARTESIAN_POINT('',(0.037789202347268,0.00360898444455415,0.0105));
#6002=CARTESIAN_POINT('',(0.0377470386515154,0.000403404008011424,0.01));
#6003=CARTESIAN_POINT('',(0.0377470386515154,0.000403404008011424,0.0105));
#6004=CARTESIAN_POINT('',(0.0382264132825046,0.000749830048789593,0.01));
#6005=CARTESIAN_POINT('',(0.0382264132825046,0.000749830048789593,0.0105));
#6006=CARTESIAN_POINT('',(0.0384661005979991,0.00130593500898613,0.01));
#6007=CARTESIAN_POINT('',(0.0384661005979991,0.00130593500898613,0.0105));
#6008=CARTESIAN_POINT('',(0.0384661005979991,0.00207171888860103,0.01));
#6009=CARTESIAN_POINT('',(0.0384661005979991,0.00207171888860103,0.0105));
#6010=CARTESIAN_POINT('',(0.0377470386515154,0.000403404008011424,0.01));
#6011=CARTESIAN_POINT('',(0.0384661005979991,0.000923043069178678,0.01));
#6012=CARTESIAN_POINT('',(0.0384661005979991,0.00207171888860103,0.01));
#6013=CARTESIAN_POINT('',(0.0377470386515154,0.000403404008011424,0.01));
#6014=CARTESIAN_POINT('',(0.0377470386515154,0.000403404008011424,0.01));
#6015=CARTESIAN_POINT('',(0.0377470386515154,0.000403404008011424,0.0105));
#6016=CARTESIAN_POINT('',(0.0377470386515154,0.000403404008011424,0.0105));
#6017=CARTESIAN_POINT('',(0.0384661005979991,0.000923043069178678,0.0105));
#6018=CARTESIAN_POINT('',(0.0384661005979991,0.00207171888860103,0.0105));
#6019=CARTESIAN_POINT('',(0.0354189189103648,-0.000116235053155831,0.01));
#6020=CARTESIAN_POINT('',(0.0354189189103648,-0.000116235053155831,0.0105));
#6021=CARTESIAN_POINT('',(0.0364916241068095,-0.000116235053155831,0.01));
#6022=CARTESIAN_POINT('',(0.0364916241068095,-0.000116235053155831,0.0105));
#6023=CARTESIAN_POINT('',(0.0372676640205264,5.69779672332541E-05,0.01));
#6024=CARTESIAN_POINT('',(0.0372676640205264,5.69779672332541E-05,0.0105));
#6025=CARTESIAN_POINT('',(0.0377470386515154,0.000403404008011424,0.01));
#6026=CARTESIAN_POINT('',(0.0377470386515154,0.000403404008011424,0.0105));
#6027=CARTESIAN_POINT('',(0.0354189189103648,-0.000116235053155831,0.01));
#6028=CARTESIAN_POINT('',(0.0370279767050318,-0.000116235053155831,0.01));
#6029=CARTESIAN_POINT('',(0.0377470386515154,0.000403404008011424,0.01));
#6030=CARTESIAN_POINT('',(0.0354189189103648,-0.000116235053155831,0.01));
#6031=CARTESIAN_POINT('',(0.0354189189103648,-0.000116235053155831,0.01));
#6032=CARTESIAN_POINT('',(0.0354189189103648,-0.000116235053155831,0.0105));
#6033=CARTESIAN_POINT('',(0.0354189189103648,-0.000116235053155831,0.0105));
#6034=CARTESIAN_POINT('',(0.0370279767050318,-0.000116235053155831,0.0105));
#6035=CARTESIAN_POINT('',(0.0377470386515154,0.000403404008011424,0.0105));
#6036=CARTESIAN_POINT('',(0.0348730699842702,-0.000116235053155831,0.01));
#6037=CARTESIAN_POINT('',(0.0348730699842702,-0.000116235053155831,0.01));
#6038=CARTESIAN_POINT('',(0.0343272210581757,-0.000116235053155831,0.01));
#6039=CARTESIAN_POINT('',(0.0343272210581757,-0.000116235053155831,0.01));
#6040=CARTESIAN_POINT('',(0.0343272210581757,-0.000116235053155831,0.0105));
#6041=CARTESIAN_POINT('',(0.0243,-0.000116235053155831,0.0105));
#6042=CARTESIAN_POINT('',(0.0344673868575695,0.00516220383133259,0.01));
#6043=CARTESIAN_POINT('',(0.0358177646809976,0.00516220383133259,0.01));
#6044=CARTESIAN_POINT('',(0.0358177646809976,0.00516220383133259,0.01));
#6045=CARTESIAN_POINT('',(0.0358177646809976,0.00516220383133259,0.0105));
#6046=CARTESIAN_POINT('',(0.0344673868575695,0.00516220383133259,0.01));
#6047=CARTESIAN_POINT('',(0.0331170090341414,0.00516220383133259,0.01));
#6048=CARTESIAN_POINT('',(0.0331170090341414,0.00516220383133259,0.01));
#6049=CARTESIAN_POINT('',(0.0331170090341414,0.00516220383133259,0.0105));
#6050=CARTESIAN_POINT('',(0.0243,0.00516220383133259,0.0105));
#6051=CARTESIAN_POINT('',(0.0331170090341414,-4.44428144419336E-05,0.01));
#6052=CARTESIAN_POINT('',(0.0331170090341414,-4.44428144419336E-05,0.01));
#6053=CARTESIAN_POINT('',(0.0331170090341414,-0.00525108946021646,0.01));
#6054=CARTESIAN_POINT('',(0.0331170090341414,-0.00525108946021646,0.01));
#6055=CARTESIAN_POINT('',(0.0331170090341414,-0.00525108946021646,0.0105));
#6056=CARTESIAN_POINT('',(0.0331170090341414,0.,0.0105));
#6057=CARTESIAN_POINT('',(0.0337221150461585,-0.00525108946021646,0.01));
#6058=CARTESIAN_POINT('',(0.0337221150461585,-0.00525108946021646,0.01));
#6059=CARTESIAN_POINT('',(0.0343272210581757,-0.00525108946021646,0.01));
#6060=CARTESIAN_POINT('',(0.0343272210581757,-0.00525108946021646,0.01));
#6061=CARTESIAN_POINT('',(0.0343272210581757,-0.00525108946021646,0.0105));
#6062=CARTESIAN_POINT('',(0.0243,-0.00525108946021646,0.0105));
#6063=CARTESIAN_POINT('',(0.0343272210581757,-0.0032033013178534,0.01));
#6064=CARTESIAN_POINT('',(0.0343272210581757,-0.0032033013178534,0.01));
#6065=CARTESIAN_POINT('',(0.0343272210581757,-0.00115551317549034,0.01));
#6066=CARTESIAN_POINT('',(0.0343272210581757,-0.00115551317549034,0.01));
#6067=CARTESIAN_POINT('',(0.0343272210581757,-0.00115551317549034,0.0105));
#6068=CARTESIAN_POINT('',(0.0343272210581757,0.,0.0105));
#6069=CARTESIAN_POINT('',(0.0349403039856055,-0.00115551317549034,0.01));
#6070=CARTESIAN_POINT('',(0.0349403039856055,-0.00115551317549034,0.01));
#6071=CARTESIAN_POINT('',(0.0355533869130353,-0.00115551317549034,0.01));
#6072=CARTESIAN_POINT('',(0.0355533869130353,-0.00115551317549034,0.01));
#6073=CARTESIAN_POINT('',(0.0355533869130353,-0.00115551317549034,0.0105));
#6074=CARTESIAN_POINT('',(0.0243,-0.00115551317549034,0.0105));
#6075=CARTESIAN_POINT('',(0.0386404531777328,-0.00030426234502556,0.01));
#6076=CARTESIAN_POINT('',(0.0386404531777328,-0.00030426234502556,0.0105));
#6077=CARTESIAN_POINT('',(0.0379210113781343,-0.000871762898668747,0.01));
#6078=CARTESIAN_POINT('',(0.0379210113781343,-0.000871762898668747,0.0105));
#6079=CARTESIAN_POINT('',(0.0368919892899018,-0.00115551317549034,0.01));
#6080=CARTESIAN_POINT('',(0.0368919892899018,-0.00115551317549034,0.0105));
#6081=CARTESIAN_POINT('',(0.0355533869130353,-0.00115551317549034,0.01));
#6082=CARTESIAN_POINT('',(0.0355533869130353,-0.00115551317549034,0.0105));
#6083=CARTESIAN_POINT('',(0.0386404531777328,-0.00030426234502556,0.01));
#6084=CARTESIAN_POINT('',(0.037561290478335,-0.00115551317549034,0.01));
#6085=CARTESIAN_POINT('',(0.0355533869130353,-0.00115551317549034,0.01));
#6086=CARTESIAN_POINT('',(0.0386404531777328,-0.00030426234502556,0.01));
#6087=CARTESIAN_POINT('',(0.0386404531777328,-0.00030426234502556,0.01));
#6088=CARTESIAN_POINT('',(0.0386404531777328,-0.00030426234502556,0.0105));
#6089=CARTESIAN_POINT('',(0.0386404531777328,-0.00030426234502556,0.0105));
#6090=CARTESIAN_POINT('',(0.037561290478335,-0.00115551317549034,0.0105));
#6091=CARTESIAN_POINT('',(0.0355533869130353,-0.00115551317549034,0.0105));
#6092=CARTESIAN_POINT('',(0.0397196158771306,0.00212869685583428,0.01));
#6093=CARTESIAN_POINT('',(0.0397196158771306,0.00212869685583428,0.0105));
#6094=CARTESIAN_POINT('',(0.0397196158771306,0.00107422460890424,0.01));
#6095=CARTESIAN_POINT('',(0.0397196158771306,0.00107422460890424,0.0105));
#6096=CARTESIAN_POINT('',(0.0393598949773314,0.000263238208617625,0.01));
#6097=CARTESIAN_POINT('',(0.0393598949773314,0.000263238208617625,0.0105));
#6098=CARTESIAN_POINT('',(0.0386404531777328,-0.00030426234502556,0.01));
#6099=CARTESIAN_POINT('',(0.0386404531777328,-0.00030426234502556,0.0105));
#6100=CARTESIAN_POINT('',(0.0397196158771306,0.00212869685583428,0.01));
#6101=CARTESIAN_POINT('',(0.0397196158771306,0.000546988485439218,0.01));
#6102=CARTESIAN_POINT('',(0.0386404531777328,-0.00030426234502556,0.01));
#6103=CARTESIAN_POINT('',(0.0397196158771306,0.00212869685583428,0.01));
#6104=CARTESIAN_POINT('',(0.0397196158771306,0.00212869685583428,0.01));
#6105=CARTESIAN_POINT('',(0.0397196158771306,0.00212869685583428,0.0105));
#6106=CARTESIAN_POINT('',(0.0397196158771306,0.00212869685583428,0.0105));
#6107=CARTESIAN_POINT('',(0.0397196158771306,0.000546988485439218,0.0105));
#6108=CARTESIAN_POINT('',(0.0386404531777328,-0.00030426234502556,0.0105));
#6109=CARTESIAN_POINT('',(0.0343272210581757,0.00199878709054247,0.01));
#6110=CARTESIAN_POINT('',(0.0343272210581757,0.00199878709054247,0.01));
#6111=CARTESIAN_POINT('',(0.0343272210581757,0.,0.0105));
#6112=CARTESIAN_POINT('',(0.0358177646809976,0.00516220383133259,0.01));
#6113=CARTESIAN_POINT('',(0.0358177646809976,0.00516220383133259,0.0105));
#6114=CARTESIAN_POINT('',(0.0384189988117529,0.00516220383133259,0.01));
#6115=CARTESIAN_POINT('',(0.0384189988117529,0.00516220383133259,0.0105));
#6116=CARTESIAN_POINT('',(0.0397196158771306,0.00415103483949982,0.01));
#6117=CARTESIAN_POINT('',(0.0397196158771306,0.00415103483949982,0.0105));
#6118=CARTESIAN_POINT('',(0.0397196158771306,0.00212869685583428,0.01));
#6119=CARTESIAN_POINT('',(0.0397196158771306,0.00212869685583428,0.0105));
#6120=CARTESIAN_POINT('',(0.0358177646809976,0.00516220383133259,0.01));
#6121=CARTESIAN_POINT('',(0.0397196158771306,0.00516220383133259,0.01));
#6122=CARTESIAN_POINT('',(0.0397196158771306,0.00212869685583428,0.01));
#6123=CARTESIAN_POINT('',(0.0358177646809976,0.00516220383133259,0.0105));
#6124=CARTESIAN_POINT('',(0.0397196158771306,0.00516220383133259,0.0105));
#6125=CARTESIAN_POINT('',(0.0397196158771306,0.00212869685583428,0.0105));
#6126=CARTESIAN_POINT('',(0.0243,0.,0.0105));
#6127=CARTESIAN_POINT('',(0.0243,0.,0.009));
#6128=CARTESIAN_POINT('',(0.0243002725573723,-0.00200012559071183,0.009));
#6129=CARTESIAN_POINT('',(0.0249252041785047,-0.00200012559071183,0.009));
#6130=CARTESIAN_POINT('',(0.0236753409362398,-0.00200012559071183,0.009));
#6131=CARTESIAN_POINT('',(0.0236753409362398,-0.00131260877269312,0.009));
#6132=CARTESIAN_POINT('',(0.0236753409362398,-0.000625091954674417,0.009));
#6133=CARTESIAN_POINT('',(0.0229876773853402,-0.000625091954674417,0.009));
#6134=CARTESIAN_POINT('',(0.0223000138344407,-0.000625091954674417,0.009));
#6135=CARTESIAN_POINT('',(0.0223000138344407,-1.60333541998625E-07,0.009));
#6136=CARTESIAN_POINT('',(0.0223000138344407,0.00062477128759042,0.009));
#6137=CARTESIAN_POINT('',(0.0229876773853402,0.00062477128759042,0.009));
#6138=CARTESIAN_POINT('',(0.0236753409362398,0.00062477128759042,0.009));
#6139=CARTESIAN_POINT('',(0.0236753409362398,0.00131244843915113,0.009));
#6140=CARTESIAN_POINT('',(0.0236753409362398,0.00200012559071183,0.009));
#6141=CARTESIAN_POINT('',(0.0243002725573723,0.00200012559071183,0.009));
#6142=CARTESIAN_POINT('',(0.0249252041785047,0.00200012559071183,0.009));
#6143=CARTESIAN_POINT('',(0.0249252041785047,0.00131244843915113,0.009));
#6144=CARTESIAN_POINT('',(0.0249252041785047,0.00062477128759042,0.009));
#6145=CARTESIAN_POINT('',(0.0256127345971845,0.00062477128759042,0.009));
#6146=CARTESIAN_POINT('',(0.0263002650158644,0.00062477128759042,0.009));
#6147=CARTESIAN_POINT('',(0.0263002650158644,-1.60333541998408E-07,0.009));
#6148=CARTESIAN_POINT('',(0.0263002650158644,-0.000625091954674417,0.009));
#6149=CARTESIAN_POINT('',(0.0256127345971845,-0.000625091954674417,0.009));
#6150=CARTESIAN_POINT('',(0.0249252041785047,-0.000625091954674417,0.009));
#6151=CARTESIAN_POINT('',(0.0249252041785047,-0.00131260877269312,0.009));
#6152=CARTESIAN_POINT('',(0.0243,0.,-0.001));
#6153=CARTESIAN_POINT('',(0.0236753409362398,-0.00131260877269312,-0.001));
#6154=CARTESIAN_POINT('',(0.0236753409362398,-0.00200012559071183,-0.001));
#6155=CARTESIAN_POINT('',(0.0236753409362398,-0.000625091954674417,-0.001));
#6156=CARTESIAN_POINT('',(0.0243002725573723,-0.00200012559071183,-0.001));
#6157=CARTESIAN_POINT('',(0.0249252041785047,-0.00200012559071183,-0.001));
#6158=CARTESIAN_POINT('',(0.0249252041785047,-0.00131260877269312,-0.001));
#6159=CARTESIAN_POINT('',(0.0249252041785047,-0.000625091954674417,-0.001));
#6160=CARTESIAN_POINT('',(0.0256127345971845,-0.000625091954674417,-0.001));
#6161=CARTESIAN_POINT('',(0.0263002650158644,-0.000625091954674417,-0.001));
#6162=CARTESIAN_POINT('',(0.0263002650158644,-1.60333541998408E-07,-0.001));
#6163=CARTESIAN_POINT('',(0.0263002650158644,0.00062477128759042,-0.001));
#6164=CARTESIAN_POINT('',(0.0256127345971845,0.00062477128759042,-0.001));
#6165=CARTESIAN_POINT('',(0.0249252041785047,0.00062477128759042,-0.001));
#6166=CARTESIAN_POINT('',(0.0249252041785047,0.00131244843915113,-0.001));
#6167=CARTESIAN_POINT('',(0.0249252041785047,0.00200012559071183,-0.001));
#6168=CARTESIAN_POINT('',(0.0243002725573723,0.00200012559071183,-0.001));
#6169=CARTESIAN_POINT('',(0.0236753409362398,0.00200012559071183,-0.001));
#6170=CARTESIAN_POINT('',(0.0236753409362398,0.00131244843915113,-0.001));
#6171=CARTESIAN_POINT('',(0.0236753409362398,0.00062477128759042,-0.001));
#6172=CARTESIAN_POINT('',(0.0229876773853402,0.00062477128759042,-0.001));
#6173=CARTESIAN_POINT('',(0.0223000138344407,0.00062477128759042,-0.001));
#6174=CARTESIAN_POINT('',(0.0223000138344407,-1.60333541998625E-07,-0.001));
#6175=CARTESIAN_POINT('',(0.0223000138344407,-0.000625091954674417,-0.001));
#6176=CARTESIAN_POINT('',(0.0229876773853402,-0.000625091954674417,-0.001));
#6177=CARTESIAN_POINT('',(0.0243002725573723,-0.00300012559071183,-0.001));
#6178=CARTESIAN_POINT('',(0.0259252041785047,-0.00300012559071183,-0.001));
#6179=CARTESIAN_POINT('',(0.0226753409362398,-0.00300012559071183,-0.001));
#6180=CARTESIAN_POINT('',(0.0226753409362398,-0.00231260877269312,-0.001));
#6181=CARTESIAN_POINT('',(0.0226753409362398,-0.00162509195467441,-0.001));
#6182=CARTESIAN_POINT('',(0.0219876773853402,-0.00162509195467441,-0.001));
#6183=CARTESIAN_POINT('',(0.0213000138344407,-0.00162509195467442,-0.001));
#6184=CARTESIAN_POINT('',(0.0213000138344407,-1.60333541998625E-07,-0.001));
#6185=CARTESIAN_POINT('',(0.0213000138344407,0.00162477128759042,-0.001));
#6186=CARTESIAN_POINT('',(0.0219876773853402,0.00162477128759042,-0.001));
#6187=CARTESIAN_POINT('',(0.0226753409362398,0.00162477128759042,-0.001));
#6188=CARTESIAN_POINT('',(0.0226753409362398,0.00231244843915113,-0.001));
#6189=CARTESIAN_POINT('',(0.0226753409362398,0.00300012559071183,-0.001));
#6190=CARTESIAN_POINT('',(0.0243002725573723,0.00300012559071183,-0.001));
#6191=CARTESIAN_POINT('',(0.0259252041785047,0.00300012559071183,-0.001));
#6192=CARTESIAN_POINT('',(0.0259252041785047,0.00231244843915113,-0.001));
#6193=CARTESIAN_POINT('',(0.0259252041785047,0.00162477128759042,-0.001));
#6194=CARTESIAN_POINT('',(0.0266127345971845,0.00162477128759042,-0.001));
#6195=CARTESIAN_POINT('',(0.0273002650158644,0.00162477128759042,-0.001));
#6196=CARTESIAN_POINT('',(0.0273002650158644,-1.60333541998408E-07,-0.001));
#6197=CARTESIAN_POINT('',(0.0273002650158644,-0.00162509195467441,-0.001));
#6198=CARTESIAN_POINT('',(0.0266127345971845,-0.00162509195467441,-0.001));
#6199=CARTESIAN_POINT('',(0.0259252041785047,-0.00162509195467441,-0.001));
#6200=CARTESIAN_POINT('',(0.0259252041785047,-0.00231260877269312,-0.001));
#6201=CARTESIAN_POINT('',(0.0259252041785047,-0.00231260877269312,-0.001));
#6202=CARTESIAN_POINT('',(0.0259252041785047,-0.00231260877269312,0.009));
#6203=CARTESIAN_POINT('',(0.0259252041785047,-0.00162509195467441,0.009));
#6204=CARTESIAN_POINT('',(0.0259252041785047,-0.00300012559071183,0.009));
#6205=CARTESIAN_POINT('',(0.0259252041785047,-0.00300012559071183,-0.001));
#6206=CARTESIAN_POINT('',(0.0259252041785047,-0.00162509195467441,-0.001));
#6207=CARTESIAN_POINT('',(0.0229876773853402,-0.000625091954674417,-0.001));
#6208=CARTESIAN_POINT('',(0.0236753409362398,-0.000625091954674417,-0.001));
#6209=CARTESIAN_POINT('',(0.0223000138344407,-0.000625091954674417,-0.001));
#6210=CARTESIAN_POINT('',(0.0223000138344407,-1.60333541998625E-07,-0.001));
#6211=CARTESIAN_POINT('',(0.0223000138344407,0.00062477128759042,-0.001));
#6212=CARTESIAN_POINT('',(0.0229876773853402,0.00062477128759042,-0.001));
#6213=CARTESIAN_POINT('',(0.0236753409362398,0.00062477128759042,-0.001));
#6214=CARTESIAN_POINT('',(0.0236753409362398,0.00131244843915113,-0.001));
#6215=CARTESIAN_POINT('',(0.0236753409362398,0.00200012559071183,-0.001));
#6216=CARTESIAN_POINT('',(0.0243002725573723,0.00200012559071183,-0.001));
#6217=CARTESIAN_POINT('',(0.0249252041785047,0.00200012559071183,-0.001));
#6218=CARTESIAN_POINT('',(0.0249252041785047,0.00131244843915113,-0.001));
#6219=CARTESIAN_POINT('',(0.0249252041785047,0.00062477128759042,-0.001));
#6220=CARTESIAN_POINT('',(0.0256127345971845,0.00062477128759042,-0.001));
#6221=CARTESIAN_POINT('',(0.0263002650158644,0.00062477128759042,-0.001));
#6222=CARTESIAN_POINT('',(0.0263002650158644,-1.60333541998408E-07,-0.001));
#6223=CARTESIAN_POINT('',(0.0263002650158644,-0.000625091954674417,-0.001));
#6224=CARTESIAN_POINT('',(0.0256127345971845,-0.000625091954674417,-0.001));
#6225=CARTESIAN_POINT('',(0.0249252041785047,-0.000625091954674417,-0.001));
#6226=CARTESIAN_POINT('',(0.0249252041785047,-0.00131260877269312,-0.001));
#6227=CARTESIAN_POINT('',(0.0249252041785047,-0.00200012559071183,-0.001));
#6228=CARTESIAN_POINT('',(0.0243002725573723,-0.00200012559071183,-0.001));
#6229=CARTESIAN_POINT('',(0.0236753409362398,-0.00200012559071183,-0.001));
#6230=CARTESIAN_POINT('',(0.0236753409362398,-0.00131260877269312,-0.001));
#6231=CARTESIAN_POINT('',(0.0266127345971845,-0.00162509195467441,-0.001));
#6232=CARTESIAN_POINT('',(0.0266127345971845,-0.00162509195467441,0.009));
#6233=CARTESIAN_POINT('',(0.0273002650158644,-0.00162509195467441,0.009));
#6234=CARTESIAN_POINT('',(0.0273002650158644,-0.00162509195467441,-0.001));
#6235=CARTESIAN_POINT('',(0.0273002650158644,-1.60333541998408E-07,-0.001));
#6236=CARTESIAN_POINT('',(0.0273002650158644,-1.60333541998408E-07,0.009));
#6237=CARTESIAN_POINT('',(0.0273002650158644,0.00162477128759042,0.009));
#6238=CARTESIAN_POINT('',(0.0273002650158644,0.00162477128759042,-0.001));
#6239=CARTESIAN_POINT('',(0.0266127345971845,0.00162477128759042,-0.001));
#6240=CARTESIAN_POINT('',(0.0266127345971845,0.00162477128759042,0.009));
#6241=CARTESIAN_POINT('',(0.0259252041785047,0.00162477128759042,0.009));
#6242=CARTESIAN_POINT('',(0.0259252041785047,0.00162477128759042,-0.001));
#6243=CARTESIAN_POINT('',(0.0259252041785047,0.00231244843915113,-0.001));
#6244=CARTESIAN_POINT('',(0.0259252041785047,0.00231244843915113,0.009));
#6245=CARTESIAN_POINT('',(0.0259252041785047,0.00300012559071183,0.009));
#6246=CARTESIAN_POINT('',(0.0259252041785047,0.00300012559071183,-0.001));
#6247=CARTESIAN_POINT('',(0.0243002725573723,0.00300012559071183,-0.001));
#6248=CARTESIAN_POINT('',(0.0243002725573723,0.00300012559071183,0.009));
#6249=CARTESIAN_POINT('',(0.0226753409362398,0.00300012559071183,0.009));
#6250=CARTESIAN_POINT('',(0.0226753409362398,0.00300012559071183,-0.001));
#6251=CARTESIAN_POINT('',(0.0226753409362398,0.00231244843915113,-0.001));
#6252=CARTESIAN_POINT('',(0.0226753409362398,0.00231244843915113,0.009));
#6253=CARTESIAN_POINT('',(0.0226753409362398,0.00162477128759042,0.009));
#6254=CARTESIAN_POINT('',(0.0226753409362398,0.00162477128759042,-0.001));
#6255=CARTESIAN_POINT('',(0.0219876773853402,0.00162477128759042,-0.001));
#6256=CARTESIAN_POINT('',(0.0219876773853402,0.00162477128759042,0.009));
#6257=CARTESIAN_POINT('',(0.0213000138344407,0.00162477128759042,0.009));
#6258=CARTESIAN_POINT('',(0.0213000138344407,0.00162477128759042,-0.001));
#6259=CARTESIAN_POINT('',(0.0213000138344407,-1.60333541998625E-07,-0.001));
#6260=CARTESIAN_POINT('',(0.0213000138344407,-1.60333541998625E-07,0.009));
#6261=CARTESIAN_POINT('',(0.0213000138344407,-0.00162509195467442,0.009));
#6262=CARTESIAN_POINT('',(0.0213000138344407,-0.00162509195467442,-0.001));
#6263=CARTESIAN_POINT('',(0.0219876773853402,-0.00162509195467441,-0.001));
#6264=CARTESIAN_POINT('',(0.0219876773853402,-0.00162509195467441,0.009));
#6265=CARTESIAN_POINT('',(0.0226753409362398,-0.00162509195467441,0.009));
#6266=CARTESIAN_POINT('',(0.0226753409362398,-0.00162509195467441,-0.001));
#6267=CARTESIAN_POINT('',(0.0226753409362398,-0.00231260877269312,-0.001));
#6268=CARTESIAN_POINT('',(0.0226753409362398,-0.00231260877269312,0.009));
#6269=CARTESIAN_POINT('',(0.0226753409362398,-0.00300012559071183,0.009));
#6270=CARTESIAN_POINT('',(0.0226753409362398,-0.00300012559071183,-0.001));
#6271=CARTESIAN_POINT('',(0.0243002725573723,-0.00300012559071183,-0.001));
#6272=CARTESIAN_POINT('',(0.0243002725573723,-0.00300012559071183,0.009));
#6273=CARTESIAN_POINT('',(-0.0213455382262799,0.0159998454004526,0.00480388386486182));
#6274=CARTESIAN_POINT('',(-0.0205063149992523,0.,0.009));
#6275=CARTESIAN_POINT('',(-0.0205063149992523,0.00618154435770321,0.009));
#6276=CARTESIAN_POINT('',(-0.0205063149992523,-0.00618154435770321,0.009));
#6277=CARTESIAN_POINT('',(-0.0175668360434236,-0.00324397314440283,0.0236973947791433));
#6278=CARTESIAN_POINT('',(-0.0223063149992523,-0.0079803761450361,0.));
#6279=CARTESIAN_POINT('',(-0.0223063149992523,0.0159998454004526,0.));
#6280=CARTESIAN_POINT('',(-0.0223063149992523,0.0079803761450361,0.));
#6281=CARTESIAN_POINT('',(-0.0175668360434236,0.00324397314440283,0.0236973947791433));
#6282=CARTESIAN_POINT('',(0.0699455382262799,0.0159998454004526,0.00480388386486182));
#6283=CARTESIAN_POINT('',(0.0703428797841873,-0.00741730660339071,0.00281717607532509));
#6284=CARTESIAN_POINT('',(0.0691063149992523,-0.00618154435770321,0.009));
#6285=CARTESIAN_POINT('',(0.0709063149992523,-0.0079803761450361,0.));
#6286=CARTESIAN_POINT('',(0.0691063149992523,0.,0.009));
#6287=CARTESIAN_POINT('',(0.0691063149992523,0.00618154435770321,0.009));
#6288=CARTESIAN_POINT('',(0.0703428797841873,0.00741730660339071,0.00281717607532509));
#6289=CARTESIAN_POINT('',(0.0709063149992523,0.0079803761450361,0.));
#6290=CARTESIAN_POINT('',(0.0709063149992523,0.0159998454004526,0.));
#6291=CARTESIAN_POINT('',(0.0806738810980292,0.00702019846085305,0.00480400625478175));
#6292=CARTESIAN_POINT('',(0.0243,0.0079803761450361,0.));
#6293=CARTESIAN_POINT('',(0.0806738810980292,0.00618154435770321,0.009));
#6294=CARTESIAN_POINT('',(0.0806738810980292,-0.00702019846085305,0.00480400625478175));
#6295=CARTESIAN_POINT('',(0.0806738810980292,-0.00618154435770321,0.009));
#6296=CARTESIAN_POINT('',(0.0243,-0.0079803761450361,0.));
#6297=CARTESIAN_POINT('',(-0.0223261189019709,0.0159998454004526,0.005));
#6298=CARTESIAN_POINT('',(-0.0213261189019709,0.0159998454004526,0.01));
#6299=CARTESIAN_POINT('',(-0.0213261189019709,0.00700145261362195,0.01));
#6300=CARTESIAN_POINT('',(-0.0213261189019709,-0.00700145261362195,0.01));
#6301=CARTESIAN_POINT('',(-0.0185111207421786,0.00418828140744537,0.0240749907989611));
#6302=CARTESIAN_POINT('',(-0.0233261189019709,0.00900015459954739,-1.7347234759768E-18));
#6303=CARTESIAN_POINT('',(-0.0233261189019709,0.,0.));
#6304=CARTESIAN_POINT('',(-0.0233261189019709,-0.00900015459954739,0.));
#6305=CARTESIAN_POINT('',(-0.0185111207421786,-0.00418828140744537,0.0240749907989611));
#6306=CARTESIAN_POINT('',(0.0709261189019709,0.0159998454004526,0.005));
#6307=CARTESIAN_POINT('',(0.0712871644829423,-0.00836161486643324,0.00319477209514297));
#6308=CARTESIAN_POINT('',(0.0699261189019709,-0.00700145261362195,0.01));
#6309=CARTESIAN_POINT('',(0.0719261189019709,-0.00900015459954739,0.));
#6310=CARTESIAN_POINT('',(0.0719261189019709,0.,0.));
#6311=CARTESIAN_POINT('',(0.0719261189019709,0.00900015459954739,0.));
#6312=CARTESIAN_POINT('',(0.0712871644829423,0.00836161486643324,0.00319477209514297));
#6313=CARTESIAN_POINT('',(0.0699261189019709,0.00700145261362195,0.01));
#6314=CARTESIAN_POINT('',(0.0699261189019709,0.0159998454004526,0.01));
#6315=CARTESIAN_POINT('',(0.0806738810980292,0.00800080360658467,0.005));
#6316=CARTESIAN_POINT('',(0.0806738810980292,0.00700145261362195,0.01));
#6317=CARTESIAN_POINT('',(0.0481136189019708,0.00900015459954739,0.));
#6318=CARTESIAN_POINT('',(0.0806738810980292,-0.00800080360658467,0.005));
#6319=CARTESIAN_POINT('',(0.0806738810980292,-0.00700145261362195,0.01));
#6320=CARTESIAN_POINT('',(0.0481136189019709,-0.00900015459954739,0.));
#6321=CARTESIAN_POINT('',(0.0243,0.,0.01));
#6322=CARTESIAN_POINT('',(0.0186446053568955,-0.00225290882440276,0.01));
#6323=CARTESIAN_POINT('',(0.0186446053568955,-0.000337309566020847,0.01));
#6324=CARTESIAN_POINT('',(0.0186446053568955,-0.00416850808278468,0.01));
#6325=CARTESIAN_POINT('',(0.0209419569957402,-0.00416850808278468,0.01));
#6326=CARTESIAN_POINT('',(0.023239308634585,-0.00416850808278468,0.01));
#6327=CARTESIAN_POINT('',(0.023239308634585,-0.00470979877150057,0.01));
#6328=CARTESIAN_POINT('',(0.023239308634585,-0.00525108946021646,0.01));
#6329=CARTESIAN_POINT('',(0.0203368509837231,-0.00525108946021646,0.01));
#6330=CARTESIAN_POINT('',(0.0174343933328613,-0.00525108946021646,0.01));
#6331=CARTESIAN_POINT('',(0.0174343933328613,-4.44428144419336E-05,0.01));
#6332=CARTESIAN_POINT('',(0.0174343933328613,0.00516220383133259,0.01));
#6333=CARTESIAN_POINT('',(0.0203368509837231,0.00516220383133259,0.01));
#6334=CARTESIAN_POINT('',(0.023239308634585,0.00516220383133259,0.01));
#6335=CARTESIAN_POINT('',(0.023239308634585,0.0046243318206507,0.01));
#6336=CARTESIAN_POINT('',(0.023239308634585,0.00408645980996881,0.01));
#6337=CARTESIAN_POINT('',(0.0209419569957402,0.00408645980996881,0.01));
#6338=CARTESIAN_POINT('',(0.0186446053568955,0.00408645980996881,0.01));
#6339=CARTESIAN_POINT('',(0.0186446053568955,0.00240902845462188,0.01));
#6340=CARTESIAN_POINT('',(0.0186446053568955,0.000731597099274953,0.01));
#6341=CARTESIAN_POINT('',(0.0208029307556911,0.000731597099274953,0.01));
#6342=CARTESIAN_POINT('',(0.0229612561544867,0.000731597099274953,0.01));
#6343=CARTESIAN_POINT('',(0.0229612561544867,0.000197143766627053,0.01));
#6344=CARTESIAN_POINT('',(0.0229612561544867,-0.000337309566020847,0.01));
#6345=CARTESIAN_POINT('',(0.0208029307556911,-0.000337309566020847,0.01));
#6346=CARTESIAN_POINT('',(0.0133684455910964,0.00294690046530377,0.01));
#6347=CARTESIAN_POINT('',(0.0133684455910964,0.000731597099274953,0.01));
#6348=CARTESIAN_POINT('',(0.0133684455910964,0.00516220383133259,0.01));
#6349=CARTESIAN_POINT('',(0.0139735516031136,0.00516220383133259,0.01));
#6350=CARTESIAN_POINT('',(0.0145786576151307,0.00516220383133259,0.01));
#6351=CARTESIAN_POINT('',(0.0145786576151307,-4.44428144419336E-05,0.01));
#6352=CARTESIAN_POINT('',(0.0145786576151307,-0.00525108946021646,0.01));
#6353=CARTESIAN_POINT('',(0.0139735516031136,-0.00525108946021646,0.01));
#6354=CARTESIAN_POINT('',(0.0133684455910964,-0.00525108946021646,0.01));
#6355=CARTESIAN_POINT('',(0.0133684455910964,-0.00280103686918664,0.01));
#6356=CARTESIAN_POINT('',(0.0133684455910964,-0.000350984278156827,0.01));
#6357=CARTESIAN_POINT('',(0.0106255262484877,-0.000350984278156827,0.01));
#6358=CARTESIAN_POINT('',(0.00788260690587899,-0.000350984278156827,0.01));
#6359=CARTESIAN_POINT('',(0.00788260690587899,-0.00280103686918664,0.01));
#6360=CARTESIAN_POINT('',(0.00788260690587899,-0.00525108946021646,0.01));
#6361=CARTESIAN_POINT('',(0.00727750089386186,-0.00525108946021646,0.01));
#6362=CARTESIAN_POINT('',(0.00667239488184473,-0.00525108946021646,0.01));
#6363=CARTESIAN_POINT('',(0.00667239488184473,-4.44428144419336E-05,0.01));
#6364=CARTESIAN_POINT('',(0.00667239488184473,0.00516220383133259,0.01));
#6365=CARTESIAN_POINT('',(0.00727750089386186,0.00516220383133259,0.01));
#6366=CARTESIAN_POINT('',(0.00788260690587899,0.00516220383133259,0.01));
#6367=CARTESIAN_POINT('',(0.00788260690587899,0.00294690046530377,0.01));
#6368=CARTESIAN_POINT('',(0.00788260690587899,0.000731597099274953,0.01));
#6369=CARTESIAN_POINT('',(0.0106255262484877,0.000731597099274953,0.01));
#6370=CARTESIAN_POINT('',(0.0418597083264115,0.00139026240049134,0.01));
#6371=CARTESIAN_POINT('',(0.042042037821558,-0.00238167903034992,0.01));
#6372=CARTESIAN_POINT('',(0.0416773788312651,0.00516220383133259,0.01));
#6373=CARTESIAN_POINT('',(0.0424146737272635,0.00516220383133259,0.01));
#6374=CARTESIAN_POINT('',(0.0431519686232617,0.00516220383133259,0.01));
#6375=CARTESIAN_POINT('',(0.04297077868746,0.00139026240049134,0.01));
#6376=CARTESIAN_POINT('',(0.0427895887516582,-0.00238167903034991,0.01));
#6377=CARTESIAN_POINT('',(0.0424158132866081,-0.00238167903034991,0.01));
#6378=CARTESIAN_POINT('',(0.0284482343990488,-0.00525108946021646,0.01));
#6379=CARTESIAN_POINT('',(0.0313506920499107,-0.00525108946021646,0.01));
#6380=CARTESIAN_POINT('',(0.025545776748187,-0.00525108946021646,0.01));
#6381=CARTESIAN_POINT('',(0.025545776748187,-4.44428144419336E-05,0.01));
#6382=CARTESIAN_POINT('',(0.025545776748187,0.00516220383133259,0.01));
#6383=CARTESIAN_POINT('',(0.0261508827602041,0.00516220383133259,0.01));
#6384=CARTESIAN_POINT('',(0.0267559887722213,0.00516220383133259,0.01));
#6385=CARTESIAN_POINT('',(0.0267559887722213,0.000503685230341946,0.01));
#6386=CARTESIAN_POINT('',(0.0267559887722213,-0.0041548333706487,0.01));
#6387=CARTESIAN_POINT('',(0.0290533404110659,-0.0041548333706487,0.01));
#6388=CARTESIAN_POINT('',(0.0313506920499107,-0.0041548333706487,0.01));
#6389=CARTESIAN_POINT('',(0.0313506920499107,-0.00470296141543258,0.01));
#6390=CARTESIAN_POINT('',(0.0243,0.,0.));
#6391=CARTESIAN_POINT('',(0.0243,0.,0.009));
#6392=CARTESIAN_POINT('',(0.0243,0.,0.0105));
#6393=CARTESIAN_POINT('',(0.025545776748187,0.,0.0105));
#6394=CARTESIAN_POINT('',(0.025545776748187,-0.00525108946021646,0.0105));
#6395=CARTESIAN_POINT('',(0.025545776748187,0.00516220383133259,0.0105));
#6396=CARTESIAN_POINT('',(0.0243,-0.00525108946021646,0.0105));
#6397=CARTESIAN_POINT('',(0.0313506920499107,-0.00525108946021646,0.0105));
#6398=CARTESIAN_POINT('',(0.0313506920499107,0.,0.0105));
#6399=CARTESIAN_POINT('',(0.0313506920499107,-0.0041548333706487,0.0105));
#6400=CARTESIAN_POINT('',(0.0243,-0.0041548333706487,0.0105));
#6401=CARTESIAN_POINT('',(0.0267559887722213,-0.0041548333706487,0.0105));
#6402=CARTESIAN_POINT('',(0.0267559887722213,0.,0.0105));
#6403=CARTESIAN_POINT('',(0.0267559887722213,0.00516220383133259,0.0105));
#6404=CARTESIAN_POINT('',(0.0243,0.00516220383133259,0.0105));
#6405=CARTESIAN_POINT('',(0.0284482343990488,-0.00525108946021646,0.01));
#6406=CARTESIAN_POINT('',(0.0313506920499107,-0.00525108946021646,0.01));
#6407=CARTESIAN_POINT('',(0.025545776748187,-0.00525108946021646,0.01));
#6408=CARTESIAN_POINT('',(0.025545776748187,-4.44428144419336E-05,0.01));
#6409=CARTESIAN_POINT('',(0.025545776748187,0.00516220383133259,0.01));
#6410=CARTESIAN_POINT('',(0.0261508827602041,0.00516220383133259,0.01));
#6411=CARTESIAN_POINT('',(0.0267559887722213,0.00516220383133259,0.01));
#6412=CARTESIAN_POINT('',(0.0267559887722213,0.000503685230341946,0.01));
#6413=CARTESIAN_POINT('',(0.0267559887722213,-0.0041548333706487,0.01));
#6414=CARTESIAN_POINT('',(0.0290533404110659,-0.0041548333706487,0.01));
#6415=CARTESIAN_POINT('',(0.0313506920499107,-0.0041548333706487,0.01));
#6416=CARTESIAN_POINT('',(0.0313506920499107,-0.00470296141543258,0.01));
#6417=CARTESIAN_POINT('',(0.0243,0.,0.0105));
#6418=CARTESIAN_POINT('',(0.0243,-0.00238167903034991,0.0105));
#6419=CARTESIAN_POINT('',(0.0427895887516582,-0.00238167903034991,0.0105));
#6420=CARTESIAN_POINT('',(0.042042037821558,-0.00238167903034992,0.0105));
#6421=CARTESIAN_POINT('',(0.04297077868746,0.00139026240049134,0.0105));
#6422=CARTESIAN_POINT('',(0.0431519686232617,0.00516220383133259,0.0105));
#6423=CARTESIAN_POINT('',(0.0243,0.00516220383133259,0.0105));
#6424=CARTESIAN_POINT('',(0.0416773788312651,0.00516220383133259,0.0105));
#6425=CARTESIAN_POINT('',(0.0418597083264115,0.00139026240049134,0.0105));
#6426=CARTESIAN_POINT('',(0.04297077868746,0.00139026240049134,0.01));
#6427=CARTESIAN_POINT('',(0.0431519686232617,0.00516220383133259,0.01));
#6428=CARTESIAN_POINT('',(0.0427895887516582,-0.00238167903034991,0.01));
#6429=CARTESIAN_POINT('',(0.0424158132866081,-0.00238167903034991,0.01));
#6430=CARTESIAN_POINT('',(0.042042037821558,-0.00238167903034992,0.01));
#6431=CARTESIAN_POINT('',(0.0418597083264115,0.00139026240049134,0.01));
#6432=CARTESIAN_POINT('',(0.0416773788312651,0.00516220383133259,0.01));
#6433=CARTESIAN_POINT('',(0.0424146737272635,0.00516220383133259,0.01));
#6434=CARTESIAN_POINT('',(0.0243,0.,0.0105));
#6435=CARTESIAN_POINT('',(0.0243,-0.00525108946021646,0.0105));
#6436=CARTESIAN_POINT('',(0.0145786576151307,-0.00525108946021646,0.0105));
#6437=CARTESIAN_POINT('',(0.0133684455910964,-0.00525108946021646,0.0105));
#6438=CARTESIAN_POINT('',(0.0145786576151307,0.,0.0105));
#6439=CARTESIAN_POINT('',(0.0145786576151307,0.00516220383133259,0.0105));
#6440=CARTESIAN_POINT('',(0.0243,0.00516220383133259,0.0105));
#6441=CARTESIAN_POINT('',(0.0133684455910964,0.00516220383133259,0.0105));
#6442=CARTESIAN_POINT('',(0.0133684455910964,0.,0.0105));
#6443=CARTESIAN_POINT('',(0.0133684455910964,0.000731597099274953,0.0105));
#6444=CARTESIAN_POINT('',(0.0243,0.000731597099274953,0.0105));
#6445=CARTESIAN_POINT('',(0.00788260690587899,0.000731597099274953,0.0105));
#6446=CARTESIAN_POINT('',(0.00788260690587899,0.,0.0105));
#6447=CARTESIAN_POINT('',(0.00788260690587899,0.00516220383133259,0.0105));
#6448=CARTESIAN_POINT('',(0.0243,0.00516220383133259,0.0105));
#6449=CARTESIAN_POINT('',(0.00667239488184473,0.00516220383133259,0.0105));
#6450=CARTESIAN_POINT('',(0.00667239488184473,0.,0.0105));
#6451=CARTESIAN_POINT('',(0.00667239488184473,-0.00525108946021646,0.0105));
#6452=CARTESIAN_POINT('',(0.0243,-0.00525108946021646,0.0105));
#6453=CARTESIAN_POINT('',(0.00788260690587899,-0.00525108946021646,0.0105));
#6454=CARTESIAN_POINT('',(0.00788260690587899,0.,0.0105));
#6455=CARTESIAN_POINT('',(0.00788260690587899,-0.000350984278156827,0.0105));
#6456=CARTESIAN_POINT('',(0.0243,-0.000350984278156827,0.0105));
#6457=CARTESIAN_POINT('',(0.0133684455910964,-0.000350984278156827,0.0105));
#6458=CARTESIAN_POINT('',(0.0133684455910964,0.,0.0105));
#6459=CARTESIAN_POINT('',(0.0145786576151307,-4.44428144419336E-05,0.01));
#6460=CARTESIAN_POINT('',(0.0145786576151307,0.00516220383133259,0.01));
#6461=CARTESIAN_POINT('',(0.0145786576151307,-0.00525108946021646,0.01));
#6462=CARTESIAN_POINT('',(0.0139735516031136,-0.00525108946021646,0.01));
#6463=CARTESIAN_POINT('',(0.0133684455910964,-0.00525108946021646,0.01));
#6464=CARTESIAN_POINT('',(0.0133684455910964,-0.00280103686918664,0.01));
#6465=CARTESIAN_POINT('',(0.0133684455910964,-0.000350984278156827,0.01));
#6466=CARTESIAN_POINT('',(0.0106255262484877,-0.000350984278156827,0.01));
#6467=CARTESIAN_POINT('',(0.00788260690587899,-0.000350984278156827,0.01));
#6468=CARTESIAN_POINT('',(0.00788260690587899,-0.00280103686918664,0.01));
#6469=CARTESIAN_POINT('',(0.00788260690587899,-0.00525108946021646,0.01));
#6470=CARTESIAN_POINT('',(0.00727750089386186,-0.00525108946021646,0.01));
#6471=CARTESIAN_POINT('',(0.00667239488184473,-0.00525108946021646,0.01));
#6472=CARTESIAN_POINT('',(0.00667239488184473,-4.44428144419336E-05,0.01));
#6473=CARTESIAN_POINT('',(0.00667239488184473,0.00516220383133259,0.01));
#6474=CARTESIAN_POINT('',(0.00727750089386186,0.00516220383133259,0.01));
#6475=CARTESIAN_POINT('',(0.00788260690587899,0.00516220383133259,0.01));
#6476=CARTESIAN_POINT('',(0.00788260690587899,0.00294690046530377,0.01));
#6477=CARTESIAN_POINT('',(0.00788260690587899,0.000731597099274953,0.01));
#6478=CARTESIAN_POINT('',(0.0106255262484877,0.000731597099274953,0.01));
#6479=CARTESIAN_POINT('',(0.0133684455910964,0.000731597099274953,0.01));
#6480=CARTESIAN_POINT('',(0.0133684455910964,0.00294690046530377,0.01));
#6481=CARTESIAN_POINT('',(0.0133684455910964,0.00516220383133259,0.01));
#6482=CARTESIAN_POINT('',(0.0139735516031136,0.00516220383133259,0.01));
#6483=CARTESIAN_POINT('',(0.0243,0.,0.0105));
#6484=CARTESIAN_POINT('',(0.0243,-0.00525108946021646,0.0105));
#6485=CARTESIAN_POINT('',(0.023239308634585,-0.00525108946021646,0.0105));
#6486=CARTESIAN_POINT('',(0.0174343933328613,-0.00525108946021646,0.0105));
#6487=CARTESIAN_POINT('',(0.023239308634585,0.,0.0105));
#6488=CARTESIAN_POINT('',(0.023239308634585,-0.00416850808278468,0.0105));
#6489=CARTESIAN_POINT('',(0.0243,-0.00416850808278468,0.0105));
#6490=CARTESIAN_POINT('',(0.0186446053568955,-0.00416850808278468,0.0105));
#6491=CARTESIAN_POINT('',(0.0186446053568955,0.,0.0105));
#6492=CARTESIAN_POINT('',(0.0186446053568955,-0.000337309566020847,0.0105));
#6493=CARTESIAN_POINT('',(0.0243,-0.000337309566020847,0.0105));
#6494=CARTESIAN_POINT('',(0.0229612561544867,-0.000337309566020847,0.0105));
#6495=CARTESIAN_POINT('',(0.0229612561544867,0.,0.0105));
#6496=CARTESIAN_POINT('',(0.0229612561544867,0.000731597099274953,0.0105));
#6497=CARTESIAN_POINT('',(0.0243,0.000731597099274953,0.0105));
#6498=CARTESIAN_POINT('',(0.0186446053568955,0.000731597099274953,0.0105));
#6499=CARTESIAN_POINT('',(0.0186446053568955,0.,0.0105));
#6500=CARTESIAN_POINT('',(0.0186446053568955,0.00408645980996881,0.0105));
#6501=CARTESIAN_POINT('',(0.0243,0.00408645980996881,0.0105));
#6502=CARTESIAN_POINT('',(0.023239308634585,0.00408645980996881,0.0105));
#6503=CARTESIAN_POINT('',(0.023239308634585,0.,0.0105));
#6504=CARTESIAN_POINT('',(0.023239308634585,0.00516220383133259,0.0105));
#6505=CARTESIAN_POINT('',(0.0243,0.00516220383133259,0.0105));
#6506=CARTESIAN_POINT('',(0.0174343933328613,0.00516220383133259,0.0105));
#6507=CARTESIAN_POINT('',(0.0174343933328613,0.,0.0105));
#6508=CARTESIAN_POINT('',(0.023239308634585,-0.00470979877150057,0.01));
#6509=CARTESIAN_POINT('',(0.023239308634585,-0.00416850808278468,0.01));
#6510=CARTESIAN_POINT('',(0.023239308634585,-0.00525108946021646,0.01));
#6511=CARTESIAN_POINT('',(0.0203368509837231,-0.00525108946021646,0.01));
#6512=CARTESIAN_POINT('',(0.0174343933328613,-0.00525108946021646,0.01));
#6513=CARTESIAN_POINT('',(0.0174343933328613,-4.44428144419336E-05,0.01));
#6514=CARTESIAN_POINT('',(0.0174343933328613,0.00516220383133259,0.01));
#6515=CARTESIAN_POINT('',(0.0203368509837231,0.00516220383133259,0.01));
#6516=CARTESIAN_POINT('',(0.023239308634585,0.00516220383133259,0.01));
#6517=CARTESIAN_POINT('',(0.023239308634585,0.0046243318206507,0.01));
#6518=CARTESIAN_POINT('',(0.023239308634585,0.00408645980996881,0.01));
#6519=CARTESIAN_POINT('',(0.0209419569957402,0.00408645980996881,0.01));
#6520=CARTESIAN_POINT('',(0.0186446053568955,0.00408645980996881,0.01));
#6521=CARTESIAN_POINT('',(0.0186446053568955,0.00240902845462188,0.01));
#6522=CARTESIAN_POINT('',(0.0186446053568955,0.000731597099274953,0.01));
#6523=CARTESIAN_POINT('',(0.0208029307556911,0.000731597099274953,0.01));
#6524=CARTESIAN_POINT('',(0.0229612561544867,0.000731597099274953,0.01));
#6525=CARTESIAN_POINT('',(0.0229612561544867,0.000197143766627053,0.01));
#6526=CARTESIAN_POINT('',(0.0229612561544867,-0.000337309566020847,0.01));
#6527=CARTESIAN_POINT('',(0.0208029307556911,-0.000337309566020847,0.01));
#6528=CARTESIAN_POINT('',(0.0186446053568955,-0.000337309566020847,0.01));
#6529=CARTESIAN_POINT('',(0.0186446053568955,-0.00225290882440276,0.01));
#6530=CARTESIAN_POINT('',(0.0186446053568955,-0.00416850808278468,0.01));
#6531=CARTESIAN_POINT('',(0.0209419569957402,-0.00416850808278468,0.01));
#6532=CARTESIAN_POINT('',(0.0243,0.,0.01));
#6533=CARTESIAN_POINT('',(0.,0.,0.));
#6534=CARTESIAN_POINT('',(-0.0603918343727477,-0.00455890490518254,0.01));
#6535=CARTESIAN_POINT('',(-0.0603918343727477,-0.00401912722736597,0.01));
#6536=CARTESIAN_POINT('',(-0.0603918343727477,-0.00401912722736597,0.01));
#6537=CARTESIAN_POINT('',(-0.0603918343727477,-0.00401912722736597,0.0105));
#6538=CARTESIAN_POINT('',(-0.0603918343727477,-0.00455890490518254,0.01));
#6539=CARTESIAN_POINT('',(-0.0603918343727477,-0.00509868258299911,0.01));
#6540=CARTESIAN_POINT('',(-0.0603918343727477,-0.00509868258299911,0.01));
#6541=CARTESIAN_POINT('',(-0.0603918343727477,-0.00509868258299911,0.0105));
#6542=CARTESIAN_POINT('',(-0.0603918343727477,1.7347234759768E-18,0.0105));
#6543=CARTESIAN_POINT('',(-0.0591517720185476,-0.00525952521397048,0.01));
#6544=CARTESIAN_POINT('',(-0.0591517720185476,-0.00525952521397048,0.01));
#6545=CARTESIAN_POINT('',(-0.0593100054823584,-0.00401912722736597,0.01));
#6546=CARTESIAN_POINT('',(-0.0593100054823584,-0.00401912722736597,0.01));
#6547=CARTESIAN_POINT('',(-0.0593100054823584,-0.00401912722736597,0.0105));
#6548=CARTESIAN_POINT('',(-0.0591517720185476,-0.00525952521397048,0.0105));
#6549=CARTESIAN_POINT('',(-0.059850919927553,-0.00401912722736597,0.01));
#6550=CARTESIAN_POINT('',(-0.059850919927553,-0.00401912722736597,0.01));
#6551=CARTESIAN_POINT('',(-0.0609,-0.00401912722736597,0.0105));
#6552=CARTESIAN_POINT('',(-0.0609,1.7347234759768E-18,0.0105));
#6553=CARTESIAN_POINT('',(-0.0614002068937756,0.00458389671531903,0.01));
#6554=CARTESIAN_POINT('',(-0.0614002068937756,0.00399935944005847,0.01));
#6555=CARTESIAN_POINT('',(-0.0614002068937756,0.00399935944005847,0.01));
#6556=CARTESIAN_POINT('',(-0.0614002068937756,0.00399935944005847,0.0105));
#6557=CARTESIAN_POINT('',(-0.0614002068937756,0.00458389671531903,0.01));
#6558=CARTESIAN_POINT('',(-0.0614002068937756,0.00516843399057958,0.01));
#6559=CARTESIAN_POINT('',(-0.0614002068937756,0.00516843399057958,0.01));
#6560=CARTESIAN_POINT('',(-0.0614002068937756,0.00516843399057958,0.0105));
#6561=CARTESIAN_POINT('',(-0.0614002068937756,1.7347234759768E-18,0.0105));
#6562=CARTESIAN_POINT('',(-0.0626482279814524,0.00524633366295443,0.01));
#6563=CARTESIAN_POINT('',(-0.0626482279814524,0.00524633366295443,0.01));
#6564=CARTESIAN_POINT('',(-0.0625550599521983,0.00399935944005847,0.01));
#6565=CARTESIAN_POINT('',(-0.0625550599521983,0.00399935944005847,0.01));
#6566=CARTESIAN_POINT('',(-0.0625550599521983,0.00399935944005847,0.0105));
#6567=CARTESIAN_POINT('',(-0.0626482279814524,0.00524633366295443,0.0105));
#6568=CARTESIAN_POINT('',(-0.0619776334229869,0.00399935944005847,0.01));
#6569=CARTESIAN_POINT('',(-0.0619776334229869,0.00399935944005847,0.01));
#6570=CARTESIAN_POINT('',(-0.0609,0.00399935944005847,0.0105));
#6571=CARTESIAN_POINT('',(-0.0609,1.7347234759768E-18,0.0105));
#6572=CARTESIAN_POINT('',(-0.0568822911769152,0.00107824681379346,0.01));
#6573=CARTESIAN_POINT('',(-0.0568822911769152,0.001650782675603,0.01));
#6574=CARTESIAN_POINT('',(-0.0568822911769152,0.001650782675603,0.01));
#6575=CARTESIAN_POINT('',(-0.0568822911769152,0.001650782675603,0.0105));
#6576=CARTESIAN_POINT('',(-0.0568822911769152,0.00107824681379346,0.01));
#6577=CARTESIAN_POINT('',(-0.0568822911769152,0.000505710951983929,0.01));
#6578=CARTESIAN_POINT('',(-0.0568822911769152,0.000505710951983929,0.01));
#6579=CARTESIAN_POINT('',(-0.0568822911769152,0.000505710951983929,0.0105));
#6580=CARTESIAN_POINT('',(-0.0568822911769152,1.7347234759768E-18,0.0105));
#6581=CARTESIAN_POINT('',(-0.0563361462211513,0.000505710951983929,0.01));
#6582=CARTESIAN_POINT('',(-0.0563361462211513,0.000505710951983929,0.01));
#6583=CARTESIAN_POINT('',(-0.0557900012653875,0.000505710951983926,0.01));
#6584=CARTESIAN_POINT('',(-0.0557900012653875,0.000505710951983929,0.01));
#6585=CARTESIAN_POINT('',(-0.0557900012653875,0.000505710951983929,0.0105));
#6586=CARTESIAN_POINT('',(-0.0609,0.000505710951983929,0.0105));
#6587=CARTESIAN_POINT('',(-0.055635516295529,0.00174658136759142,0.01));
#6588=CARTESIAN_POINT('',(-0.055635516295529,0.00174658136759142,0.01));
#6589=CARTESIAN_POINT('',(-0.055635516295529,0.00174658136759142,0.0105));
#6590=CARTESIAN_POINT('',(-0.0609,1.7347234759768E-18,0.0105));
#6591=CARTESIAN_POINT('',(-0.0654815302281269,-0.000503655755892396,0.01));
#6592=CARTESIAN_POINT('',(-0.0648805341511965,-0.000503655755892396,0.01));
#6593=CARTESIAN_POINT('',(-0.0648805341511965,-0.000503655755892396,0.01));
#6594=CARTESIAN_POINT('',(-0.0648805341511965,-0.000503655755892396,0.0105));
#6595=CARTESIAN_POINT('',(-0.0654815302281269,-0.000503655755892396,0.01));
#6596=CARTESIAN_POINT('',(-0.0660825263050573,-0.000503655755892396,0.01));
#6597=CARTESIAN_POINT('',(-0.0660825263050573,-0.000503655755892396,0.01));
#6598=CARTESIAN_POINT('',(-0.0660825263050573,-0.000503655755892396,0.0105));
#6599=CARTESIAN_POINT('',(-0.0609,-0.000503655755892396,0.0105));
#6600=CARTESIAN_POINT('',(-0.0661315048649559,-0.00175314608995359,0.01));
#6601=CARTESIAN_POINT('',(-0.0661315048649559,-0.00175314608995359,0.01));
#6602=CARTESIAN_POINT('',(-0.0648810549482291,-0.00175314608995359,0.01));
#6603=CARTESIAN_POINT('',(-0.0648810549482291,-0.00175314608995359,0.01));
#6604=CARTESIAN_POINT('',(-0.0648810549482291,-0.00175314608995359,0.0105));
#6605=CARTESIAN_POINT('',(-0.0661315048649559,-0.00175314608995359,0.0105));
#6606=CARTESIAN_POINT('',(-0.0648807945497128,-0.00175314608995359,0.01));
#6607=CARTESIAN_POINT('',(-0.0648807945497128,-0.00175314608995359,0.01));
#6608=CARTESIAN_POINT('',(-0.0648805341511965,-0.00175314608995359,0.01));
#6609=CARTESIAN_POINT('',(-0.0648805341511965,-0.00175314608995359,0.01));
#6610=CARTESIAN_POINT('',(-0.0648805341511965,-0.00175314608995359,0.0105));
#6611=CARTESIAN_POINT('',(-0.0609,-0.00175314608995359,0.0105));
#6612=CARTESIAN_POINT('',(-0.0648805341511965,-0.00112840092292299,0.01));
#6613=CARTESIAN_POINT('',(-0.0648805341511965,-0.00112840092292299,0.01));
#6614=CARTESIAN_POINT('',(-0.0648805341511965,1.7347234759768E-18,0.0105));
#6615=CARTESIAN_POINT('',(-0.0609,1.7347234759768E-18,0.0105));
#6616=CARTESIAN_POINT('',(-0.0626482279814524,0.00174658136759142,0.01));
#6617=CARTESIAN_POINT('',(-0.0626482279814524,0.000496129231648045,0.01));
#6618=CARTESIAN_POINT('',(-0.0626482279814524,0.000496129231648045,0.01));
#6619=CARTESIAN_POINT('',(-0.0626482279814524,0.000496129231648045,0.0105));
#6620=CARTESIAN_POINT('',(-0.0626482279814524,0.00174658136759142,0.01));
#6621=CARTESIAN_POINT('',(-0.0626529412685194,0.00299702462068626,0.01));
#6622=CARTESIAN_POINT('',(-0.0626529412685194,0.00299702462068626,0.01));
#6623=CARTESIAN_POINT('',(-0.0626529412685194,0.00299702462068626,0.0105));
#6624=CARTESIAN_POINT('',(-0.0626482279814524,0.00174658136759142,0.0105));
#6625=CARTESIAN_POINT('',(-0.0643988063969866,0.00299373318411474,0.01));
#6626=CARTESIAN_POINT('',(-0.0643988063969866,0.00299373318411474,0.01));
#6627=CARTESIAN_POINT('',(-0.0661446715254537,0.00299044174754324,0.01));
#6628=CARTESIAN_POINT('',(-0.0661446715254537,0.00299044174754324,0.01));
#6629=CARTESIAN_POINT('',(-0.0661446715254537,0.00299044174754324,0.0105));
#6630=CARTESIAN_POINT('',(-0.0643988063969866,0.00299373318411474,0.0105));
#6631=CARTESIAN_POINT('',(-0.0661446715254537,0.00173999183081642,0.01));
#6632=CARTESIAN_POINT('',(-0.0661446715254537,0.00173999183081642,0.01));
#6633=CARTESIAN_POINT('',(-0.0661399582467516,0.000489550796922397,0.01));
#6634=CARTESIAN_POINT('',(-0.0661399582467516,0.000489550796922397,0.01));
#6635=CARTESIAN_POINT('',(-0.0661399582467516,0.000489550796922397,0.0105));
#6636=CARTESIAN_POINT('',(-0.0661446715254537,0.00173999183081642,0.0105));
#6637=CARTESIAN_POINT('',(-0.064394093114102,0.000492840014285221,0.01));
#6638=CARTESIAN_POINT('',(-0.064394093114102,0.000492840014285221,0.01));
#6639=CARTESIAN_POINT('',(-0.064394093114102,0.000492840014285221,0.0105));
#6640=CARTESIAN_POINT('',(-0.0609,1.7347234759768E-18,0.0105));
#6641=CARTESIAN_POINT('',(-0.0591517720185476,0.00174658136759142,0.01));
#6642=CARTESIAN_POINT('',(-0.0604022219352744,0.00174658136759142,0.01));
#6643=CARTESIAN_POINT('',(-0.0604022219352744,0.00174658136759142,0.01));
#6644=CARTESIAN_POINT('',(-0.0604022219352744,0.00174658136759142,0.0105));
#6645=CARTESIAN_POINT('',(-0.0591517720185476,0.00174658136759142,0.01));
#6646=CARTESIAN_POINT('',(-0.0579013221018208,0.00174658136759142,0.01));
#6647=CARTESIAN_POINT('',(-0.0579013221018208,0.00174658136759142,0.01));
#6648=CARTESIAN_POINT('',(-0.0579013221018208,0.00174658136759142,0.0105));
#6649=CARTESIAN_POINT('',(-0.0591517720185476,0.00174658136759142,0.0105));
#6650=CARTESIAN_POINT('',(-0.0579013221018208,0.00349645751527293,0.01));
#6651=CARTESIAN_POINT('',(-0.0579013221018208,0.00349645751527293,0.01));
#6652=CARTESIAN_POINT('',(-0.0579013221018208,0.00524633366295443,0.01));
#6653=CARTESIAN_POINT('',(-0.0579013221018208,0.00524633366295443,0.01));
#6654=CARTESIAN_POINT('',(-0.0579013221018208,0.00524633366295443,0.0105));
#6655=CARTESIAN_POINT('',(-0.0579013221018208,1.7347234759768E-18,0.0105));
#6656=CARTESIAN_POINT('',(-0.0591517720185476,0.00524633366295443,0.01));
#6657=CARTESIAN_POINT('',(-0.0591517720185476,0.00524633366295443,0.01));
#6658=CARTESIAN_POINT('',(-0.0604022219352744,0.00524633366295443,0.01));
#6659=CARTESIAN_POINT('',(-0.0604022219352744,0.00524633366295443,0.01));
#6660=CARTESIAN_POINT('',(-0.0604022219352744,0.00524633366295443,0.0105));
#6661=CARTESIAN_POINT('',(-0.0591517720185476,0.00524633366295443,0.0105));
#6662=CARTESIAN_POINT('',(-0.0604022219352744,0.00349645751527293,0.01));
#6663=CARTESIAN_POINT('',(-0.0604022219352744,0.00349645751527293,0.01));
#6664=CARTESIAN_POINT('',(-0.0604022219352744,1.7347234759768E-18,0.0105));
#6665=CARTESIAN_POINT('',(-0.0609,1.7347234759768E-18,0.0105));
#6666=CARTESIAN_POINT('',(-0.0626482279814524,-0.00174658136759142,0.01));
#6667=CARTESIAN_POINT('',(-0.0613977780647256,-0.00174658136759142,0.01));
#6668=CARTESIAN_POINT('',(-0.0613977780647256,-0.00174658136759142,0.01));
#6669=CARTESIAN_POINT('',(-0.0613977780647256,-0.00174658136759142,0.0105));
#6670=CARTESIAN_POINT('',(-0.0626482279814524,-0.00174658136759142,0.01));
#6671=CARTESIAN_POINT('',(-0.0638986778981792,-0.00174658136759142,0.01));
#6672=CARTESIAN_POINT('',(-0.0638986778981792,-0.00174658136759142,0.01));
#6673=CARTESIAN_POINT('',(-0.0638986778981792,-0.00174658136759142,0.0105));
#6674=CARTESIAN_POINT('',(-0.0626482279814524,-0.00174658136759142,0.0105));
#6675=CARTESIAN_POINT('',(-0.0638986778981792,-0.00350305329078095,0.01));
#6676=CARTESIAN_POINT('',(-0.0638986778981792,-0.00350305329078095,0.01));
#6677=CARTESIAN_POINT('',(-0.0638986778981792,-0.00525952521397048,0.01));
#6678=CARTESIAN_POINT('',(-0.0638986778981792,-0.00525952521397048,0.01));
#6679=CARTESIAN_POINT('',(-0.0638986778981792,-0.00525952521397048,0.0105));
#6680=CARTESIAN_POINT('',(-0.0638986778981792,1.7347234759768E-18,0.0105));
#6681=CARTESIAN_POINT('',(-0.0626482279814524,-0.00525952521397048,0.01));
#6682=CARTESIAN_POINT('',(-0.0626482279814524,-0.00525952521397048,0.01));
#6683=CARTESIAN_POINT('',(-0.0613977780647256,-0.00525952521397048,0.01));
#6684=CARTESIAN_POINT('',(-0.0613977780647256,-0.00525952521397048,0.01));
#6685=CARTESIAN_POINT('',(-0.0613977780647256,-0.00525952521397048,0.0105));
#6686=CARTESIAN_POINT('',(-0.0626482279814524,-0.00525952521397048,0.0105));
#6687=CARTESIAN_POINT('',(-0.0613977780647256,-0.00350305329078095,0.01));
#6688=CARTESIAN_POINT('',(-0.0613977780647256,-0.00350305329078095,0.01));
#6689=CARTESIAN_POINT('',(-0.0613977780647256,1.7347234759768E-18,0.0105));
#6690=CARTESIAN_POINT('',(-0.0609,1.7347234759768E-18,0.0105));
#6691=CARTESIAN_POINT('',(-0.055635516295529,-0.00174658136759142,0.01));
#6692=CARTESIAN_POINT('',(-0.055635516295529,-0.00299703128431824,0.01));
#6693=CARTESIAN_POINT('',(-0.055635516295529,-0.00299703128431824,0.01));
#6694=CARTESIAN_POINT('',(-0.055635516295529,-0.00299703128431824,0.0105));
#6695=CARTESIAN_POINT('',(-0.055635516295529,-0.00174658136759142,0.01));
#6696=CARTESIAN_POINT('',(-0.055635516295529,-0.000496131450864612,0.01));
#6697=CARTESIAN_POINT('',(-0.055635516295529,-0.000496131450864612,0.01));
#6698=CARTESIAN_POINT('',(-0.055635516295529,-0.000496131450864612,0.0105));
#6699=CARTESIAN_POINT('',(-0.055635516295529,-0.00174658136759142,0.0105));
#6700=CARTESIAN_POINT('',(-0.0573936441570383,-0.000496131450864612,0.01));
#6701=CARTESIAN_POINT('',(-0.0573936441570383,-0.000496131450864612,0.01));
#6702=CARTESIAN_POINT('',(-0.0591517720185476,-0.000496131450864612,0.01));
#6703=CARTESIAN_POINT('',(-0.0591517720185476,-0.000496131450864612,0.01));
#6704=CARTESIAN_POINT('',(-0.0591517720185476,-0.000496131450864612,0.0105));
#6705=CARTESIAN_POINT('',(-0.0609,-0.000496131450864612,0.0105));
#6706=CARTESIAN_POINT('',(-0.0591517720185476,-0.00174658136759142,0.01));
#6707=CARTESIAN_POINT('',(-0.0591517720185476,-0.00174658136759142,0.01));
#6708=CARTESIAN_POINT('',(-0.0591517720185476,-0.00299703128431824,0.01));
#6709=CARTESIAN_POINT('',(-0.0591517720185476,-0.00299703128431824,0.01));
#6710=CARTESIAN_POINT('',(-0.0591517720185476,-0.00299703128431824,0.0105));
#6711=CARTESIAN_POINT('',(-0.0591517720185476,-0.00174658136759142,0.0105));
#6712=CARTESIAN_POINT('',(-0.0573936441570383,-0.00299703128431824,0.01));
#6713=CARTESIAN_POINT('',(-0.0573936441570383,-0.00299703128431824,0.01));
#6714=CARTESIAN_POINT('',(-0.0609,-0.00299703128431824,0.0105));
#6715=CARTESIAN_POINT('',(-0.0609,1.7347234759768E-18,0.0105));
#6716=CARTESIAN_POINT('',(-0.0359064126894989,1.5459954738617E-07,0.01));
#6717=CARTESIAN_POINT('',(-0.044906412689499,0.00699951080605388,0.01));
#6718=CARTESIAN_POINT('',(-0.0538938903078437,0.00699951080605388,0.01));
#6719=CARTESIAN_POINT('',(-0.0679061096921563,0.00699951080605388,0.01));
#6720=CARTESIAN_POINT('',(-0.0679061096921563,0.0160001545995474,0.01));
#6721=CARTESIAN_POINT('',(-0.0679061096921563,-0.00699951080605388,0.01));
#6722=CARTESIAN_POINT('',(-0.044906412689499,-0.00699951080605388,0.01));
#6723=CARTESIAN_POINT('',(-0.0538938903078437,-0.00699951080605388,0.01));
#6724=CARTESIAN_POINT('',(-0.0538938903078437,0.0160001545995474,0.01));
#6725=CARTESIAN_POINT('',(-0.0359064126894989,1.5459954738617E-07,0.009));
#6726=CARTESIAN_POINT('',(-0.0359064126894989,0.00617973380031138,0.009));
#6727=CARTESIAN_POINT('',(-0.0547136698535276,0.00617973380031138,0.009));
#6728=CARTESIAN_POINT('',(-0.0670863301464724,0.00617973380031138,0.009));
#6729=CARTESIAN_POINT('',(-0.0547136698535276,1.5459954738617E-07,0.009));
#6730=CARTESIAN_POINT('',(-0.0547136698535276,-0.00617973380031138,0.009));
#6731=CARTESIAN_POINT('',(-0.0359064126894989,-0.00617973380031138,0.009));
#6732=CARTESIAN_POINT('',(-0.0670863301464724,-0.00617973380031138,0.009));
#6733=CARTESIAN_POINT('',(-0.0670863301464724,1.5459954738617E-07,0.009));
#6734=CARTESIAN_POINT('',(-0.0608997274426278,-0.00300012559071183,0.009));
#6735=CARTESIAN_POINT('',(-0.0592747958214954,-0.00300012559071183,0.009));
#6736=CARTESIAN_POINT('',(-0.0625246590637602,-0.00300012559071183,0.009));
#6737=CARTESIAN_POINT('',(-0.0592747958214954,-0.00231260877269312,0.009));
#6738=CARTESIAN_POINT('',(-0.0592747958214954,-0.00162509195467441,0.009));
#6739=CARTESIAN_POINT('',(-0.0585872654028155,-0.00162509195467441,0.009));
#6740=CARTESIAN_POINT('',(-0.0578997349841357,-0.00162509195467441,0.009));
#6741=CARTESIAN_POINT('',(-0.0578997349841357,-1.60333541998408E-07,0.009));
#6742=CARTESIAN_POINT('',(-0.0578997349841357,0.00162477128759042,0.009));
#6743=CARTESIAN_POINT('',(-0.0585872654028155,0.00162477128759042,0.009));
#6744=CARTESIAN_POINT('',(-0.0592747958214954,0.00162477128759042,0.009));
#6745=CARTESIAN_POINT('',(-0.0592747958214954,0.00231244843915113,0.009));
#6746=CARTESIAN_POINT('',(-0.0592747958214954,0.00300012559071183,0.009));
#6747=CARTESIAN_POINT('',(-0.0608997274426278,0.00300012559071183,0.009));
#6748=CARTESIAN_POINT('',(-0.0625246590637602,0.00300012559071183,0.009));
#6749=CARTESIAN_POINT('',(-0.0625246590637602,0.00231244843915113,0.009));
#6750=CARTESIAN_POINT('',(-0.0625246590637602,0.00162477128759042,0.009));
#6751=CARTESIAN_POINT('',(-0.0632123226146598,0.00162477128759042,0.009));
#6752=CARTESIAN_POINT('',(-0.0638999861655593,0.00162477128759042,0.009));
#6753=CARTESIAN_POINT('',(-0.0638999861655593,-1.60333541998625E-07,0.009));
#6754=CARTESIAN_POINT('',(-0.0638999861655593,-0.00162509195467442,0.009));
#6755=CARTESIAN_POINT('',(-0.0632123226146598,-0.00162509195467441,0.009));
#6756=CARTESIAN_POINT('',(-0.0625246590637602,-0.00162509195467441,0.009));
#6757=CARTESIAN_POINT('',(-0.0625246590637602,-0.00231260877269312,0.009));
#6758=CARTESIAN_POINT('',(-0.051906412689499,1.54599547387904E-07,0.));
#6759=CARTESIAN_POINT('',(-0.051906412689499,0.00865359207603684,0.00173097703446884));
#6760=CARTESIAN_POINT('',(-0.051906412689499,0.00899984540045262,0.));
#6761=CARTESIAN_POINT('',(-0.051906412689499,0.00898701981886329,6.41171813217528E-05));
#6762=CARTESIAN_POINT('',(-0.0519064126894989,0.0160001545995474,6.41171813217233E-05));
#6763=CARTESIAN_POINT('',(-0.0519064126894989,-0.0089870198188633,6.41171813217232E-05));
#6764=CARTESIAN_POINT('',(-0.0519064126894989,-0.00865358017993765,0.00173103650501555));
#6765=CARTESIAN_POINT('',(-0.0519064126894989,-0.00899984540045262,0.));
#6766=CARTESIAN_POINT('',(-0.051906412689499,1.54599547387904E-07,0.));
#6767=CARTESIAN_POINT('',(-0.044906412689499,-0.00799967810325325,0.005));
#6768=CARTESIAN_POINT('',(-0.0680171295614123,-0.00711053242899475,0.00944498473779461));
#6769=CARTESIAN_POINT('',(-0.069906412689499,-0.00899984540045262,0.));
#6770=CARTESIAN_POINT('',(-0.0609064126894989,-0.00899984540045262,0.));
#6771=CARTESIAN_POINT('',(-0.0525978292626157,-0.00829559232403703,0.0035206763827792));
#6772=CARTESIAN_POINT('',(-0.044906412689499,0.00799967810325325,0.005));
#6773=CARTESIAN_POINT('',(-0.044906412689499,0.00899984540045262,0.));
#6774=CARTESIAN_POINT('',(-0.069906412689499,0.00899984540045262,8.67361737988404E-19));
#6775=CARTESIAN_POINT('',(-0.0680171295614123,0.00711053242899475,0.00944498473779461));
#6776=CARTESIAN_POINT('',(-0.0525978292626157,0.00829559232403703,0.0035206763827792));
#6777=CARTESIAN_POINT('',(-0.0359064126894989,1.5459954738617E-07,0.));
#6778=CARTESIAN_POINT('',(-0.0529133971559192,1.5459954738617E-07,0.));
#6779=CARTESIAN_POINT('',(-0.0529133971559192,0.00798003493527024,8.67361737988404E-19));
#6780=CARTESIAN_POINT('',(-0.0529133971559192,-0.00798003493527024,0.));
#6781=CARTESIAN_POINT('',(-0.0359064126894989,0.00798003493527024,0.));
#6782=CARTESIAN_POINT('',(-0.0688866028440808,0.00798003493527025,0.));
#6783=CARTESIAN_POINT('',(-0.0688866028440808,0.0160001545995474,0.));
#6784=CARTESIAN_POINT('',(-0.0688866028440808,-0.00798003493527024,0.));
#6785=CARTESIAN_POINT('',(-0.0359064126894989,-0.00798003493527024,0.));
#6786=CARTESIAN_POINT('',(-0.069906412689499,1.5459954738617E-07,0.));
#6787=CARTESIAN_POINT('',(-0.0528937388091724,0.0160001545995474,0.005));
#6788=CARTESIAN_POINT('',(-0.0689062611908276,0.0160001545995474,0.005));
#6789=CARTESIAN_POINT('',(-0.044906412689499,-0.00701910373758308,0.00480385231739693));
#6790=CARTESIAN_POINT('',(-0.0670728829118673,-0.00616628635329193,0.00906722598837768));
#6791=CARTESIAN_POINT('',(-0.0535420759121608,-0.00735134624833421,0.00314291763336227));
#6792=CARTESIAN_POINT('',(-0.044906412689499,0.00701910373758308,0.00480385231739694));
#6793=CARTESIAN_POINT('',(-0.0535420759121608,0.00735134624833421,0.00314291763336228));
#6794=CARTESIAN_POINT('',(-0.0670728829118673,0.00616628635329193,0.00906722598837768));
#6795=CARTESIAN_POINT('',(-0.0538743137707624,0.0160001545995474,0.00480385529652124));
#6796=CARTESIAN_POINT('',(-0.0679256862292376,0.0160001545995474,0.00480385529652124));
#6797=CARTESIAN_POINT('',(-0.0608997274426278,-0.00300012559071183,-0.001));
#6798=CARTESIAN_POINT('',(-0.0625246590637602,-0.00300012559071183,-0.001));
#6799=CARTESIAN_POINT('',(-0.0625246590637602,-0.00300012559071183,-0.001));
#6800=CARTESIAN_POINT('',(-0.0608997274426278,-0.00300012559071183,-0.001));
#6801=CARTESIAN_POINT('',(-0.0592747958214954,-0.00300012559071183,-0.001));
#6802=CARTESIAN_POINT('',(-0.0592747958214954,-0.00300012559071183,-0.001));
#6803=CARTESIAN_POINT('',(-0.0625246590637602,-0.00231260877269312,-0.001));
#6804=CARTESIAN_POINT('',(-0.0625246590637602,-0.00162509195467441,-0.001));
#6805=CARTESIAN_POINT('',(-0.0625246590637602,-0.00162509195467441,-0.001));
#6806=CARTESIAN_POINT('',(-0.0625246590637602,-0.00231260877269312,-0.001));
#6807=CARTESIAN_POINT('',(-0.0632123226146598,-0.00162509195467441,-0.001));
#6808=CARTESIAN_POINT('',(-0.0638999861655593,-0.00162509195467442,-0.001));
#6809=CARTESIAN_POINT('',(-0.0638999861655593,-0.00162509195467442,-0.001));
#6810=CARTESIAN_POINT('',(-0.0632123226146598,-0.00162509195467441,-0.001));
#6811=CARTESIAN_POINT('',(-0.0638999861655593,-1.60333541998625E-07,-0.001));
#6812=CARTESIAN_POINT('',(-0.0638999861655593,0.00162477128759042,-0.001));
#6813=CARTESIAN_POINT('',(-0.0638999861655593,0.00162477128759042,-0.001));
#6814=CARTESIAN_POINT('',(-0.0638999861655593,-1.60333541998625E-07,-0.001));
#6815=CARTESIAN_POINT('',(-0.0632123226146598,0.00162477128759042,-0.001));
#6816=CARTESIAN_POINT('',(-0.0625246590637602,0.00162477128759042,-0.001));
#6817=CARTESIAN_POINT('',(-0.0625246590637602,0.00162477128759042,-0.001));
#6818=CARTESIAN_POINT('',(-0.0632123226146598,0.00162477128759042,-0.001));
#6819=CARTESIAN_POINT('',(-0.0625246590637602,0.00231244843915113,-0.001));
#6820=CARTESIAN_POINT('',(-0.0625246590637602,0.00300012559071183,-0.001));
#6821=CARTESIAN_POINT('',(-0.0625246590637602,0.00300012559071183,-0.001));
#6822=CARTESIAN_POINT('',(-0.0625246590637602,0.00231244843915113,-0.001));
#6823=CARTESIAN_POINT('',(-0.0608997274426278,0.00300012559071183,-0.001));
#6824=CARTESIAN_POINT('',(-0.0592747958214954,0.00300012559071183,-0.001));
#6825=CARTESIAN_POINT('',(-0.0592747958214954,0.00300012559071183,-0.001));
#6826=CARTESIAN_POINT('',(-0.0608997274426278,0.00300012559071183,-0.001));
#6827=CARTESIAN_POINT('',(-0.0592747958214954,0.00231244843915113,-0.001));
#6828=CARTESIAN_POINT('',(-0.0592747958214954,0.00162477128759042,-0.001));
#6829=CARTESIAN_POINT('',(-0.0592747958214954,0.00162477128759042,-0.001));
#6830=CARTESIAN_POINT('',(-0.0592747958214954,0.00231244843915113,-0.001));
#6831=CARTESIAN_POINT('',(-0.0585872654028155,0.00162477128759042,-0.001));
#6832=CARTESIAN_POINT('',(-0.0578997349841357,0.00162477128759042,-0.001));
#6833=CARTESIAN_POINT('',(-0.0578997349841357,0.00162477128759042,-0.001));
#6834=CARTESIAN_POINT('',(-0.0585872654028155,0.00162477128759042,-0.001));
#6835=CARTESIAN_POINT('',(-0.0578997349841357,-1.60333541998408E-07,-0.001));
#6836=CARTESIAN_POINT('',(-0.0578997349841357,-0.00162509195467441,-0.001));
#6837=CARTESIAN_POINT('',(-0.0578997349841357,-0.00162509195467441,-0.001));
#6838=CARTESIAN_POINT('',(-0.0578997349841357,-1.60333541998408E-07,-0.001));
#6839=CARTESIAN_POINT('',(-0.0585872654028155,-0.00162509195467441,-0.001));
#6840=CARTESIAN_POINT('',(-0.0592747958214954,-0.00162509195467441,-0.001));
#6841=CARTESIAN_POINT('',(-0.0592747958214954,-0.00162509195467441,-0.001));
#6842=CARTESIAN_POINT('',(-0.0585872654028155,-0.00162509195467441,-0.001));
#6843=CARTESIAN_POINT('',(-0.0615246590637602,-0.00131260877269312,-0.001));
#6844=CARTESIAN_POINT('',(-0.0615246590637602,-0.00131260877269312,0.009));
#6845=CARTESIAN_POINT('',(-0.0615246590637602,-0.00200012559071183,0.009));
#6846=CARTESIAN_POINT('',(-0.0615246590637602,-0.000625091954674417,0.009));
#6847=CARTESIAN_POINT('',(-0.0615246590637602,-0.00200012559071183,-0.001));
#6848=CARTESIAN_POINT('',(-0.0615246590637602,-0.00200012559071183,-0.001));
#6849=CARTESIAN_POINT('',(-0.0615246590637602,-0.00131260877269312,-0.001));
#6850=CARTESIAN_POINT('',(-0.0615246590637602,-0.000625091954674417,-0.001));
#6851=CARTESIAN_POINT('',(-0.0615246590637602,-0.000625091954674417,-0.001));
#6852=CARTESIAN_POINT('',(-0.0608997274426278,-0.00200012559071183,-0.001));
#6853=CARTESIAN_POINT('',(-0.0608997274426278,-0.00200012559071183,0.009));
#6854=CARTESIAN_POINT('',(-0.0602747958214954,-0.00200012559071183,0.009));
#6855=CARTESIAN_POINT('',(-0.0602747958214954,-0.00200012559071183,-0.001));
#6856=CARTESIAN_POINT('',(-0.0602747958214954,-0.00200012559071183,-0.001));
#6857=CARTESIAN_POINT('',(-0.0608997274426278,-0.00200012559071183,-0.001));
#6858=CARTESIAN_POINT('',(-0.0602747958214954,-0.00131260877269312,-0.001));
#6859=CARTESIAN_POINT('',(-0.0602747958214954,-0.00131260877269312,0.009));
#6860=CARTESIAN_POINT('',(-0.0602747958214954,-0.000625091954674417,0.009));
#6861=CARTESIAN_POINT('',(-0.0602747958214954,-0.000625091954674417,-0.001));
#6862=CARTESIAN_POINT('',(-0.0602747958214954,-0.000625091954674417,-0.001));
#6863=CARTESIAN_POINT('',(-0.0602747958214954,-0.00131260877269312,-0.001));
#6864=CARTESIAN_POINT('',(-0.0595872654028155,-0.000625091954674417,-0.001));
#6865=CARTESIAN_POINT('',(-0.0595872654028155,-0.000625091954674417,0.009));
#6866=CARTESIAN_POINT('',(-0.0588997349841357,-0.000625091954674417,0.009));
#6867=CARTESIAN_POINT('',(-0.0588997349841357,-0.000625091954674417,-0.001));
#6868=CARTESIAN_POINT('',(-0.0588997349841357,-0.000625091954674417,-0.001));
#6869=CARTESIAN_POINT('',(-0.0595872654028155,-0.000625091954674417,-0.001));
#6870=CARTESIAN_POINT('',(-0.0588997349841357,-1.60333541998408E-07,-0.001));
#6871=CARTESIAN_POINT('',(-0.0588997349841357,-1.60333541998408E-07,0.009));
#6872=CARTESIAN_POINT('',(-0.0588997349841357,0.00062477128759042,0.009));
#6873=CARTESIAN_POINT('',(-0.0588997349841357,0.00062477128759042,-0.001));
#6874=CARTESIAN_POINT('',(-0.0588997349841357,0.00062477128759042,-0.001));
#6875=CARTESIAN_POINT('',(-0.0588997349841357,-1.60333541998408E-07,-0.001));
#6876=CARTESIAN_POINT('',(-0.0595872654028155,0.00062477128759042,-0.001));
#6877=CARTESIAN_POINT('',(-0.0595872654028155,0.00062477128759042,0.009));
#6878=CARTESIAN_POINT('',(-0.0602747958214954,0.00062477128759042,0.009));
#6879=CARTESIAN_POINT('',(-0.0602747958214954,0.00062477128759042,-0.001));
#6880=CARTESIAN_POINT('',(-0.0602747958214954,0.00062477128759042,-0.001));
#6881=CARTESIAN_POINT('',(-0.0595872654028155,0.00062477128759042,-0.001));
#6882=CARTESIAN_POINT('',(-0.0602747958214954,0.00131244843915113,-0.001));
#6883=CARTESIAN_POINT('',(-0.0602747958214954,0.00131244843915113,0.009));
#6884=CARTESIAN_POINT('',(-0.0602747958214954,0.00200012559071183,0.009));
#6885=CARTESIAN_POINT('',(-0.0602747958214954,0.00200012559071183,-0.001));
#6886=CARTESIAN_POINT('',(-0.0602747958214954,0.00200012559071183,-0.001));
#6887=CARTESIAN_POINT('',(-0.0602747958214954,0.00131244843915113,-0.001));
#6888=CARTESIAN_POINT('',(-0.0608997274426278,0.00200012559071183,-0.001));
#6889=CARTESIAN_POINT('',(-0.0608997274426278,0.00200012559071183,0.009));
#6890=CARTESIAN_POINT('',(-0.0615246590637602,0.00200012559071183,0.009));
#6891=CARTESIAN_POINT('',(-0.0615246590637602,0.00200012559071183,-0.001));
#6892=CARTESIAN_POINT('',(-0.0615246590637602,0.00200012559071183,-0.001));
#6893=CARTESIAN_POINT('',(-0.0608997274426278,0.00200012559071183,-0.001));
#6894=CARTESIAN_POINT('',(-0.0615246590637602,0.00131244843915113,-0.001));
#6895=CARTESIAN_POINT('',(-0.0615246590637602,0.00131244843915113,0.009));
#6896=CARTESIAN_POINT('',(-0.0615246590637602,0.00062477128759042,0.009));
#6897=CARTESIAN_POINT('',(-0.0615246590637602,0.00062477128759042,-0.001));
#6898=CARTESIAN_POINT('',(-0.0615246590637602,0.00062477128759042,-0.001));
#6899=CARTESIAN_POINT('',(-0.0615246590637602,0.00131244843915113,-0.001));
#6900=CARTESIAN_POINT('',(-0.0622123226146598,0.00062477128759042,-0.001));
#6901=CARTESIAN_POINT('',(-0.0622123226146598,0.00062477128759042,0.009));
#6902=CARTESIAN_POINT('',(-0.0628999861655593,0.00062477128759042,0.009));
#6903=CARTESIAN_POINT('',(-0.0628999861655593,0.00062477128759042,-0.001));
#6904=CARTESIAN_POINT('',(-0.0628999861655593,0.00062477128759042,-0.001));
#6905=CARTESIAN_POINT('',(-0.0622123226146598,0.00062477128759042,-0.001));
#6906=CARTESIAN_POINT('',(-0.0628999861655593,-1.60333541998625E-07,-0.001));
#6907=CARTESIAN_POINT('',(-0.0628999861655593,-1.60333541998625E-07,0.009));
#6908=CARTESIAN_POINT('',(-0.0628999861655593,-0.000625091954674417,0.009));
#6909=CARTESIAN_POINT('',(-0.0628999861655593,-0.000625091954674417,-0.001));
#6910=CARTESIAN_POINT('',(-0.0628999861655593,-0.000625091954674417,-0.001));
#6911=CARTESIAN_POINT('',(-0.0628999861655593,-1.60333541998625E-07,-0.001));
#6912=CARTESIAN_POINT('',(-0.0622123226146598,-0.000625091954674417,-0.001));
#6913=CARTESIAN_POINT('',(-0.0622123226146598,-0.000625091954674417,0.009));
#6914=CARTESIAN_POINT('',(-0.0622123226146598,-0.000625091954674417,-0.001));
#6915=CARTESIAN_POINT('',(-0.0592747958214954,-0.00231260877269312,-0.001));
#6916=CARTESIAN_POINT('',(-0.0592747958214954,-0.00231260877269312,-0.001));
#6917=CARTESIAN_POINT('',(-0.0609,0.,-0.001));
#6918=CARTESIAN_POINT('',(-0.0359064126894989,1.5459954738617E-07,0.009));
#6919=MECHANICAL_DESIGN_GEOMETRIC_PRESENTATION_REPRESENTATION('',(#4263),#6922);
#6920=MECHANICAL_DESIGN_GEOMETRIC_PRESENTATION_REPRESENTATION('',(#4264),#6923);
#6921=MECHANICAL_DESIGN_GEOMETRIC_PRESENTATION_REPRESENTATION('',(#4265),#6924);
#6922=(
GEOMETRIC_REPRESENTATION_CONTEXT(3)
GLOBAL_UNCERTAINTY_ASSIGNED_CONTEXT((#6925))
GLOBAL_UNIT_ASSIGNED_CONTEXT((#6934,#6931,#6928))
REPRESENTATION_CONTEXT('Part 2','TOP_LEVEL_ASSEMBLY_PART')
);
#6923=(
GEOMETRIC_REPRESENTATION_CONTEXT(3)
GLOBAL_UNCERTAINTY_ASSIGNED_CONTEXT((#6926))
GLOBAL_UNIT_ASSIGNED_CONTEXT((#6935,#6932,#6929))
REPRESENTATION_CONTEXT('Part 3','TOP_LEVEL_ASSEMBLY_PART')
);
#6924=(
GEOMETRIC_REPRESENTATION_CONTEXT(3)
GLOBAL_UNCERTAINTY_ASSIGNED_CONTEXT((#6927))
GLOBAL_UNIT_ASSIGNED_CONTEXT((#6936,#6933,#6930))
REPRESENTATION_CONTEXT('Part 1','TOP_LEVEL_ASSEMBLY_PART')
);
#6925=UNCERTAINTY_MEASURE_WITH_UNIT(LENGTH_MEASURE(1.E-08),#6934,'DISTANCE_ACCURACY_VALUE','Maximum Tolerance applied to model');
#6926=UNCERTAINTY_MEASURE_WITH_UNIT(LENGTH_MEASURE(2.E-05),#6935,'DISTANCE_ACCURACY_VALUE','Maximum Tolerance applied to model');
#6927=UNCERTAINTY_MEASURE_WITH_UNIT(LENGTH_MEASURE(1.E-08),#6936,'DISTANCE_ACCURACY_VALUE','Maximum Tolerance applied to model');
#6928=(
NAMED_UNIT(*)
SI_UNIT($,.STERADIAN.)
SOLID_ANGLE_UNIT()
);
#6929=(
NAMED_UNIT(*)
SI_UNIT($,.STERADIAN.)
SOLID_ANGLE_UNIT()
);
#6930=(
NAMED_UNIT(*)
SI_UNIT($,.STERADIAN.)
SOLID_ANGLE_UNIT()
);
#6931=(
NAMED_UNIT(*)
PLANE_ANGLE_UNIT()
SI_UNIT($,.RADIAN.)
);
#6932=(
NAMED_UNIT(*)
PLANE_ANGLE_UNIT()
SI_UNIT($,.RADIAN.)
);
#6933=(
NAMED_UNIT(*)
PLANE_ANGLE_UNIT()
SI_UNIT($,.RADIAN.)
);
#6934=(
LENGTH_UNIT()
NAMED_UNIT(*)
SI_UNIT($,.METRE.)
);
#6935=(
LENGTH_UNIT()
NAMED_UNIT(*)
SI_UNIT($,.METRE.)
);
#6936=(
LENGTH_UNIT()
NAMED_UNIT(*)
SI_UNIT($,.METRE.)
);
#6937=PRODUCT_DEFINITION_SHAPE('','',#6940);
#6938=PRODUCT_DEFINITION_SHAPE('','',#6941);
#6939=PRODUCT_DEFINITION_SHAPE('','',#6942);
#6940=PRODUCT_DEFINITION('','',#6946,#6943);
#6941=PRODUCT_DEFINITION('','',#6947,#6944);
#6942=PRODUCT_DEFINITION('','',#6948,#6945);
#6943=PRODUCT_DEFINITION_CONTEXT('',#6964,'design');
#6944=PRODUCT_DEFINITION_CONTEXT('',#6965,'design');
#6945=PRODUCT_DEFINITION_CONTEXT('',#6966,'design');
#6946=PRODUCT_DEFINITION_FORMATION_WITH_SPECIFIED_SOURCE('','',#6952,.NOT_KNOWN.);
#6947=PRODUCT_DEFINITION_FORMATION_WITH_SPECIFIED_SOURCE('','',#6953,.NOT_KNOWN.);
#6948=PRODUCT_DEFINITION_FORMATION_WITH_SPECIFIED_SOURCE('','',#6954,.NOT_KNOWN.);
#6949=PRODUCT_RELATED_PRODUCT_CATEGORY('','',(#6952));
#6950=PRODUCT_RELATED_PRODUCT_CATEGORY('','',(#6953));
#6951=PRODUCT_RELATED_PRODUCT_CATEGORY('','',(#6954));
#6952=PRODUCT('Part 2','Part 2','Part 2',(#6958));
#6953=PRODUCT('Part 3','Part 3','Part 3',(#6959));
#6954=PRODUCT('Part 1','Part 1','Part 1',(#6960));
#6955=PRODUCT_CATEGORY('','');
#6956=PRODUCT_CATEGORY('','');
#6957=PRODUCT_CATEGORY('','');
#6958=PRODUCT_CONTEXT('',#6964,'mechanical');
#6959=PRODUCT_CONTEXT('',#6965,'mechanical');
#6960=PRODUCT_CONTEXT('',#6966,'mechanical');
#6961=APPLICATION_PROTOCOL_DEFINITION('international standard','ap242_managed_model_based_3d_engineering',2020,#6964);
#6962=APPLICATION_PROTOCOL_DEFINITION('international standard','ap242_managed_model_based_3d_engineering',2020,#6965);
#6963=APPLICATION_PROTOCOL_DEFINITION('international standard','ap242_managed_model_based_3d_engineering',2020,#6966);
#6964=APPLICATION_CONTEXT('managed model based 3d engineering');
#6965=APPLICATION_CONTEXT('managed model based 3d engineering');
#6966=APPLICATION_CONTEXT('managed model based 3d engineering');
ENDSEC;
END-ISO-10303-21;
